uid,namedLocation,domainID,siteID,plotID,date,editedDate,dayOfYear,individualID,phenophaseName,phenophaseStatus,phenophaseIntensityDefinition,phenophaseIntensity,samplingProtocolVersion,measuredBy,recordedBy,remarks,dataQF
"0ee3b4f6-9023-44c4-90c1-b2ba355939ae","SCBI_060.phenology.phe","D02","SCBI","SCBI_060","2017-12-06","2017-12-06",340,"NEON.PLA.D02.SCBI.06055","Open flowers","no","Percentage of all fresh flowers (buds plus unopened plus open) on the plant that are open",,"NEON.DOC.014040vH","llemmon@field-ops.org","imatlock@field-ops.org",,
"86ec1667-b694-4877-af2f-507ad39142ec","SCBI_060.phenology.phe","D02","SCBI","SCBI_060","2017-12-06","2017-12-06",340,"NEON.PLA.D02.SCBI.06075","Colored leaves","no","Percentage of the canopy that is full with colored leaves",,"NEON.DOC.014040vH","llemmon@field-ops.org","imatlock@field-ops.org","Seasonal dropped",
"fd556a16-9655-42a2-809d-f35ea07e2be7","SCBI_060.phenology.phe","D02","SCBI","SCBI_060","2017-12-06","2017-12-06",340,"NEON.PLA.D02.SCBI.06079","Breaking leaf buds","no","Number of breaking buds",,"NEON.DOC.014040vH","llemmon@field-ops.org","imatlock@field-ops.org","Seasonal drop",
"aa2bbb5e-5db8-4a8d-ba5a-46ad760b1020","SCBI_060.phenology.phe","D02","SCBI","SCBI_060","2017-12-06","2017-12-06",340,"NEON.PLA.D02.SCBI.06054","Increasing leaf size","no","Percentage of full size of most leaves",,"NEON.DOC.014040vH","llemmon@field-ops.org","imatlock@field-ops.org",,
"ae8015d1-44b9-45ea-b26c-a7e1a730ae8c","SCBI_060.phenology.phe","D02","SCBI","SCBI_060","2017-12-06","2017-12-06",340,"NEON.PLA.D02.SCBI.06061","Open flowers","no","Percentage of all fresh flowers (buds plus unopened plus open) on the plant that are open",,"NEON.DOC.014040vH","llemmon@field-ops.org","imatlock@field-ops.org",,
"53cb9378-2380-4a5b-bdd3-2aabd4d85726","SCBI_060.phenology.phe","D02","SCBI","SCBI_060","2017-12-06","2017-12-06",340,"NEON.PLA.D02.SCBI.06073","Colored leaves","yes","Percentage of the canopy that is full with colored leaves","< 5%","NEON.DOC.014040vH","llemmon@field-ops.org","imatlock@field-ops.org",,
"413458ca-171f-4535-8048-74dbf95db3f4","SCBI_060.phenology.phe","D02","SCBI","SCBI_060","2017-12-06","2017-12-06",340,"NEON.PLA.D02.SCBI.06073","Falling leaves","yes",,,"NEON.DOC.014040vH","llemmon@field-ops.org","imatlock@field-ops.org",,
"1731df32-43a5-4d1a-bf3f-4b1562a8790e","SCBI_060.phenology.phe","D02","SCBI","SCBI_060","2017-12-06","2017-12-06",340,"NEON.PLA.D02.SCBI.06075","Falling leaves","no",,,"NEON.DOC.014040vH","llemmon@field-ops.org","imatlock@field-ops.org","Seasonal dropped",
"bfbdbdb0-6e31-4db5-a5b7-919e97b64c95","SCBI_060.phenology.phe","D02","SCBI","SCBI_060","2017-12-06","2017-12-06",340,"NEON.PLA.D02.SCBI.06073","Open flowers","no","Percentage of all fresh flowers (buds plus unopened plus open) on the plant that are open",,"NEON.DOC.014040vH","llemmon@field-ops.org","imatlock@field-ops.org",,
"476c4f6e-6b42-4632-9e5e-c6d5606401d4","SCBI_060.phenology.phe","D02","SCBI","SCBI_060","2017-12-06","2017-12-06",340,"NEON.PLA.D02.SCBI.06079","Open flowers","no","Percentage of all fresh flowers (buds plus unopened plus open) on the plant that are open",,"NEON.DOC.014040vH","llemmon@field-ops.org","imatlock@field-ops.org","Seasonal drop",
"8e5838ef-26cf-445a-804b-bcd1312a300b","SCBI_060.phenology.phe","D02","SCBI","SCBI_060","2017-12-06","2017-12-06",340,"NEON.PLA.D02.SCBI.06054","Colored leaves","yes","Percentage of the canopy that is full with colored leaves","< 5%","NEON.DOC.014040vH","llemmon@field-ops.org","imatlock@field-ops.org",,
"2473ba32-91bf-473f-b510-db8911c9be34","SCBI_060.phenology.phe","D02","SCBI","SCBI_060","2017-12-06","2017-12-06",340,"NEON.PLA.D02.SCBI.06055","Colored leaves","yes","Percentage of the canopy that is full with colored leaves","< 5%","NEON.DOC.014040vH","llemmon@field-ops.org","imatlock@field-ops.org",,
"0f0ff4a8-4b13-4916-95ce-4e1a265512b9","SCBI_060.phenology.phe","D02","SCBI","SCBI_060","2017-12-06","2017-12-06",340,"NEON.PLA.D02.SCBI.06075","Breaking leaf buds","no","Number of breaking buds",,"NEON.DOC.014040vH","llemmon@field-ops.org","imatlock@field-ops.org","Seasonal dropped",
"28e2b389-fd8c-4aa6-91cd-c7654140acaf","SCBI_060.phenology.phe","D02","SCBI","SCBI_060","2017-12-06","2017-12-06",340,"NEON.PLA.D02.SCBI.06054","Breaking leaf buds","no","Number of breaking buds",,"NEON.DOC.014040vH","llemmon@field-ops.org","imatlock@field-ops.org",,
"34daa74f-bf1a-49d9-8bef-0a0b349f2c6e","SCBI_060.phenology.phe","D02","SCBI","SCBI_060","2017-12-06","2017-12-06",340,"NEON.PLA.D02.SCBI.06055","Leaves","yes","Percentage of the canopy that is full with leaves","< 5%","NEON.DOC.014040vH","llemmon@field-ops.org","imatlock@field-ops.org",,
"14980624-fa7e-40c6-90ca-c8ccad964d33","SCBI_060.phenology.phe","D02","SCBI","SCBI_060","2017-12-06","2017-12-06",340,"NEON.PLA.D02.SCBI.06055","Breaking leaf buds","no","Number of breaking buds",,"NEON.DOC.014040vH","llemmon@field-ops.org","imatlock@field-ops.org",,
"7adf115e-606d-458a-9f0c-5c422004e635","SCBI_060.phenology.phe","D02","SCBI","SCBI_060","2017-12-06","2017-12-06",340,"NEON.PLA.D02.SCBI.06055","Falling leaves","yes",,,"NEON.DOC.014040vH","llemmon@field-ops.org","imatlock@field-ops.org",,
"f24d598a-7965-4eb5-95e9-e341b8679dbb","SCBI_060.phenology.phe","D02","SCBI","SCBI_060","2017-12-06","2017-12-06",340,"NEON.PLA.D02.SCBI.06079","Colored leaves","no","Percentage of the canopy that is full with colored leaves",,"NEON.DOC.014040vH","llemmon@field-ops.org","imatlock@field-ops.org","Seasonal drop",
"e5085b7c-6850-4403-b5ae-5449d8f0ad64","SCBI_060.phenology.phe","D02","SCBI","SCBI_060","2017-12-06","2017-12-06",340,"NEON.PLA.D02.SCBI.06075","Leaves","no","Percentage of the canopy that is full with leaves",,"NEON.DOC.014040vH","llemmon@field-ops.org","imatlock@field-ops.org","Seasonal dropped",
"155da7c6-3d59-46ae-9585-56b22ccfd546","SCBI_060.phenology.phe","D02","SCBI","SCBI_060","2017-12-06","2017-12-06",340,"NEON.PLA.D02.SCBI.06061","Colored leaves","yes","Percentage of the canopy that is full with colored leaves","< 5%","NEON.DOC.014040vH","llemmon@field-ops.org","imatlock@field-ops.org",,
"d4b61853-80e0-4c5b-a74d-7a3048519a1f","SCBI_060.phenology.phe","D02","SCBI","SCBI_060","2017-12-06","2017-12-06",340,"NEON.PLA.D02.SCBI.06073","Breaking leaf buds","no","Number of breaking buds",,"NEON.DOC.014040vH","llemmon@field-ops.org","imatlock@field-ops.org",,
"e2a6600c-570d-4ead-a435-cd8214928ad9","SCBI_060.phenology.phe","D02","SCBI","SCBI_060","2017-12-06","2017-12-06",340,"NEON.PLA.D02.SCBI.06055","Increasing leaf size","no","Percentage of full size of most leaves",,"NEON.DOC.014040vH","llemmon@field-ops.org","imatlock@field-ops.org",,
"58d1d904-b4b8-4349-ae3f-3f9becd62072","SCBI_060.phenology.phe","D02","SCBI","SCBI_060","2017-12-06","2017-12-06",340,"NEON.PLA.D02.SCBI.06079","Increasing leaf size","no","Percentage of full size of most leaves",,"NEON.DOC.014040vH","llemmon@field-ops.org","imatlock@field-ops.org","Seasonal drop",
"18adb6ee-ef47-4fff-b663-0d85f8a96e4d","SCBI_060.phenology.phe","D02","SCBI","SCBI_060","2017-12-06","2017-12-06",340,"NEON.PLA.D02.SCBI.06139","Colored leaves","yes","Percentage of the canopy that is full with colored leaves","< 5%","NEON.DOC.014040vH","llemmon@field-ops.org","imatlock@field-ops.org",,
"71bdc45d-ac70-4bee-9552-7344b5673994","SCBI_060.phenology.phe","D02","SCBI","SCBI_060","2017-12-06","2017-12-06",340,"NEON.PLA.D02.SCBI.06061","Falling leaves","yes",,,"NEON.DOC.014040vH","llemmon@field-ops.org","imatlock@field-ops.org",,
"9e16e4a1-cb83-4904-a446-e38c1a66acdf","SCBI_060.phenology.phe","D02","SCBI","SCBI_060","2017-12-06","2017-12-06",340,"NEON.PLA.D02.SCBI.06075","Open flowers","no","Percentage of all fresh flowers (buds plus unopened plus open) on the plant that are open",,"NEON.DOC.014040vH","llemmon@field-ops.org","imatlock@field-ops.org","Seasonal dropped",
"2bf44c63-428e-4cf6-a80a-b20a7f28b54e","SCBI_060.phenology.phe","D02","SCBI","SCBI_060","2017-12-06","2017-12-06",340,"NEON.PLA.D02.SCBI.06061","Breaking leaf buds","no","Number of breaking buds",,"NEON.DOC.014040vH","llemmon@field-ops.org","imatlock@field-ops.org",,
"141d5c9c-1466-4c09-b321-7f11dbc9d6bb","SCBI_060.phenology.phe","D02","SCBI","SCBI_060","2017-12-06","2017-12-06",340,"NEON.PLA.D02.SCBI.06073","Leaves","yes","Percentage of the canopy that is full with leaves","< 5%","NEON.DOC.014040vH","llemmon@field-ops.org","imatlock@field-ops.org",,
"8a2bed55-a84e-4f1f-a01c-3b679f08b112","SCBI_060.phenology.phe","D02","SCBI","SCBI_060","2017-12-06","2017-12-06",340,"NEON.PLA.D02.SCBI.06079","Falling leaves","no",,,"NEON.DOC.014040vH","llemmon@field-ops.org","imatlock@field-ops.org","Seasonal drop",
"6707ac67-4af0-4430-89ec-7620378f9c34","SCBI_060.phenology.phe","D02","SCBI","SCBI_060","2017-12-06","2017-12-06",340,"NEON.PLA.D02.SCBI.06054","Falling leaves","yes",,,"NEON.DOC.014040vH","llemmon@field-ops.org","imatlock@field-ops.org",,
"46383f75-f453-46a9-8e40-929fba413bf5","SCBI_060.phenology.phe","D02","SCBI","SCBI_060","2017-12-06","2017-12-06",340,"NEON.PLA.D02.SCBI.06139","Falling leaves","yes",,,"NEON.DOC.014040vH","llemmon@field-ops.org","imatlock@field-ops.org",,
"27c15922-ba99-498d-bb89-b93e67022dcd","SCBI_060.phenology.phe","D02","SCBI","SCBI_060","2017-12-06","2017-12-06",340,"NEON.PLA.D02.SCBI.06073","Increasing leaf size","no","Percentage of full size of most leaves",,"NEON.DOC.014040vH","llemmon@field-ops.org","imatlock@field-ops.org",,
"64f7b627-2268-49e9-a1d2-602a497c4f20","SCBI_060.phenology.phe","D02","SCBI","SCBI_060","2017-12-06","2017-12-06",340,"NEON.PLA.D02.SCBI.06061","Leaves","yes","Percentage of the canopy that is full with leaves","< 5%","NEON.DOC.014040vH","llemmon@field-ops.org","imatlock@field-ops.org",,
"1f8c823e-08d6-4c23-a68b-bb6f840dc69d","SCBI_060.phenology.phe","D02","SCBI","SCBI_060","2017-12-06","2017-12-06",340,"NEON.PLA.D02.SCBI.06054","Open flowers","no","Percentage of all fresh flowers (buds plus unopened plus open) on the plant that are open",,"NEON.DOC.014040vH","llemmon@field-ops.org","imatlock@field-ops.org",,
"5a5d9ea8-6ef1-43e7-9cb8-9ec37b6ec86d","SCBI_060.phenology.phe","D02","SCBI","SCBI_060","2017-12-06","2017-12-06",340,"NEON.PLA.D02.SCBI.06061","Increasing leaf size","no","Percentage of full size of most leaves",,"NEON.DOC.014040vH","llemmon@field-ops.org","imatlock@field-ops.org",,
"61a6fc6a-f48c-432a-88b4-555a96af46b0","SCBI_060.phenology.phe","D02","SCBI","SCBI_060","2017-12-06","2017-12-06",340,"NEON.PLA.D02.SCBI.06139","Increasing leaf size","no","Percentage of full size of most leaves",,"NEON.DOC.014040vH","llemmon@field-ops.org","imatlock@field-ops.org",,
"91be9d61-baaa-4eb1-af25-42db8706aba7","SCBI_060.phenology.phe","D02","SCBI","SCBI_060","2017-12-06","2017-12-06",340,"NEON.PLA.D02.SCBI.06075","Increasing leaf size","no","Percentage of full size of most leaves",,"NEON.DOC.014040vH","llemmon@field-ops.org","imatlock@field-ops.org","Seasonal dropped",
"bd52a9d2-d0f7-4229-b157-62f73bdc3e3f","SCBI_060.phenology.phe","D02","SCBI","SCBI_060","2017-12-06","2017-12-06",340,"NEON.PLA.D02.SCBI.06139","Leaves","yes","Percentage of the canopy that is full with leaves","< 5%","NEON.DOC.014040vH","llemmon@field-ops.org","imatlock@field-ops.org",,
"884b6c9b-17b3-4ea2-b518-ffd3c4b9e1b3","SCBI_060.phenology.phe","D02","SCBI","SCBI_060","2017-12-06","2017-12-06",340,"NEON.PLA.D02.SCBI.06139","Open flowers","no","Percentage of all fresh flowers (buds plus unopened plus open) on the plant that are open",,"NEON.DOC.014040vH","llemmon@field-ops.org","imatlock@field-ops.org",,
"3e96f371-28de-401b-9894-28f642e56fe9","SCBI_060.phenology.phe","D02","SCBI","SCBI_060","2017-12-06","2017-12-06",340,"NEON.PLA.D02.SCBI.06079","Leaves","no","Percentage of the canopy that is full with leaves",,"NEON.DOC.014040vH","llemmon@field-ops.org","imatlock@field-ops.org","Seasonal drop",
"aae81d69-3f15-4433-9aeb-a51c8fd37440","SCBI_060.phenology.phe","D02","SCBI","SCBI_060","2017-12-06","2017-12-06",340,"NEON.PLA.D02.SCBI.06054","Leaves","yes","Percentage of the canopy that is full with leaves","< 5%","NEON.DOC.014040vH","llemmon@field-ops.org","imatlock@field-ops.org",,
"6010514d-97bb-469b-912f-bdf93967b1de","SCBI_060.phenology.phe","D02","SCBI","SCBI_060","2017-12-06","2017-12-06",340,"NEON.PLA.D02.SCBI.06139","Breaking leaf buds","no","Number of breaking buds",,"NEON.DOC.014040vH","llemmon@field-ops.org","imatlock@field-ops.org",,
"1c036e37-8fd3-4417-8971-328baeed79e7","SCBI_060.phenology.phe","D02","SCBI","SCBI_060","2017-12-12","2017-12-12",346,"NEON.PLA.D02.SCBI.06054","Leaves","yes","Percentage of the canopy that is full with leaves","< 5%","NEON.DOC.014040vH","imatlock@field-ops.org","gchapman@neoninc.org",,
"6d9d0a3b-16a3-465b-8ca6-db9eac452114","SCBI_060.phenology.phe","D02","SCBI","SCBI_060","2017-12-12","2017-12-12",346,"NEON.PLA.D02.SCBI.06054","Open flowers","no","Percentage of all fresh flowers (buds plus unopened plus open) on the plant that are open",,"NEON.DOC.014040vH","imatlock@field-ops.org","gchapman@neoninc.org",,
"22917b06-5094-45f8-a129-24d36a1d5393","SCBI_060.phenology.phe","D02","SCBI","SCBI_060","2017-12-12","2017-12-12",346,"NEON.PLA.D02.SCBI.06073","Breaking leaf buds","no","Number of breaking buds",,"NEON.DOC.014040vH","imatlock@field-ops.org","gchapman@neoninc.org",,
"ee129a63-0ccd-4614-961f-4295c1f88a56","SCBI_060.phenology.phe","D02","SCBI","SCBI_060","2017-12-12","2017-12-12",346,"NEON.PLA.D02.SCBI.06073","Open flowers","no","Percentage of all fresh flowers (buds plus unopened plus open) on the plant that are open",,"NEON.DOC.014040vH","imatlock@field-ops.org","gchapman@neoninc.org",,
"997520a7-3f9a-4a50-8f9e-de220e5995c0","SCBI_060.phenology.phe","D02","SCBI","SCBI_060","2017-12-12","2017-12-12",346,"NEON.PLA.D02.SCBI.06055","Falling leaves","no",,,"NEON.DOC.014040vH","imatlock@field-ops.org","gchapman@neoninc.org","Seasonally dropped",
"525df4ff-f6d2-4bfa-91c3-6ad3257588bb","SCBI_060.phenology.phe","D02","SCBI","SCBI_060","2017-12-12","2017-12-12",346,"NEON.PLA.D02.SCBI.06073","Increasing leaf size","no","Percentage of full size of most leaves",,"NEON.DOC.014040vH","imatlock@field-ops.org","gchapman@neoninc.org",,
"2d21e74b-bc3b-43d8-8a28-8fc1a7aa2a3b","SCBI_060.phenology.phe","D02","SCBI","SCBI_060","2017-12-12","2017-12-12",346,"NEON.PLA.D02.SCBI.06061","Leaves","yes","Percentage of the canopy that is full with leaves","< 5%","NEON.DOC.014040vH","imatlock@field-ops.org","gchapman@neoninc.org",,
"99abeb29-f70b-4a98-8d62-13e4e0bbfec3","SCBI_060.phenology.phe","D02","SCBI","SCBI_060","2017-12-12","2017-12-12",346,"NEON.PLA.D02.SCBI.06139","Falling leaves","no",,,"NEON.DOC.014040vH","imatlock@field-ops.org","gchapman@neoninc.org","Seasonally dropped",
"08994bfb-1051-4236-a196-8297bfaf10ca","SCBI_060.phenology.phe","D02","SCBI","SCBI_060","2017-12-12","2017-12-12",346,"NEON.PLA.D02.SCBI.06139","Breaking leaf buds","no","Number of breaking buds",,"NEON.DOC.014040vH","imatlock@field-ops.org","gchapman@neoninc.org","Seasonally dropped",
"5e19b204-63f7-42cb-9dfc-1879d4be37b5","SCBI_060.phenology.phe","D02","SCBI","SCBI_060","2017-12-12","2017-12-12",346,"NEON.PLA.D02.SCBI.06061","Breaking leaf buds","no","Number of breaking buds",,"NEON.DOC.014040vH","imatlock@field-ops.org","gchapman@neoninc.org",,
"a1a696f5-ac3d-4984-942a-f5747a7e6b61","SCBI_060.phenology.phe","D02","SCBI","SCBI_060","2017-12-12","2017-12-12",346,"NEON.PLA.D02.SCBI.06073","Leaves","yes","Percentage of the canopy that is full with leaves","< 5%","NEON.DOC.014040vH","imatlock@field-ops.org","gchapman@neoninc.org",,
"3ea4ecab-3563-4184-82af-1177f2bb4630","SCBI_060.phenology.phe","D02","SCBI","SCBI_060","2017-12-12","2017-12-12",346,"NEON.PLA.D02.SCBI.06061","Open flowers","no","Percentage of all fresh flowers (buds plus unopened plus open) on the plant that are open",,"NEON.DOC.014040vH","imatlock@field-ops.org","gchapman@neoninc.org",,
"ea2a9d05-8620-472e-b6c4-dc77123f4a8e","SCBI_060.phenology.phe","D02","SCBI","SCBI_060","2017-12-12","2017-12-12",346,"NEON.PLA.D02.SCBI.06054","Increasing leaf size","no","Percentage of full size of most leaves",,"NEON.DOC.014040vH","imatlock@field-ops.org","gchapman@neoninc.org",,
"3d87d756-fee3-4b23-80c8-9c4255a4e178","SCBI_060.phenology.phe","D02","SCBI","SCBI_060","2017-12-12","2017-12-12",346,"NEON.PLA.D02.SCBI.06139","Open flowers","no","Percentage of all fresh flowers (buds plus unopened plus open) on the plant that are open",,"NEON.DOC.014040vH","imatlock@field-ops.org","gchapman@neoninc.org","Seasonally dropped",
"6ea7878c-7c2d-4c73-ba0a-6bb7cee20eeb","SCBI_060.phenology.phe","D02","SCBI","SCBI_060","2017-12-12","2017-12-12",346,"NEON.PLA.D02.SCBI.06054","Colored leaves","yes","Percentage of the canopy that is full with colored leaves","< 5%","NEON.DOC.014040vH","imatlock@field-ops.org","gchapman@neoninc.org",,
"04f25023-5774-44e4-acac-8a825ea0ea6c","SCBI_060.phenology.phe","D02","SCBI","SCBI_060","2017-12-12","2017-12-12",346,"NEON.PLA.D02.SCBI.06055","Leaves","no","Percentage of the canopy that is full with leaves",,"NEON.DOC.014040vH","imatlock@field-ops.org","gchapman@neoninc.org","Seasonally dropped",
"87392848-2f76-48fe-933c-515465d04d9b","SCBI_060.phenology.phe","D02","SCBI","SCBI_060","2017-12-12","2017-12-12",346,"NEON.PLA.D02.SCBI.06055","Colored leaves","no","Percentage of the canopy that is full with colored leaves",,"NEON.DOC.014040vH","imatlock@field-ops.org","gchapman@neoninc.org","Seasonally dropped",
"440aab4b-da28-4cad-84d3-eba1db9e69a5","SCBI_060.phenology.phe","D02","SCBI","SCBI_060","2017-12-12","2017-12-12",346,"NEON.PLA.D02.SCBI.06061","Colored leaves","yes","Percentage of the canopy that is full with colored leaves","< 5%","NEON.DOC.014040vH","imatlock@field-ops.org","gchapman@neoninc.org",,
"081bd057-f620-48e6-8256-8930ca38ab99","SCBI_060.phenology.phe","D02","SCBI","SCBI_060","2017-12-12","2017-12-12",346,"NEON.PLA.D02.SCBI.06139","Colored leaves","no","Percentage of the canopy that is full with colored leaves",,"NEON.DOC.014040vH","imatlock@field-ops.org","gchapman@neoninc.org","Seasonally dropped",
"3d3d9654-f572-4d64-b5ed-30cd2021bfa0","SCBI_060.phenology.phe","D02","SCBI","SCBI_060","2017-12-12","2017-12-12",346,"NEON.PLA.D02.SCBI.06061","Increasing leaf size","no","Percentage of full size of most leaves",,"NEON.DOC.014040vH","imatlock@field-ops.org","gchapman@neoninc.org",,
"a125e47a-1611-4f79-a301-6a6b7a5f9fcc","SCBI_060.phenology.phe","D02","SCBI","SCBI_060","2017-12-12","2017-12-12",346,"NEON.PLA.D02.SCBI.06054","Falling leaves","yes",,,"NEON.DOC.014040vH","imatlock@field-ops.org","gchapman@neoninc.org",,
"091552de-3fa6-422b-a200-898a458c2efe","SCBI_060.phenology.phe","D02","SCBI","SCBI_060","2017-12-12","2017-12-12",346,"NEON.PLA.D02.SCBI.06054","Breaking leaf buds","no","Number of breaking buds",,"NEON.DOC.014040vH","imatlock@field-ops.org","gchapman@neoninc.org",,
"c104e8b9-f8d3-4501-a1ac-9933074b85b2","SCBI_060.phenology.phe","D02","SCBI","SCBI_060","2017-12-12","2017-12-12",346,"NEON.PLA.D02.SCBI.06073","Falling leaves","yes",,,"NEON.DOC.014040vH","imatlock@field-ops.org","gchapman@neoninc.org",,
"b8dc2087-4bc8-45ff-8706-622d5a7de25a","SCBI_060.phenology.phe","D02","SCBI","SCBI_060","2017-12-12","2017-12-12",346,"NEON.PLA.D02.SCBI.06061","Falling leaves","yes",,,"NEON.DOC.014040vH","imatlock@field-ops.org","gchapman@neoninc.org",,
"2b93e878-7c79-4116-99ed-3da6d9aa8cde","SCBI_060.phenology.phe","D02","SCBI","SCBI_060","2017-12-12","2017-12-12",346,"NEON.PLA.D02.SCBI.06055","Open flowers","no","Percentage of all fresh flowers (buds plus unopened plus open) on the plant that are open",,"NEON.DOC.014040vH","imatlock@field-ops.org","gchapman@neoninc.org","Seasonally dropped",
"144aaa26-ca43-48d2-9e6d-934c5c153f99","SCBI_060.phenology.phe","D02","SCBI","SCBI_060","2017-12-12","2017-12-12",346,"NEON.PLA.D02.SCBI.06139","Leaves","no","Percentage of the canopy that is full with leaves",,"NEON.DOC.014040vH","imatlock@field-ops.org","gchapman@neoninc.org","Seasonally dropped",
"138059ee-9ee0-42bf-bf5c-69100f3d7bcb","SCBI_060.phenology.phe","D02","SCBI","SCBI_060","2017-12-12","2017-12-12",346,"NEON.PLA.D02.SCBI.06055","Increasing leaf size","no","Percentage of full size of most leaves",,"NEON.DOC.014040vH","imatlock@field-ops.org","gchapman@neoninc.org","Seasonally dropped",
"69faca99-ab87-47fa-9791-ad3f7bc2155e","SCBI_060.phenology.phe","D02","SCBI","SCBI_060","2017-12-12","2017-12-12",346,"NEON.PLA.D02.SCBI.06055","Breaking leaf buds","no","Number of breaking buds",,"NEON.DOC.014040vH","imatlock@field-ops.org","gchapman@neoninc.org","Seasonally dropped",
"9689c46d-7287-45fe-91f4-4b92395449b4","SCBI_060.phenology.phe","D02","SCBI","SCBI_060","2017-12-12","2017-12-12",346,"NEON.PLA.D02.SCBI.06073","Colored leaves","yes","Percentage of the canopy that is full with colored leaves","< 5%","NEON.DOC.014040vH","imatlock@field-ops.org","gchapman@neoninc.org",,
"eee30e0f-5482-4641-9bd6-b56ff05d8ddb","SCBI_060.phenology.phe","D02","SCBI","SCBI_060","2017-12-12","2017-12-12",346,"NEON.PLA.D02.SCBI.06139","Increasing leaf size","no","Percentage of full size of most leaves",,"NEON.DOC.014040vH","imatlock@field-ops.org","gchapman@neoninc.org","Seasonally dropped",
