uid,namedLocation,domainID,siteID,plotID,date,editedDate,dayOfYear,individualID,phenophaseName,phenophaseStatus,phenophaseIntensityDefinition,phenophaseIntensity,samplingProtocolVersion,measuredBy,recordedBy,remarks,dataQF
"61dd592a-f26a-4bab-9e97-46a8ed231c19","SERC_063.phenology.phe","D02","SERC","SERC_063","2019-12-05","2019-12-05",339,"NEON.PLA.D02.SERC.06555","Increasing leaf size","no","Percentage of full size of most leaves",,"NEON.DOC.014040vL","0000-0003-1337-5330","0000-0003-1337-5330","seasonal drop; only marscesent leaves remaining",
"1f842ba7-1f28-47eb-b22b-e2222ecaa11c","SERC_063.phenology.phe","D02","SERC","SERC_063","2019-12-05","2019-12-05",339,"NEON.PLA.D02.SERC.06562","Breaking leaf buds","no","Number of breaking buds",,"NEON.DOC.014040vL","0000-0003-1337-5330","0000-0003-1337-5330","seasonal drop; only marscesent leaves remaining",
"6ba8a75c-e270-4737-98e8-cc63499e4f39","SERC_072.phenology.phe","D02","SERC","SERC_072","2019-12-05","2019-12-05",339,"NEON.PLA.D02.SERC.06024","Increasing leaf size","no","Percentage of full size of most leaves",,"NEON.DOC.014040vL","0000-0003-1337-5330","0000-0003-1337-5330","seasonal drop",
"270955be-fd98-43a0-8909-7f078a22ceb6","SERC_063.phenology.phe","D02","SERC","SERC_063","2019-12-05","2019-12-05",339,"NEON.PLA.D02.SERC.06515","Leaves","no","Percentage of the canopy that is full with leaves",,"NEON.DOC.014040vL","0000-0003-1337-5330","0000-0003-1337-5330","seasonal drop",
"0e1b9cd8-c190-46c6-ac05-46a25ca1d6e3","SERC_063.phenology.phe","D02","SERC","SERC_063","2019-12-05","2019-12-05",339,"NEON.PLA.D02.SERC.06568","Breaking leaf buds","no","Number of breaking buds",,"NEON.DOC.014040vL","0000-0003-1337-5330","0000-0003-1337-5330","seasonal drop; only marscesent leaves remaining",
"40058512-b3fc-43e0-ae72-e0ae47de143e","SERC_063.phenology.phe","D02","SERC","SERC_063","2019-12-05","2019-12-05",339,"NEON.PLA.D02.SERC.06599","Leaves","no","Percentage of the canopy that is full with leaves",,"NEON.DOC.014040vL","0000-0003-1337-5330","0000-0003-1337-5330","seasonal drop; only marscesent leaves remaining",
"bcce9b14-1d36-4505-87a9-f021c8217656","SERC_063.phenology.phe","D02","SERC","SERC_063","2019-12-05","2019-12-05",339,"NEON.PLA.D02.SERC.06526","Increasing leaf size","no","Percentage of full size of most leaves",,"NEON.DOC.014040vL","0000-0003-1337-5330","0000-0003-1337-5330","seasonal drop",
"ca9514d5-c91f-438c-95a7-9d1694130d37","SERC_063.phenology.phe","D02","SERC","SERC_063","2019-12-05","2019-12-05",339,"NEON.PLA.D02.SERC.06562","Colored leaves","no","Percentage of the canopy that is full with colored leaves",,"NEON.DOC.014040vL","0000-0003-1337-5330","0000-0003-1337-5330","seasonal drop; only marscesent leaves remaining",
"52045452-106b-491b-a890-21ad51685c5e","SERC_063.phenology.phe","D02","SERC","SERC_063","2019-12-05","2019-12-05",339,"NEON.PLA.D02.SERC.06599","Falling leaves","yes",,,"NEON.DOC.014040vL","0000-0003-1337-5330","0000-0003-1337-5330","seasonal drop; only marscesent leaves remaining",
"ae03d063-f4a7-4786-a33b-52e0101f17c8","SERC_063.phenology.phe","D02","SERC","SERC_063","2019-12-05","2019-12-05",339,"NEON.PLA.D02.SERC.06525","Increasing leaf size","no","Percentage of full size of most leaves",,"NEON.DOC.014040vL","0000-0003-1337-5330","0000-0003-1337-5330","seasonal drop; only marscesent leaves remaining",
"96c939db-4458-4f42-bcc3-2c3f14ab0a07","SERC_063.phenology.phe","D02","SERC","SERC_063","2019-12-05","2019-12-05",339,"NEON.PLA.D02.SERC.06600","Falling leaves","yes",,,"NEON.DOC.014040vL","0000-0003-1337-5330","0000-0003-1337-5330","seasonal drop; only marscesent leaves remaining",
"6e54da7a-b216-4fb2-90cb-6873f84f9d8b","SERC_063.phenology.phe","D02","SERC","SERC_063","2019-12-05","2019-12-05",339,"NEON.PLA.D02.SERC.06586","Colored leaves","no","Percentage of the canopy that is full with colored leaves",,"NEON.DOC.014040vL","0000-0003-1337-5330","0000-0003-1337-5330","seasonal drop; only marscesent leaves remaining",
"561045c1-ca6e-4fcd-aec8-f618a01850b4","SERC_063.phenology.phe","D02","SERC","SERC_063","2019-12-05","2019-12-05",339,"NEON.PLA.D02.SERC.06593","Open flowers","no","Percentage of all fresh flowers (buds plus unopened plus open on the plant that are open",,"NEON.DOC.014040vL","0000-0003-1337-5330","0000-0003-1337-5330","seasonal drop; only marscesent leaves remaining",
"23ef8005-b92c-45a1-b92e-0a8daa9c14e5","SERC_063.phenology.phe","D02","SERC","SERC_063","2019-12-05","2019-12-05",339,"NEON.PLA.D02.SERC.06591","Colored leaves","yes","Percentage of the canopy that is full with colored leaves","< 5%","NEON.DOC.014040vL","0000-0003-1337-5330","0000-0003-1337-5330",,
"097e9ff1-b8f8-4da8-a9d6-3ab6dba6ecd0","SERC_063.phenology.phe","D02","SERC","SERC_063","2019-12-05","2019-12-05",339,"NEON.PLA.D02.SERC.06568","Open flowers","no","Percentage of all fresh flowers (buds plus unopened plus open on the plant that are open",,"NEON.DOC.014040vL","0000-0003-1337-5330","0000-0003-1337-5330","seasonal drop; only marscesent leaves remaining",
"94ada0a9-dda1-4e7b-bb63-e5a1f850a693","SERC_063.phenology.phe","D02","SERC","SERC_063","2019-12-05","2019-12-05",339,"NEON.PLA.D02.SERC.06582","Breaking leaf buds","no","Number of breaking buds",,"NEON.DOC.014040vL","0000-0003-1337-5330","0000-0003-1337-5330","seasonal drop; only marscesent leaves remaining",
"fb1f304e-5955-4927-b4b0-92ed060601a5","SERC_063.phenology.phe","D02","SERC","SERC_063","2019-12-05","2019-12-05",339,"NEON.PLA.D02.SERC.06527","Breaking leaf buds","no","Number of breaking buds",,"NEON.DOC.014040vL","0000-0003-1337-5330","0000-0003-1337-5330","seasonal drop",
"851ecac1-b0c8-4912-9102-9d1468c5bb28","SERC_063.phenology.phe","D02","SERC","SERC_063","2019-12-05","2019-12-05",339,"NEON.PLA.D02.SERC.06588","Colored leaves","no","Percentage of the canopy that is full with colored leaves",,"NEON.DOC.014040vL","0000-0003-1337-5330","0000-0003-1337-5330","seasonal drop; only marscesent leaves remaining",
"0bcde6f8-ff66-4f62-b6b7-3c93cf47bc7a","SERC_072.phenology.phe","D02","SERC","SERC_072","2019-12-05","2019-12-05",339,"NEON.PLA.D02.SERC.06024","Breaking leaf buds","no","Number of breaking buds",,"NEON.DOC.014040vL","0000-0003-1337-5330","0000-0003-1337-5330","seasonal drop",
"ddcf1cce-cc73-49dd-952b-fd0faed1a4d3","SERC_063.phenology.phe","D02","SERC","SERC_063","2019-12-05","2019-12-05",339,"NEON.PLA.D02.SERC.06519","Leaves","no","Percentage of the canopy that is full with leaves",,"NEON.DOC.014040vL","0000-0003-1337-5330","0000-0003-1337-5330","seasonal drop; only marscesent leaves remaining",
"ba1ac267-20ca-4f61-9f52-1fd6cc4f40f1","SERC_063.phenology.phe","D02","SERC","SERC_063","2019-12-05","2019-12-05",339,"NEON.PLA.D02.SERC.06524","Falling leaves","yes",,,"NEON.DOC.014040vL","0000-0003-1337-5330","0000-0003-1337-5330","seasonal drop",
"0edc523e-0f8b-4b41-a374-ed47990b34da","SERC_063.phenology.phe","D02","SERC","SERC_063","2019-12-05","2019-12-05",339,"NEON.PLA.D02.SERC.06556","Colored leaves","no","Percentage of the canopy that is full with colored leaves",,"NEON.DOC.014040vL","0000-0003-1337-5330","0000-0003-1337-5330","seasonal drop; only marscesent leaves remaining",
"f8dddc84-f74a-4d7f-9a91-8aeb5b66973e","SERC_063.phenology.phe","D02","SERC","SERC_063","2019-12-05","2019-12-05",339,"NEON.PLA.D02.SERC.06571","Open flowers","no","Percentage of all fresh flowers (buds plus unopened plus open on the plant that are open",,"NEON.DOC.014040vL","0000-0003-1337-5330","0000-0003-1337-5330","seasonal drop",
"7366b327-f317-4768-8115-d0ef3d3b3f18","SERC_063.phenology.phe","D02","SERC","SERC_063","2019-12-05","2019-12-05",339,"NEON.PLA.D02.SERC.06261","Colored leaves","yes","Percentage of the canopy that is full with colored leaves","< 5%","NEON.DOC.014040vL","0000-0003-1337-5330","0000-0003-1337-5330",,
"62b62367-3f9f-42bd-ab67-97df7bd9a445","SERC_072.phenology.phe","D02","SERC","SERC_072","2019-12-05","2019-12-05",339,"NEON.PLA.D02.SERC.06028","Colored leaves","no","Percentage of the canopy that is full with colored leaves",,"NEON.DOC.014040vL","0000-0003-1337-5330","0000-0003-1337-5330","seasonal drop",
"fbd3279f-c8ea-45c9-bccc-daccecb5d829","SERC_072.phenology.phe","D02","SERC","SERC_072","2019-12-05","2019-12-05",339,"NEON.PLA.D02.SERC.06028","Breaking leaf buds","no","Number of breaking buds",,"NEON.DOC.014040vL","0000-0003-1337-5330","0000-0003-1337-5330","seasonal drop",
"406f49a1-c3d2-4693-939a-fb0a6f6121c7","SERC_063.phenology.phe","D02","SERC","SERC_063","2019-12-05","2019-12-05",339,"NEON.PLA.D02.SERC.06595","Falling leaves","yes",,,"NEON.DOC.014040vL","0000-0003-1337-5330","0000-0003-1337-5330","seasonal drop; only marscesent leaves remaining",
"764afee3-409f-480b-8260-11f006204f76","SERC_063.phenology.phe","D02","SERC","SERC_063","2019-12-05","2019-12-05",339,"NEON.PLA.D02.SERC.06588","Breaking leaf buds","no","Number of breaking buds",,"NEON.DOC.014040vL","0000-0003-1337-5330","0000-0003-1337-5330","seasonal drop; only marscesent leaves remaining",
"74b786e5-f265-40e4-90cb-e9e23b9ebbf6","SERC_063.phenology.phe","D02","SERC","SERC_063","2019-12-05","2019-12-05",339,"NEON.PLA.D02.SERC.06568","Leaves","no","Percentage of the canopy that is full with leaves",,"NEON.DOC.014040vL","0000-0003-1337-5330","0000-0003-1337-5330","seasonal drop; only marscesent leaves remaining",
"15cbc4d7-acdd-4b04-8f39-8fd6cf5edd4a","SERC_063.phenology.phe","D02","SERC","SERC_063","2019-12-05","2019-12-05",339,"NEON.PLA.D02.SERC.06585","Colored leaves","no","Percentage of the canopy that is full with colored leaves",,"NEON.DOC.014040vL","0000-0003-1337-5330","0000-0003-1337-5330","seasonal drop",
"9930d7fa-ba1c-4555-80ca-0c4733667f8e","SERC_072.phenology.phe","D02","SERC","SERC_072","2019-12-05","2019-12-05",339,"NEON.PLA.D02.SERC.06029","Open flowers","no","Percentage of all fresh flowers (buds plus unopened plus open on the plant that are open",,"NEON.DOC.014040vL","0000-0003-1337-5330","0000-0003-1337-5330","seasonal drop",
"04ccd0b2-4ae8-46c5-ae96-862b890fa137","SERC_072.phenology.phe","D02","SERC","SERC_072","2019-12-05","2019-12-05",339,"NEON.PLA.D02.SERC.06024","Open flowers","no","Percentage of all fresh flowers (buds plus unopened plus open on the plant that are open",,"NEON.DOC.014040vL","0000-0003-1337-5330","0000-0003-1337-5330","seasonal drop",
"0cfd2c05-664e-42a2-93bb-638b01bb57b6","SERC_063.phenology.phe","D02","SERC","SERC_063","2019-12-05","2019-12-05",339,"NEON.PLA.D02.SERC.06571","Breaking leaf buds","no","Number of breaking buds",,"NEON.DOC.014040vL","0000-0003-1337-5330","0000-0003-1337-5330","seasonal drop",
"16b6b3b8-ab08-4272-b5c0-1ea205b5c6f3","SERC_063.phenology.phe","D02","SERC","SERC_063","2019-12-05","2019-12-05",339,"NEON.PLA.D02.SERC.06539","Colored leaves","no","Percentage of the canopy that is full with colored leaves",,"NEON.DOC.014040vL","0000-0003-1337-5330","0000-0003-1337-5330","seasonal drop; only marscesent leaves remaining",
"a357ba5d-7abe-48a2-b323-7a8f7ecea6d8","SERC_063.phenology.phe","D02","SERC","SERC_063","2019-12-05","2019-12-05",339,"NEON.PLA.D02.SERC.06571","Falling leaves","yes",,,"NEON.DOC.014040vL","0000-0003-1337-5330","0000-0003-1337-5330","seasonal drop",
"6ccc0604-dd01-46af-9700-a5300b162342","SERC_063.phenology.phe","D02","SERC","SERC_063","2019-12-05","2019-12-05",339,"NEON.PLA.D02.SERC.06520","Falling leaves","yes",,,"NEON.DOC.014040vL","0000-0003-1337-5330","0000-0003-1337-5330","seasonal drop; only marscesent leaves remaining",
"376f1fc0-a347-4df1-aa0b-1564c6dae154","SERC_063.phenology.phe","D02","SERC","SERC_063","2019-12-05","2019-12-05",339,"NEON.PLA.D02.SERC.06562","Falling leaves","yes",,,"NEON.DOC.014040vL","0000-0003-1337-5330","0000-0003-1337-5330","seasonal drop; only marscesent leaves remaining",
"f5e9d5ee-ef8c-4ede-ad56-c4d55addb99f","SERC_063.phenology.phe","D02","SERC","SERC_063","2019-12-05","2019-12-05",339,"NEON.PLA.D02.SERC.06591","Falling leaves","yes",,,"NEON.DOC.014040vL","0000-0003-1337-5330","0000-0003-1337-5330",,
"84f62899-fd53-4024-8ba0-bad66893d5d7","SERC_063.phenology.phe","D02","SERC","SERC_063","2019-12-05","2019-12-05",339,"NEON.PLA.D02.SERC.06576","Increasing leaf size","no","Percentage of full size of most leaves",,"NEON.DOC.014040vL","0000-0003-1337-5330","0000-0003-1337-5330","seasonal drop; only marscesent leaves remaining",
"b11507c4-3863-4d4b-876f-96ca92fc7a31","SERC_063.phenology.phe","D02","SERC","SERC_063","2019-12-05","2019-12-05",339,"NEON.PLA.D02.SERC.06534","Breaking leaf buds","no","Number of breaking buds",,"NEON.DOC.014040vL","0000-0003-1337-5330","0000-0003-1337-5330","seasonal drop",
"08d1bcd9-e3f0-4aec-a7b1-f0d2e27ed561","SERC_063.phenology.phe","D02","SERC","SERC_063","2019-12-05","2019-12-05",339,"NEON.PLA.D02.SERC.06571","Increasing leaf size","no","Percentage of full size of most leaves",,"NEON.DOC.014040vL","0000-0003-1337-5330","0000-0003-1337-5330","seasonal drop",
"16405cc9-4d3d-4123-bb9a-330fc88c5412","SERC_063.phenology.phe","D02","SERC","SERC_063","2019-12-05","2019-12-05",339,"NEON.PLA.D02.SERC.06526","Falling leaves","yes",,,"NEON.DOC.014040vL","0000-0003-1337-5330","0000-0003-1337-5330","seasonal drop",
"6d8615cd-80a9-4cbf-861a-141528d92b8c","SERC_072.phenology.phe","D02","SERC","SERC_072","2019-12-05","2019-12-05",339,"NEON.PLA.D02.SERC.06029","Colored leaves","no","Percentage of the canopy that is full with colored leaves",,"NEON.DOC.014040vL","0000-0003-1337-5330","0000-0003-1337-5330","seasonal drop",
"072450cd-04e6-40bb-999f-223a915d244a","SERC_063.phenology.phe","D02","SERC","SERC_063","2019-12-05","2019-12-05",339,"NEON.PLA.D02.SERC.06600","Breaking leaf buds","no","Number of breaking buds",,"NEON.DOC.014040vL","0000-0003-1337-5330","0000-0003-1337-5330","seasonal drop; only marscesent leaves remaining",
"523c7fa5-08a8-4612-9e7a-757157bed335","SERC_063.phenology.phe","D02","SERC","SERC_063","2019-12-05","2019-12-05",339,"NEON.PLA.D02.SERC.06588","Increasing leaf size","no","Percentage of full size of most leaves",,"NEON.DOC.014040vL","0000-0003-1337-5330","0000-0003-1337-5330","seasonal drop; only marscesent leaves remaining",
"a4ff134b-bf23-4374-8a1e-4976a36edb3d","SERC_063.phenology.phe","D02","SERC","SERC_063","2019-12-05","2019-12-05",339,"NEON.PLA.D02.SERC.06592","Leaves","no","Percentage of the canopy that is full with leaves",,"NEON.DOC.014040vL","0000-0003-1337-5330","0000-0003-1337-5330","seasonal drop; only marscesent leaves remaining",
"e02a05e1-1d0b-449c-a532-6ab8f2de15f6","SERC_063.phenology.phe","D02","SERC","SERC_063","2019-12-05","2019-12-05",339,"NEON.PLA.D02.SERC.06525","Breaking leaf buds","no","Number of breaking buds",,"NEON.DOC.014040vL","0000-0003-1337-5330","0000-0003-1337-5330","seasonal drop; only marscesent leaves remaining",
"d974fb02-2d23-47e4-9990-32d9692fd6ab","SERC_063.phenology.phe","D02","SERC","SERC_063","2019-12-05","2019-12-05",339,"NEON.PLA.D02.SERC.06595","Increasing leaf size","no","Percentage of full size of most leaves",,"NEON.DOC.014040vL","0000-0003-1337-5330","0000-0003-1337-5330","seasonal drop; only marscesent leaves remaining",
"a5b88cd8-9e93-41cb-9cdd-fd830978e8fe","SERC_063.phenology.phe","D02","SERC","SERC_063","2019-12-05","2019-12-05",339,"NEON.PLA.D02.SERC.06525","Colored leaves","no","Percentage of the canopy that is full with colored leaves",,"NEON.DOC.014040vL","0000-0003-1337-5330","0000-0003-1337-5330","seasonal drop; only marscesent leaves remaining",
"4233665d-74ab-487a-9e91-e2f10e51ca8c","SERC_063.phenology.phe","D02","SERC","SERC_063","2019-12-05","2019-12-05",339,"NEON.PLA.D02.SERC.06587","Falling leaves","yes",,,"NEON.DOC.014040vL","0000-0003-1337-5330","0000-0003-1337-5330","seasonal drop; only marscesent leaves remaining",
"29ddb254-a4d6-43f7-87e1-6bcb23c2345a","SERC_063.phenology.phe","D02","SERC","SERC_063","2019-12-05","2019-12-05",339,"NEON.PLA.D02.SERC.06599","Colored leaves","no","Percentage of the canopy that is full with colored leaves",,"NEON.DOC.014040vL","0000-0003-1337-5330","0000-0003-1337-5330","seasonal drop; only marscesent leaves remaining",
"efa86a64-7a67-4f92-8f53-30ccc4a63e3c","SERC_072.phenology.phe","D02","SERC","SERC_072","2019-12-05","2019-12-05",339,"NEON.PLA.D02.SERC.06029","Breaking leaf buds","no","Number of breaking buds",,"NEON.DOC.014040vL","0000-0003-1337-5330","0000-0003-1337-5330","seasonal drop",
"6120a848-50dd-4f3c-83fa-4100472acaf4","SERC_063.phenology.phe","D02","SERC","SERC_063","2019-12-05","2019-12-05",339,"NEON.PLA.D02.SERC.06586","Increasing leaf size","no","Percentage of full size of most leaves",,"NEON.DOC.014040vL","0000-0003-1337-5330","0000-0003-1337-5330","seasonal drop; only marscesent leaves remaining",
"81de1b3b-6091-4772-b925-da1aee1e91aa","SERC_063.phenology.phe","D02","SERC","SERC_063","2019-12-05","2019-12-05",339,"NEON.PLA.D02.SERC.06555","Falling leaves","yes",,,"NEON.DOC.014040vL","0000-0003-1337-5330","0000-0003-1337-5330","seasonal drop; only marscesent leaves remaining",
"9d92a576-1425-4ef5-af13-9a02e4ebc69e","SERC_063.phenology.phe","D02","SERC","SERC_063","2019-12-05","2019-12-05",339,"NEON.PLA.D02.SERC.06515","Open flowers","no","Percentage of all fresh flowers (buds plus unopened plus open on the plant that are open",,"NEON.DOC.014040vL","0000-0003-1337-5330","0000-0003-1337-5330","seasonal drop",
"0ed034f3-2261-4150-aa11-3b37613c904b","SERC_063.phenology.phe","D02","SERC","SERC_063","2019-12-05","2019-12-05",339,"NEON.PLA.D02.SERC.06586","Leaves","no","Percentage of the canopy that is full with leaves",,"NEON.DOC.014040vL","0000-0003-1337-5330","0000-0003-1337-5330","seasonal drop; only marscesent leaves remaining",
"e0b17d41-07b7-47dc-8497-ed9bdd66ed4e","SERC_063.phenology.phe","D02","SERC","SERC_063","2019-12-05","2019-12-05",339,"NEON.PLA.D02.SERC.06532","Breaking leaf buds","no","Number of breaking buds",,"NEON.DOC.014040vL","0000-0003-1337-5330","0000-0003-1337-5330","seasonal drop",
"5f42c886-1681-4579-9d0f-e7291be13d0d","SERC_072.phenology.phe","D02","SERC","SERC_072","2019-12-05","2019-12-05",339,"NEON.PLA.D02.SERC.06028","Leaves","no","Percentage of the canopy that is full with leaves",,"NEON.DOC.014040vL","0000-0003-1337-5330","0000-0003-1337-5330","seasonal drop",
"c0287f19-7ea6-41a7-bff3-25b51f3916ff","SERC_063.phenology.phe","D02","SERC","SERC_063","2019-12-05","2019-12-05",339,"NEON.PLA.D02.SERC.06586","Breaking leaf buds","no","Number of breaking buds",,"NEON.DOC.014040vL","0000-0003-1337-5330","0000-0003-1337-5330","seasonal drop; only marscesent leaves remaining",
"e63b1cd4-8f52-4679-90e9-236ea5dc28e6","SERC_063.phenology.phe","D02","SERC","SERC_063","2019-12-05","2019-12-05",339,"NEON.PLA.D02.SERC.06585","Increasing leaf size","no","Percentage of full size of most leaves",,"NEON.DOC.014040vL","0000-0003-1337-5330","0000-0003-1337-5330","seasonal drop",
"a6c02a9b-a0e8-484d-be4e-67593337e800","SERC_063.phenology.phe","D02","SERC","SERC_063","2019-12-05","2019-12-05",339,"NEON.PLA.D02.SERC.06590","Falling leaves","yes",,,"NEON.DOC.014040vL","0000-0003-1337-5330","0000-0003-1337-5330","seasonal drop",
"8c241939-00e1-4f12-9d8b-ddb45ff776f3","SERC_063.phenology.phe","D02","SERC","SERC_063","2019-12-05","2019-12-05",339,"NEON.PLA.D02.SERC.06556","Falling leaves","yes",,,"NEON.DOC.014040vL","0000-0003-1337-5330","0000-0003-1337-5330","seasonal drop; only marscesent leaves remaining",
"c8e6411c-e5a2-44c3-87f7-03a61e7c94fa","SERC_072.phenology.phe","D02","SERC","SERC_072","2019-12-05","2019-12-05",339,"NEON.PLA.D02.SERC.06026","Colored leaves","no","Percentage of the canopy that is full with colored leaves",,"NEON.DOC.014040vL","0000-0003-1337-5330","0000-0003-1337-5330","seasonal drop; only marscesent leaves remaining",
"51d2c74d-29d7-4edf-92cd-1fdee9786391","SERC_063.phenology.phe","D02","SERC","SERC_063","2019-12-05","2019-12-05",339,"NEON.PLA.D02.SERC.06523","Open flowers","no","Percentage of all fresh flowers (buds plus unopened plus open on the plant that are open",,"NEON.DOC.014040vL","0000-0003-1337-5330","0000-0003-1337-5330","seasonal drop; only marscesent leaves remaining",
"69e34dc4-334a-4c91-a6eb-9c87a3303f1b","SERC_063.phenology.phe","D02","SERC","SERC_063","2019-12-05","2019-12-05",339,"NEON.PLA.D02.SERC.06261","Increasing leaf size","no","Percentage of full size of most leaves",,"NEON.DOC.014040vL","0000-0003-1337-5330","0000-0003-1337-5330",,
"51091ec3-8f50-449e-963e-73b28f55f6f6","SERC_063.phenology.phe","D02","SERC","SERC_063","2019-12-05","2019-12-05",339,"NEON.PLA.D02.SERC.06539","Open flowers","no","Percentage of all fresh flowers (buds plus unopened plus open on the plant that are open",,"NEON.DOC.014040vL","0000-0003-1337-5330","0000-0003-1337-5330","seasonal drop; only marscesent leaves remaining",
"469b5bd4-ced3-4ae9-bb49-f5d2e9be5885","SERC_063.phenology.phe","D02","SERC","SERC_063","2019-12-05","2019-12-05",339,"NEON.PLA.D02.SERC.06592","Breaking leaf buds","no","Number of breaking buds",,"NEON.DOC.014040vL","0000-0003-1337-5330","0000-0003-1337-5330","seasonal drop; only marscesent leaves remaining",
"5583d13e-cb0f-4603-aea5-312406e2d569","SERC_063.phenology.phe","D02","SERC","SERC_063","2019-12-05","2019-12-05",339,"NEON.PLA.D02.SERC.06582","Falling leaves","yes",,,"NEON.DOC.014040vL","0000-0003-1337-5330","0000-0003-1337-5330","seasonal drop; only marscesent leaves remaining",
"501aba9a-cd8f-4f8f-ba72-3a732074579b","SERC_063.phenology.phe","D02","SERC","SERC_063","2019-12-05","2019-12-05",339,"NEON.PLA.D02.SERC.06586","Falling leaves","yes",,,"NEON.DOC.014040vL","0000-0003-1337-5330","0000-0003-1337-5330","seasonal drop; only marscesent leaves remaining",
"4b127430-7266-42fb-b06d-3652d47fc32c","SERC_063.phenology.phe","D02","SERC","SERC_063","2019-12-05","2019-12-05",339,"NEON.PLA.D02.SERC.06555","Leaves","no","Percentage of the canopy that is full with leaves",,"NEON.DOC.014040vL","0000-0003-1337-5330","0000-0003-1337-5330","seasonal drop; only marscesent leaves remaining",
"93774781-5856-4b5c-bc7e-fee745ee2ff7","SERC_063.phenology.phe","D02","SERC","SERC_063","2019-12-05","2019-12-05",339,"NEON.PLA.D02.SERC.06515","Increasing leaf size","no","Percentage of full size of most leaves",,"NEON.DOC.014040vL","0000-0003-1337-5330","0000-0003-1337-5330","seasonal drop",
"c91bbc8b-a7ca-47db-bad3-7e1806c5e498","SERC_063.phenology.phe","D02","SERC","SERC_063","2019-12-05","2019-12-05",339,"NEON.PLA.D02.SERC.06582","Leaves","no","Percentage of the canopy that is full with leaves",,"NEON.DOC.014040vL","0000-0003-1337-5330","0000-0003-1337-5330","seasonal drop; only marscesent leaves remaining",
"6d1a0b5f-f50a-4151-ab48-9fd16da9de7f","SERC_063.phenology.phe","D02","SERC","SERC_063","2019-12-05","2019-12-05",339,"NEON.PLA.D02.SERC.06261","Breaking leaf buds","no","Number of breaking buds",,"NEON.DOC.014040vL","0000-0003-1337-5330","0000-0003-1337-5330",,
"4f69f5fd-e1a7-4769-a663-f3c5cba574ab","SERC_063.phenology.phe","D02","SERC","SERC_063","2019-12-05","2019-12-05",339,"NEON.PLA.D02.SERC.06575","Leaves","no","Percentage of the canopy that is full with leaves",,"NEON.DOC.014040vL","0000-0003-1337-5330","0000-0003-1337-5330","seasonal drop",
"454a6cf8-032d-4907-b580-579f35a66936","SERC_063.phenology.phe","D02","SERC","SERC_063","2019-12-05","2019-12-05",339,"NEON.PLA.D02.SERC.06524","Breaking leaf buds","no","Number of breaking buds",,"NEON.DOC.014040vL","0000-0003-1337-5330","0000-0003-1337-5330","seasonal drop",
"a434e9c8-5282-46dd-b8ef-8cf77766a904","SERC_063.phenology.phe","D02","SERC","SERC_063","2019-12-05","2019-12-05",339,"NEON.PLA.D02.SERC.06585","Falling leaves","yes",,,"NEON.DOC.014040vL","0000-0003-1337-5330","0000-0003-1337-5330","seasonal drop",
"d0dad369-6d38-43a4-aaed-750b56676c92","SERC_063.phenology.phe","D02","SERC","SERC_063","2019-12-05","2019-12-05",339,"NEON.PLA.D02.SERC.06587","Breaking leaf buds","no","Number of breaking buds",,"NEON.DOC.014040vL","0000-0003-1337-5330","0000-0003-1337-5330","seasonal drop; only marscesent leaves remaining",
"5c08a2cb-0903-42d9-807d-1ce82cc92e32","SERC_063.phenology.phe","D02","SERC","SERC_063","2019-12-05","2019-12-05",339,"NEON.PLA.D02.SERC.06515","Colored leaves","no","Percentage of the canopy that is full with colored leaves",,"NEON.DOC.014040vL","0000-0003-1337-5330","0000-0003-1337-5330","seasonal drop",
"5b4d04d7-9c80-4438-8c0e-87153f7799b7","SERC_063.phenology.phe","D02","SERC","SERC_063","2019-12-05","2019-12-05",339,"NEON.PLA.D02.SERC.06575","Colored leaves","no","Percentage of the canopy that is full with colored leaves",,"NEON.DOC.014040vL","0000-0003-1337-5330","0000-0003-1337-5330","seasonal drop",
"87d02f6d-eec3-4f78-8f2e-7398a3033be6","SERC_072.phenology.phe","D02","SERC","SERC_072","2019-12-05","2019-12-05",339,"NEON.PLA.D02.SERC.06026","Increasing leaf size","no","Percentage of full size of most leaves",,"NEON.DOC.014040vL","0000-0003-1337-5330","0000-0003-1337-5330","seasonal drop; only marscesent leaves remaining",
"d382c4de-913b-477c-984f-0f8cdf7b4644","SERC_063.phenology.phe","D02","SERC","SERC_063","2019-12-05","2019-12-05",339,"NEON.PLA.D02.SERC.06588","Open flowers","no","Percentage of all fresh flowers (buds plus unopened plus open on the plant that are open",,"NEON.DOC.014040vL","0000-0003-1337-5330","0000-0003-1337-5330","seasonal drop; only marscesent leaves remaining",
"58178cd0-bfc1-4f82-9197-23d8ad3be934","SERC_063.phenology.phe","D02","SERC","SERC_063","2019-12-05","2019-12-05",339,"NEON.PLA.D02.SERC.06600","Leaves","no","Percentage of the canopy that is full with leaves",,"NEON.DOC.014040vL","0000-0003-1337-5330","0000-0003-1337-5330","seasonal drop; only marscesent leaves remaining",
"97f1d932-dd15-4401-b5be-dd2b341763f8","SERC_063.phenology.phe","D02","SERC","SERC_063","2019-12-05","2019-12-05",339,"NEON.PLA.D02.SERC.06520","Open flowers","no","Percentage of all fresh flowers (buds plus unopened plus open on the plant that are open",,"NEON.DOC.014040vL","0000-0003-1337-5330","0000-0003-1337-5330","seasonal drop; only marscesent leaves remaining",
"2603a961-e34a-4ef0-b2eb-23539ac0b30e","SERC_063.phenology.phe","D02","SERC","SERC_063","2019-12-05","2019-12-05",339,"NEON.PLA.D02.SERC.06587","Increasing leaf size","no","Percentage of full size of most leaves",,"NEON.DOC.014040vL","0000-0003-1337-5330","0000-0003-1337-5330","seasonal drop; only marscesent leaves remaining",
"ad90a5d0-cbdb-4c21-b7ad-e296e78d1f80","SERC_063.phenology.phe","D02","SERC","SERC_063","2019-12-05","2019-12-05",339,"NEON.PLA.D02.SERC.06525","Open flowers","no","Percentage of all fresh flowers (buds plus unopened plus open on the plant that are open",,"NEON.DOC.014040vL","0000-0003-1337-5330","0000-0003-1337-5330","seasonal drop; only marscesent leaves remaining",
"810d1048-fff3-46bd-b013-900082f0a44e","SERC_063.phenology.phe","D02","SERC","SERC_063","2019-12-05","2019-12-05",339,"NEON.PLA.D02.SERC.06534","Open flowers","no","Percentage of all fresh flowers (buds plus unopened plus open on the plant that are open",,"NEON.DOC.014040vL","0000-0003-1337-5330","0000-0003-1337-5330","seasonal drop",
"bd44592a-7072-4306-a9bf-b9f4c60b0223","SERC_072.phenology.phe","D02","SERC","SERC_072","2019-12-05","2019-12-05",339,"NEON.PLA.D02.SERC.06026","Open flowers","no","Percentage of all fresh flowers (buds plus unopened plus open on the plant that are open",,"NEON.DOC.014040vL","0000-0003-1337-5330","0000-0003-1337-5330","seasonal drop; only marscesent leaves remaining",
"d17e65d7-0aa0-4a3c-94ce-7029701ac3ce","SERC_063.phenology.phe","D02","SERC","SERC_063","2019-12-05","2019-12-05",339,"NEON.PLA.D02.SERC.06515","Falling leaves","yes",,,"NEON.DOC.014040vL","0000-0003-1337-5330","0000-0003-1337-5330","seasonal drop",
"c9160fb8-013b-40d8-9e9e-b98b9116dbbf","SERC_063.phenology.phe","D02","SERC","SERC_063","2019-12-05","2019-12-05",339,"NEON.PLA.D02.SERC.06525","Leaves","no","Percentage of the canopy that is full with leaves",,"NEON.DOC.014040vL","0000-0003-1337-5330","0000-0003-1337-5330","seasonal drop; only marscesent leaves remaining",
"42e18d39-309f-4724-b3ad-e24a1df4a6af","SERC_063.phenology.phe","D02","SERC","SERC_063","2019-12-05","2019-12-05",339,"NEON.PLA.D02.SERC.06527","Falling leaves","yes",,,"NEON.DOC.014040vL","0000-0003-1337-5330","0000-0003-1337-5330","seasonal drop",
"0051b7f7-9887-4fbd-94f7-85bf27cbc11e","SERC_063.phenology.phe","D02","SERC","SERC_063","2019-12-05","2019-12-05",339,"NEON.PLA.D02.SERC.06556","Increasing leaf size","no","Percentage of full size of most leaves",,"NEON.DOC.014040vL","0000-0003-1337-5330","0000-0003-1337-5330","seasonal drop; only marscesent leaves remaining",
"6fa955da-8a3a-4f03-885d-a3f7b552cca2","SERC_072.phenology.phe","D02","SERC","SERC_072","2019-12-05","2019-12-05",339,"NEON.PLA.D02.SERC.06029","Leaves","no","Percentage of the canopy that is full with leaves",,"NEON.DOC.014040vL","0000-0003-1337-5330","0000-0003-1337-5330","seasonal drop",
"627627b5-e702-470f-a83a-8c2f4388f23b","SERC_063.phenology.phe","D02","SERC","SERC_063","2019-12-05","2019-12-05",339,"NEON.PLA.D02.SERC.06585","Breaking leaf buds","no","Number of breaking buds",,"NEON.DOC.014040vL","0000-0003-1337-5330","0000-0003-1337-5330","seasonal drop",
"20b4c13c-d05d-40c7-89ac-cff52d084552","SERC_063.phenology.phe","D02","SERC","SERC_063","2019-12-05","2019-12-05",339,"NEON.PLA.D02.SERC.06539","Increasing leaf size","no","Percentage of full size of most leaves",,"NEON.DOC.014040vL","0000-0003-1337-5330","0000-0003-1337-5330","seasonal drop; only marscesent leaves remaining",
"3dbe11f6-9be9-4d25-af60-19c96329a821","SERC_063.phenology.phe","D02","SERC","SERC_063","2019-12-05","2019-12-05",339,"NEON.PLA.D02.SERC.06576","Falling leaves","yes",,,"NEON.DOC.014040vL","0000-0003-1337-5330","0000-0003-1337-5330","seasonal drop; only marscesent leaves remaining",
"21d95b17-d86d-4879-b7a0-12bf64972dea","SERC_063.phenology.phe","D02","SERC","SERC_063","2019-12-05","2019-12-05",339,"NEON.PLA.D02.SERC.06523","Colored leaves","no","Percentage of the canopy that is full with colored leaves",,"NEON.DOC.014040vL","0000-0003-1337-5330","0000-0003-1337-5330","seasonal drop; only marscesent leaves remaining",
"5adf0d76-c288-4224-ad0e-b69eac0c530a","SERC_063.phenology.phe","D02","SERC","SERC_063","2019-12-05","2019-12-05",339,"NEON.PLA.D02.SERC.06585","Leaves","no","Percentage of the canopy that is full with leaves",,"NEON.DOC.014040vL","0000-0003-1337-5330","0000-0003-1337-5330","seasonal drop",
"413ba0b6-ca17-4d30-b150-886f915f41dd","SERC_063.phenology.phe","D02","SERC","SERC_063","2019-12-05","2019-12-05",339,"NEON.PLA.D02.SERC.06593","Increasing leaf size","no","Percentage of full size of most leaves",,"NEON.DOC.014040vL","0000-0003-1337-5330","0000-0003-1337-5330","seasonal drop; only marscesent leaves remaining",
"d03b9e6f-e03a-4061-a7e7-2a5ee3cc38bb","SERC_063.phenology.phe","D02","SERC","SERC_063","2019-12-05","2019-12-05",339,"NEON.PLA.D02.SERC.06595","Leaves","no","Percentage of the canopy that is full with leaves",,"NEON.DOC.014040vL","0000-0003-1337-5330","0000-0003-1337-5330","seasonal drop; only marscesent leaves remaining",
"84b391e5-3fed-4add-8dd8-e4d6c43791cb","SERC_063.phenology.phe","D02","SERC","SERC_063","2019-12-05","2019-12-05",339,"NEON.PLA.D02.SERC.06591","Leaves","yes","Percentage of the canopy that is full with leaves","< 5%","NEON.DOC.014040vL","0000-0003-1337-5330","0000-0003-1337-5330",,
"41188ab5-9237-4ed6-b934-c6d1acac917e","SERC_063.phenology.phe","D02","SERC","SERC_063","2019-12-05","2019-12-05",339,"NEON.PLA.D02.SERC.06523","Increasing leaf size","no","Percentage of full size of most leaves",,"NEON.DOC.014040vL","0000-0003-1337-5330","0000-0003-1337-5330","seasonal drop; only marscesent leaves remaining",
"257a7dd7-afaa-4b9c-b572-deced2e73672","SERC_063.phenology.phe","D02","SERC","SERC_063","2019-12-05","2019-12-05",339,"NEON.PLA.D02.SERC.06556","Leaves","no","Percentage of the canopy that is full with leaves",,"NEON.DOC.014040vL","0000-0003-1337-5330","0000-0003-1337-5330","seasonal drop; only marscesent leaves remaining",
"6d4289bb-2147-4fbf-8b89-a99c83114d56","SERC_063.phenology.phe","D02","SERC","SERC_063","2019-12-05","2019-12-05",339,"NEON.PLA.D02.SERC.06526","Leaves","no","Percentage of the canopy that is full with leaves",,"NEON.DOC.014040vL","0000-0003-1337-5330","0000-0003-1337-5330","seasonal drop",
"f191c2ab-7191-401e-8732-a4dd662160b8","SERC_063.phenology.phe","D02","SERC","SERC_063","2019-12-05","2019-12-05",339,"NEON.PLA.D02.SERC.06595","Breaking leaf buds","no","Number of breaking buds",,"NEON.DOC.014040vL","0000-0003-1337-5330","0000-0003-1337-5330","seasonal drop; only marscesent leaves remaining",
"9f35394d-a9ca-4fdd-8e75-63173bad58f9","SERC_063.phenology.phe","D02","SERC","SERC_063","2019-12-05","2019-12-05",339,"NEON.PLA.D02.SERC.06524","Colored leaves","no","Percentage of the canopy that is full with colored leaves",,"NEON.DOC.014040vL","0000-0003-1337-5330","0000-0003-1337-5330","seasonal drop",
"705c16c1-c452-4072-8f58-e012b2512b7b","SERC_063.phenology.phe","D02","SERC","SERC_063","2019-12-05","2019-12-05",339,"NEON.PLA.D02.SERC.06524","Open flowers","no","Percentage of all fresh flowers (buds plus unopened plus open on the plant that are open",,"NEON.DOC.014040vL","0000-0003-1337-5330","0000-0003-1337-5330","seasonal drop",
"e7a0ab26-b60c-409e-b151-1acdf76488a1","SERC_063.phenology.phe","D02","SERC","SERC_063","2019-12-05","2019-12-05",339,"NEON.PLA.D02.SERC.06261","Falling leaves","yes",,,"NEON.DOC.014040vL","0000-0003-1337-5330","0000-0003-1337-5330",,
"1cab50b6-bb1a-4cf9-ad26-221cd68e3e47","SERC_063.phenology.phe","D02","SERC","SERC_063","2019-12-05","2019-12-05",339,"NEON.PLA.D02.SERC.06582","Increasing leaf size","no","Percentage of full size of most leaves",,"NEON.DOC.014040vL","0000-0003-1337-5330","0000-0003-1337-5330","seasonal drop; only marscesent leaves remaining",
"da7b4e8d-6c98-487c-a2cc-b0eb9390f7d9","SERC_063.phenology.phe","D02","SERC","SERC_063","2019-12-05","2019-12-05",339,"NEON.PLA.D02.SERC.06532","Increasing leaf size","no","Percentage of full size of most leaves",,"NEON.DOC.014040vL","0000-0003-1337-5330","0000-0003-1337-5330","seasonal drop",
"437ba20b-910c-4582-a8a3-687d0386fbb3","SERC_063.phenology.phe","D02","SERC","SERC_063","2019-12-05","2019-12-05",339,"NEON.PLA.D02.SERC.06599","Increasing leaf size","no","Percentage of full size of most leaves",,"NEON.DOC.014040vL","0000-0003-1337-5330","0000-0003-1337-5330","seasonal drop; only marscesent leaves remaining",
"ee67f8a0-998b-45b4-ae7b-c7567d63d438","SERC_063.phenology.phe","D02","SERC","SERC_063","2019-12-05","2019-12-05",339,"NEON.PLA.D02.SERC.06526","Open flowers","no","Percentage of all fresh flowers (buds plus unopened plus open on the plant that are open",,"NEON.DOC.014040vL","0000-0003-1337-5330","0000-0003-1337-5330","seasonal drop",
"748a3a19-b6ee-4ad7-b9b4-45c43b33f380","SERC_063.phenology.phe","D02","SERC","SERC_063","2019-12-05","2019-12-05",339,"NEON.PLA.D02.SERC.06593","Breaking leaf buds","no","Number of breaking buds",,"NEON.DOC.014040vL","0000-0003-1337-5330","0000-0003-1337-5330","seasonal drop; only marscesent leaves remaining",
"0fee736f-e9d7-4e65-9229-f0fc444075da","SERC_063.phenology.phe","D02","SERC","SERC_063","2019-12-05","2019-12-05",339,"NEON.PLA.D02.SERC.06588","Falling leaves","yes",,,"NEON.DOC.014040vL","0000-0003-1337-5330","0000-0003-1337-5330","seasonal drop; only marscesent leaves remaining",
"eb76e08e-0b05-4fb5-9641-b619a672cbb9","SERC_063.phenology.phe","D02","SERC","SERC_063","2019-12-05","2019-12-05",339,"NEON.PLA.D02.SERC.06539","Falling leaves","yes",,,"NEON.DOC.014040vL","0000-0003-1337-5330","0000-0003-1337-5330","seasonal drop; only marscesent leaves remaining",
"bb3790d2-b3f8-4838-a277-b833722e784b","SERC_063.phenology.phe","D02","SERC","SERC_063","2019-12-05","2019-12-05",339,"NEON.PLA.D02.SERC.06568","Increasing leaf size","no","Percentage of full size of most leaves",,"NEON.DOC.014040vL","0000-0003-1337-5330","0000-0003-1337-5330","seasonal drop; only marscesent leaves remaining",
"06d49ed8-ff0d-4692-bf7c-61654d738cba","SERC_063.phenology.phe","D02","SERC","SERC_063","2019-12-05","2019-12-05",339,"NEON.PLA.D02.SERC.06532","Colored leaves","no","Percentage of the canopy that is full with colored leaves",,"NEON.DOC.014040vL","0000-0003-1337-5330","0000-0003-1337-5330","seasonal drop",
"0d60eaf7-9da1-45dd-9c5a-2cb1c956ef71","SERC_063.phenology.phe","D02","SERC","SERC_063","2019-12-05","2019-12-05",339,"NEON.PLA.D02.SERC.06527","Leaves","no","Percentage of the canopy that is full with leaves",,"NEON.DOC.014040vL","0000-0003-1337-5330","0000-0003-1337-5330","seasonal drop",
"38c5516b-05c6-454a-a963-ed64f3514f05","SERC_063.phenology.phe","D02","SERC","SERC_063","2019-12-05","2019-12-05",339,"NEON.PLA.D02.SERC.06532","Leaves","no","Percentage of the canopy that is full with leaves",,"NEON.DOC.014040vL","0000-0003-1337-5330","0000-0003-1337-5330","seasonal drop",
"2d06e6a7-5b3a-473d-a12d-5593c41fde19","SERC_063.phenology.phe","D02","SERC","SERC_063","2019-12-05","2019-12-05",339,"NEON.PLA.D02.SERC.06515","Breaking leaf buds","no","Number of breaking buds",,"NEON.DOC.014040vL","0000-0003-1337-5330","0000-0003-1337-5330","seasonal drop",
"704877c0-5072-4069-b87c-3988ca6b84fe","SERC_063.phenology.phe","D02","SERC","SERC_063","2019-12-05","2019-12-05",339,"NEON.PLA.D02.SERC.06588","Leaves","no","Percentage of the canopy that is full with leaves",,"NEON.DOC.014040vL","0000-0003-1337-5330","0000-0003-1337-5330","seasonal drop; only marscesent leaves remaining",
"74ad7c1f-1cfa-42aa-8504-bc410a7072b8","SERC_063.phenology.phe","D02","SERC","SERC_063","2019-12-05","2019-12-05",339,"NEON.PLA.D02.SERC.06523","Falling leaves","yes",,,"NEON.DOC.014040vL","0000-0003-1337-5330","0000-0003-1337-5330","seasonal drop; only marscesent leaves remaining",
"9fb50b6b-23d2-43be-8ee2-0d223d027072","SERC_063.phenology.phe","D02","SERC","SERC_063","2019-12-05","2019-12-05",339,"NEON.PLA.D02.SERC.06519","Colored leaves","no","Percentage of the canopy that is full with colored leaves",,"NEON.DOC.014040vL","0000-0003-1337-5330","0000-0003-1337-5330","seasonal drop; only marscesent leaves remaining",
"6b68974c-421c-48ce-a0f3-231393e39b18","SERC_063.phenology.phe","D02","SERC","SERC_063","2019-12-05","2019-12-05",339,"NEON.PLA.D02.SERC.06575","Falling leaves","yes",,,"NEON.DOC.014040vL","0000-0003-1337-5330","0000-0003-1337-5330","seasonal drop",
"40ca6deb-e2b7-4c59-a7bb-6ec0b871bf1e","SERC_072.phenology.phe","D02","SERC","SERC_072","2019-12-05","2019-12-05",339,"NEON.PLA.D02.SERC.06024","Colored leaves","no","Percentage of the canopy that is full with colored leaves",,"NEON.DOC.014040vL","0000-0003-1337-5330","0000-0003-1337-5330","seasonal drop",
"2886034c-c4ad-48b5-9354-4af0df502d7f","SERC_063.phenology.phe","D02","SERC","SERC_063","2019-12-05","2019-12-05",339,"NEON.PLA.D02.SERC.06576","Leaves","no","Percentage of the canopy that is full with leaves",,"NEON.DOC.014040vL","0000-0003-1337-5330","0000-0003-1337-5330","seasonal drop; only marscesent leaves remaining",
"a7804787-73d0-43c9-a039-0293771eea32","SERC_063.phenology.phe","D02","SERC","SERC_063","2019-12-05","2019-12-05",339,"NEON.PLA.D02.SERC.06592","Open flowers","no","Percentage of all fresh flowers (buds plus unopened plus open on the plant that are open",,"NEON.DOC.014040vL","0000-0003-1337-5330","0000-0003-1337-5330","seasonal drop; only marscesent leaves remaining",
"d0f9080f-4000-48a7-a878-951d7870d80e","SERC_063.phenology.phe","D02","SERC","SERC_063","2019-12-05","2019-12-05",339,"NEON.PLA.D02.SERC.06562","Leaves","no","Percentage of the canopy that is full with leaves",,"NEON.DOC.014040vL","0000-0003-1337-5330","0000-0003-1337-5330","seasonal drop; only marscesent leaves remaining",
"bab85772-cac6-4605-9200-ea1d6c87de3c","SERC_072.phenology.phe","D02","SERC","SERC_072","2019-12-05","2019-12-05",339,"NEON.PLA.D02.SERC.06026","Falling leaves","yes",,,"NEON.DOC.014040vL","0000-0003-1337-5330","0000-0003-1337-5330","seasonal drop; only marscesent leaves remaining",
"34b71511-2a32-45d6-81fc-cf3ea9626b52","SERC_063.phenology.phe","D02","SERC","SERC_063","2019-12-05","2019-12-05",339,"NEON.PLA.D02.SERC.06568","Falling leaves","yes",,,"NEON.DOC.014040vL","0000-0003-1337-5330","0000-0003-1337-5330","seasonal drop; only marscesent leaves remaining",
"e291355a-b42b-4ece-971b-174d3e7b4e3e","SERC_063.phenology.phe","D02","SERC","SERC_063","2019-12-05","2019-12-05",339,"NEON.PLA.D02.SERC.06520","Increasing leaf size","no","Percentage of full size of most leaves",,"NEON.DOC.014040vL","0000-0003-1337-5330","0000-0003-1337-5330","seasonal drop; only marscesent leaves remaining",
"369bbfa2-432d-4f4b-81e3-443621337183","SERC_063.phenology.phe","D02","SERC","SERC_063","2019-12-05","2019-12-05",339,"NEON.PLA.D02.SERC.06600","Increasing leaf size","no","Percentage of full size of most leaves",,"NEON.DOC.014040vL","0000-0003-1337-5330","0000-0003-1337-5330","seasonal drop; only marscesent leaves remaining",
"9911659b-a7ba-4edd-9dd7-8e8354fafe84","SERC_063.phenology.phe","D02","SERC","SERC_063","2019-12-05","2019-12-05",339,"NEON.PLA.D02.SERC.06527","Colored leaves","no","Percentage of the canopy that is full with colored leaves",,"NEON.DOC.014040vL","0000-0003-1337-5330","0000-0003-1337-5330","seasonal drop",
"d4fbbf97-efe7-46b0-9bd6-6e0c74a16cd9","SERC_063.phenology.phe","D02","SERC","SERC_063","2019-12-05","2019-12-05",339,"NEON.PLA.D02.SERC.06582","Open flowers","no","Percentage of all fresh flowers (buds plus unopened plus open on the plant that are open",,"NEON.DOC.014040vL","0000-0003-1337-5330","0000-0003-1337-5330","seasonal drop; only marscesent leaves remaining",
"7038ff40-8bab-4b37-beec-37cafcc2e0e4","SERC_063.phenology.phe","D02","SERC","SERC_063","2019-12-05","2019-12-05",339,"NEON.PLA.D02.SERC.06582","Colored leaves","no","Percentage of the canopy that is full with colored leaves",,"NEON.DOC.014040vL","0000-0003-1337-5330","0000-0003-1337-5330","seasonal drop; only marscesent leaves remaining",
"a4f1d2e7-da4d-4c1d-86da-30fb572b0a1c","SERC_063.phenology.phe","D02","SERC","SERC_063","2019-12-05","2019-12-05",339,"NEON.PLA.D02.SERC.06524","Increasing leaf size","no","Percentage of full size of most leaves",,"NEON.DOC.014040vL","0000-0003-1337-5330","0000-0003-1337-5330","seasonal drop",
"c5fadcb0-1e67-4933-b542-bdc79930474e","SERC_063.phenology.phe","D02","SERC","SERC_063","2019-12-05","2019-12-05",339,"NEON.PLA.D02.SERC.06534","Colored leaves","no","Percentage of the canopy that is full with colored leaves",,"NEON.DOC.014040vL","0000-0003-1337-5330","0000-0003-1337-5330","seasonal drop",
"8b7d56d8-5922-4a5b-b89c-f7393108cc59","SERC_063.phenology.phe","D02","SERC","SERC_063","2019-12-05","2019-12-05",339,"NEON.PLA.D02.SERC.06591","Breaking leaf buds","no","Number of breaking buds",,"NEON.DOC.014040vL","0000-0003-1337-5330","0000-0003-1337-5330",,
"09ec0fec-2f91-42b7-90c9-fbd8fa244749","SERC_072.phenology.phe","D02","SERC","SERC_072","2019-12-05","2019-12-05",339,"NEON.PLA.D02.SERC.06028","Increasing leaf size","no","Percentage of full size of most leaves",,"NEON.DOC.014040vL","0000-0003-1337-5330","0000-0003-1337-5330","seasonal drop",
"f34843ae-3349-455e-9229-81198c71c89a","SERC_063.phenology.phe","D02","SERC","SERC_063","2019-12-05","2019-12-05",339,"NEON.PLA.D02.SERC.06599","Open flowers","no","Percentage of all fresh flowers (buds plus unopened plus open on the plant that are open",,"NEON.DOC.014040vL","0000-0003-1337-5330","0000-0003-1337-5330","seasonal drop; only marscesent leaves remaining",
"9523a639-8374-4a70-b058-0e07480fbaa0","SERC_063.phenology.phe","D02","SERC","SERC_063","2019-12-05","2019-12-05",339,"NEON.PLA.D02.SERC.06587","Open flowers","no","Percentage of all fresh flowers (buds plus unopened plus open on the plant that are open",,"NEON.DOC.014040vL","0000-0003-1337-5330","0000-0003-1337-5330","seasonal drop; only marscesent leaves remaining",
"c56148b2-a24b-40bf-ae0d-f55e0f42bb6f","SERC_063.phenology.phe","D02","SERC","SERC_063","2019-12-05","2019-12-05",339,"NEON.PLA.D02.SERC.06585","Open flowers","no","Percentage of all fresh flowers (buds plus unopened plus open on the plant that are open",,"NEON.DOC.014040vL","0000-0003-1337-5330","0000-0003-1337-5330","seasonal drop",
"c57300b4-8314-4bf4-af1c-d0d5899ed67d","SERC_063.phenology.phe","D02","SERC","SERC_063","2019-12-05","2019-12-05",339,"NEON.PLA.D02.SERC.06600","Open flowers","no","Percentage of all fresh flowers (buds plus unopened plus open on the plant that are open",,"NEON.DOC.014040vL","0000-0003-1337-5330","0000-0003-1337-5330","seasonal drop; only marscesent leaves remaining",
"96fbad8c-8732-4ef5-9850-dee78792057b","SERC_063.phenology.phe","D02","SERC","SERC_063","2019-12-05","2019-12-05",339,"NEON.PLA.D02.SERC.06526","Breaking leaf buds","no","Number of breaking buds",,"NEON.DOC.014040vL","0000-0003-1337-5330","0000-0003-1337-5330","seasonal drop",
"e516adb5-59e5-4f46-8b9f-69767b07499f","SERC_063.phenology.phe","D02","SERC","SERC_063","2019-12-05","2019-12-05",339,"NEON.PLA.D02.SERC.06534","Increasing leaf size","no","Percentage of full size of most leaves",,"NEON.DOC.014040vL","0000-0003-1337-5330","0000-0003-1337-5330","seasonal drop",
"b13d6b19-60c5-4c0f-b995-cb5c4e5ebfc2","SERC_063.phenology.phe","D02","SERC","SERC_063","2019-12-05","2019-12-05",339,"NEON.PLA.D02.SERC.06568","Colored leaves","no","Percentage of the canopy that is full with colored leaves",,"NEON.DOC.014040vL","0000-0003-1337-5330","0000-0003-1337-5330","seasonal drop; only marscesent leaves remaining",
"619f2328-4b1b-48d9-87fd-5374ce8445a9","SERC_063.phenology.phe","D02","SERC","SERC_063","2019-12-05","2019-12-05",339,"NEON.PLA.D02.SERC.06599","Breaking leaf buds","no","Number of breaking buds",,"NEON.DOC.014040vL","0000-0003-1337-5330","0000-0003-1337-5330","seasonal drop; only marscesent leaves remaining",
"fdcc9a5a-4c5a-407e-a108-f0647e9fddc7","SERC_063.phenology.phe","D02","SERC","SERC_063","2019-12-05","2019-12-05",339,"NEON.PLA.D02.SERC.06261","Open flowers","no","Percentage of all fresh flowers (buds plus unopened plus open on the plant that are open",,"NEON.DOC.014040vL","0000-0003-1337-5330","0000-0003-1337-5330",,
"fb87ce85-719e-4127-8914-b2c4f2ae37d0","SERC_063.phenology.phe","D02","SERC","SERC_063","2019-12-05","2019-12-05",339,"NEON.PLA.D02.SERC.06576","Open flowers","no","Percentage of all fresh flowers (buds plus unopened plus open on the plant that are open",,"NEON.DOC.014040vL","0000-0003-1337-5330","0000-0003-1337-5330","seasonal drop; only marscesent leaves remaining",
"ffcce7f0-2577-4f5e-8e16-f1a6f45dfc20","SERC_063.phenology.phe","D02","SERC","SERC_063","2019-12-05","2019-12-05",339,"NEON.PLA.D02.SERC.06261","Leaves","yes","Percentage of the canopy that is full with leaves","< 5%","NEON.DOC.014040vL","0000-0003-1337-5330","0000-0003-1337-5330",,
"4f1b0f55-3e8c-45e0-92d6-639204b2a7cd","SERC_063.phenology.phe","D02","SERC","SERC_063","2019-12-05","2019-12-05",339,"NEON.PLA.D02.SERC.06520","Leaves","no","Percentage of the canopy that is full with leaves",,"NEON.DOC.014040vL","0000-0003-1337-5330","0000-0003-1337-5330","seasonal drop; only marscesent leaves remaining",
"4cdae787-4d96-43c1-a665-8c7c06d3aa28","SERC_072.phenology.phe","D02","SERC","SERC_072","2019-12-05","2019-12-05",339,"NEON.PLA.D02.SERC.06028","Open flowers","no","Percentage of all fresh flowers (buds plus unopened plus open on the plant that are open",,"NEON.DOC.014040vL","0000-0003-1337-5330","0000-0003-1337-5330","seasonal drop",
"6f83fc20-0288-411c-be52-9bc669589832","SERC_063.phenology.phe","D02","SERC","SERC_063","2019-12-05","2019-12-05",339,"NEON.PLA.D02.SERC.06534","Leaves","no","Percentage of the canopy that is full with leaves",,"NEON.DOC.014040vL","0000-0003-1337-5330","0000-0003-1337-5330","seasonal drop",
"2f0dff21-960f-47d8-8153-4fa303413f6f","SERC_063.phenology.phe","D02","SERC","SERC_063","2019-12-05","2019-12-05",339,"NEON.PLA.D02.SERC.06519","Breaking leaf buds","no","Number of breaking buds",,"NEON.DOC.014040vL","0000-0003-1337-5330","0000-0003-1337-5330","seasonal drop; only marscesent leaves remaining",
"a6c1999a-b62f-4888-8ac5-e5077906219b","SERC_063.phenology.phe","D02","SERC","SERC_063","2019-12-05","2019-12-05",339,"NEON.PLA.D02.SERC.06562","Open flowers","no","Percentage of all fresh flowers (buds plus unopened plus open on the plant that are open",,"NEON.DOC.014040vL","0000-0003-1337-5330","0000-0003-1337-5330","seasonal drop; only marscesent leaves remaining",
"1eac70e8-74aa-44df-a522-c0f93b79c2e6","SERC_063.phenology.phe","D02","SERC","SERC_063","2019-12-05","2019-12-05",339,"NEON.PLA.D02.SERC.06555","Colored leaves","no","Percentage of the canopy that is full with colored leaves",,"NEON.DOC.014040vL","0000-0003-1337-5330","0000-0003-1337-5330","seasonal drop; only marscesent leaves remaining",
"4cf5d7af-1a8e-47ee-9344-bf52b286d1d0","SERC_063.phenology.phe","D02","SERC","SERC_063","2019-12-05","2019-12-05",339,"NEON.PLA.D02.SERC.06571","Colored leaves","no","Percentage of the canopy that is full with colored leaves",,"NEON.DOC.014040vL","0000-0003-1337-5330","0000-0003-1337-5330","seasonal drop",
"17e9fc83-cf11-43e1-a658-bb3bbf32b401","SERC_072.phenology.phe","D02","SERC","SERC_072","2019-12-05","2019-12-05",339,"NEON.PLA.D02.SERC.06028","Falling leaves","yes",,,"NEON.DOC.014040vL","0000-0003-1337-5330","0000-0003-1337-5330","seasonal drop",
"6f67697c-dd24-4171-93d0-89ffcf8cf329","SERC_063.phenology.phe","D02","SERC","SERC_063","2019-12-05","2019-12-05",339,"NEON.PLA.D02.SERC.06592","Increasing leaf size","no","Percentage of full size of most leaves",,"NEON.DOC.014040vL","0000-0003-1337-5330","0000-0003-1337-5330","seasonal drop; only marscesent leaves remaining",
"33b59115-e629-4d2c-bd4c-8c96515aa8cc","SERC_063.phenology.phe","D02","SERC","SERC_063","2019-12-05","2019-12-05",339,"NEON.PLA.D02.SERC.06591","Open flowers","no","Percentage of all fresh flowers (buds plus unopened plus open on the plant that are open",,"NEON.DOC.014040vL","0000-0003-1337-5330","0000-0003-1337-5330",,
"e1b8b26c-ba06-4f93-bf1e-a92ef55f8fda","SERC_063.phenology.phe","D02","SERC","SERC_063","2019-12-05","2019-12-05",339,"NEON.PLA.D02.SERC.06587","Colored leaves","no","Percentage of the canopy that is full with colored leaves",,"NEON.DOC.014040vL","0000-0003-1337-5330","0000-0003-1337-5330","seasonal drop; only marscesent leaves remaining",
"f7ae964f-f077-4621-9790-d10d6686107d","SERC_063.phenology.phe","D02","SERC","SERC_063","2019-12-05","2019-12-05",339,"NEON.PLA.D02.SERC.06526","Colored leaves","no","Percentage of the canopy that is full with colored leaves",,"NEON.DOC.014040vL","0000-0003-1337-5330","0000-0003-1337-5330","seasonal drop",
"d1737bfb-65ce-47ca-9680-99b0a378eee3","SERC_063.phenology.phe","D02","SERC","SERC_063","2019-12-05","2019-12-05",339,"NEON.PLA.D02.SERC.06523","Leaves","no","Percentage of the canopy that is full with leaves",,"NEON.DOC.014040vL","0000-0003-1337-5330","0000-0003-1337-5330","seasonal drop; only marscesent leaves remaining",
"3a45b8d1-8165-4d5f-a57e-d69f828b7904","SERC_063.phenology.phe","D02","SERC","SERC_063","2019-12-05","2019-12-05",339,"NEON.PLA.D02.SERC.06590","Breaking leaf buds","no","Number of breaking buds",,"NEON.DOC.014040vL","0000-0003-1337-5330","0000-0003-1337-5330","seasonal drop",
"55e013e5-70ad-4993-b732-08d0a837fdfa","SERC_063.phenology.phe","D02","SERC","SERC_063","2019-12-05","2019-12-05",339,"NEON.PLA.D02.SERC.06571","Leaves","no","Percentage of the canopy that is full with leaves",,"NEON.DOC.014040vL","0000-0003-1337-5330","0000-0003-1337-5330","seasonal drop",
"3da9c70f-eaae-4f83-b894-e1acfbe9983f","SERC_063.phenology.phe","D02","SERC","SERC_063","2019-12-05","2019-12-05",339,"NEON.PLA.D02.SERC.06587","Leaves","no","Percentage of the canopy that is full with leaves",,"NEON.DOC.014040vL","0000-0003-1337-5330","0000-0003-1337-5330","seasonal drop; only marscesent leaves remaining",
"85f894c3-1a3b-4e95-b6b5-4942545560a9","SERC_063.phenology.phe","D02","SERC","SERC_063","2019-12-05","2019-12-05",339,"NEON.PLA.D02.SERC.06556","Breaking leaf buds","no","Number of breaking buds",,"NEON.DOC.014040vL","0000-0003-1337-5330","0000-0003-1337-5330","seasonal drop; only marscesent leaves remaining",
"4378daa9-2d7c-4a0e-9496-a5d68d24d7b8","SERC_063.phenology.phe","D02","SERC","SERC_063","2019-12-05","2019-12-05",339,"NEON.PLA.D02.SERC.06520","Colored leaves","no","Percentage of the canopy that is full with colored leaves",,"NEON.DOC.014040vL","0000-0003-1337-5330","0000-0003-1337-5330","seasonal drop; only marscesent leaves remaining",
"aae68d2f-3fea-46f4-b38b-e1658885b5ef","SERC_063.phenology.phe","D02","SERC","SERC_063","2019-12-05","2019-12-05",339,"NEON.PLA.D02.SERC.06519","Open flowers","no","Percentage of all fresh flowers (buds plus unopened plus open on the plant that are open",,"NEON.DOC.014040vL","0000-0003-1337-5330","0000-0003-1337-5330","seasonal drop; only marscesent leaves remaining",
"6bb35f59-43e4-4082-9917-dbb98fee396e","SERC_063.phenology.phe","D02","SERC","SERC_063","2019-12-05","2019-12-05",339,"NEON.PLA.D02.SERC.06575","Breaking leaf buds","no","Number of breaking buds",,"NEON.DOC.014040vL","0000-0003-1337-5330","0000-0003-1337-5330","seasonal drop",
"261e4da2-ef41-4166-a672-cf7fadff363c","SERC_063.phenology.phe","D02","SERC","SERC_063","2019-12-05","2019-12-05",339,"NEON.PLA.D02.SERC.06590","Increasing leaf size","no","Percentage of full size of most leaves",,"NEON.DOC.014040vL","0000-0003-1337-5330","0000-0003-1337-5330","seasonal drop",
"a04c4e78-2af1-432b-9739-7c10c267f72a","SERC_072.phenology.phe","D02","SERC","SERC_072","2019-12-05","2019-12-05",339,"NEON.PLA.D02.SERC.06024","Falling leaves","yes",,,"NEON.DOC.014040vL","0000-0003-1337-5330","0000-0003-1337-5330","seasonal drop",
"f72452e3-3b7b-41a1-87c0-894ab22d8860","SERC_063.phenology.phe","D02","SERC","SERC_063","2019-12-05","2019-12-05",339,"NEON.PLA.D02.SERC.06519","Increasing leaf size","no","Percentage of full size of most leaves",,"NEON.DOC.014040vL","0000-0003-1337-5330","0000-0003-1337-5330","seasonal drop; only marscesent leaves remaining",
"fad4c152-e642-40c0-b57b-3ec21e69398d","SERC_063.phenology.phe","D02","SERC","SERC_063","2019-12-05","2019-12-05",339,"NEON.PLA.D02.SERC.06590","Colored leaves","no","Percentage of the canopy that is full with colored leaves",,"NEON.DOC.014040vL","0000-0003-1337-5330","0000-0003-1337-5330","seasonal drop",
"63cf83e1-acff-4390-abdb-af96db5e6cd2","SERC_072.phenology.phe","D02","SERC","SERC_072","2019-12-05","2019-12-05",339,"NEON.PLA.D02.SERC.06029","Increasing leaf size","no","Percentage of full size of most leaves",,"NEON.DOC.014040vL","0000-0003-1337-5330","0000-0003-1337-5330","seasonal drop",
"405a0097-81bd-4e79-a590-881cb9b6d027","SERC_063.phenology.phe","D02","SERC","SERC_063","2019-12-05","2019-12-05",339,"NEON.PLA.D02.SERC.06600","Colored leaves","no","Percentage of the canopy that is full with colored leaves",,"NEON.DOC.014040vL","0000-0003-1337-5330","0000-0003-1337-5330","seasonal drop; only marscesent leaves remaining",
"5bd00848-9530-4023-b68a-9478c60ce101","SERC_063.phenology.phe","D02","SERC","SERC_063","2019-12-05","2019-12-05",339,"NEON.PLA.D02.SERC.06586","Open flowers","no","Percentage of all fresh flowers (buds plus unopened plus open on the plant that are open",,"NEON.DOC.014040vL","0000-0003-1337-5330","0000-0003-1337-5330","seasonal drop; only marscesent leaves remaining",
"66b888a4-6611-4e4d-bfc1-96b5fc367ec7","SERC_072.phenology.phe","D02","SERC","SERC_072","2019-12-05","2019-12-05",339,"NEON.PLA.D02.SERC.06029","Falling leaves","yes",,,"NEON.DOC.014040vL","0000-0003-1337-5330","0000-0003-1337-5330","seasonal drop",
"13c92c79-33ad-4d46-a98d-8f5afbf0f798","SERC_063.phenology.phe","D02","SERC","SERC_063","2019-12-05","2019-12-05",339,"NEON.PLA.D02.SERC.06527","Open flowers","no","Percentage of all fresh flowers (buds plus unopened plus open on the plant that are open",,"NEON.DOC.014040vL","0000-0003-1337-5330","0000-0003-1337-5330","seasonal drop",
"76cc895b-49c3-451c-8af3-db29738f0453","SERC_063.phenology.phe","D02","SERC","SERC_063","2019-12-05","2019-12-05",339,"NEON.PLA.D02.SERC.06523","Breaking leaf buds","no","Number of breaking buds",,"NEON.DOC.014040vL","0000-0003-1337-5330","0000-0003-1337-5330","seasonal drop; only marscesent leaves remaining",
"77b6ac3d-ca52-45d0-af69-6b6cca9de530","SERC_063.phenology.phe","D02","SERC","SERC_063","2019-12-05","2019-12-05",339,"NEON.PLA.D02.SERC.06555","Breaking leaf buds","no","Number of breaking buds",,"NEON.DOC.014040vL","0000-0003-1337-5330","0000-0003-1337-5330","seasonal drop; only marscesent leaves remaining",
"311bedb8-4db7-4989-8a5c-72b4d5f49b5a","SERC_063.phenology.phe","D02","SERC","SERC_063","2019-12-05","2019-12-05",339,"NEON.PLA.D02.SERC.06576","Breaking leaf buds","no","Number of breaking buds",,"NEON.DOC.014040vL","0000-0003-1337-5330","0000-0003-1337-5330","seasonal drop; only marscesent leaves remaining",
"6ec2c3be-64df-461a-ad7e-7b7bad2b0d7d","SERC_063.phenology.phe","D02","SERC","SERC_063","2019-12-05","2019-12-05",339,"NEON.PLA.D02.SERC.06519","Falling leaves","yes",,,"NEON.DOC.014040vL","0000-0003-1337-5330","0000-0003-1337-5330","seasonal drop; only marscesent leaves remaining",
"af48cdca-2772-4fdb-b056-214bed537377","SERC_063.phenology.phe","D02","SERC","SERC_063","2019-12-05","2019-12-05",339,"NEON.PLA.D02.SERC.06592","Colored leaves","no","Percentage of the canopy that is full with colored leaves",,"NEON.DOC.014040vL","0000-0003-1337-5330","0000-0003-1337-5330","seasonal drop; only marscesent leaves remaining",
"b453a28a-2159-451d-bb87-7008127e4f5e","SERC_063.phenology.phe","D02","SERC","SERC_063","2019-12-05","2019-12-05",339,"NEON.PLA.D02.SERC.06555","Open flowers","no","Percentage of all fresh flowers (buds plus unopened plus open on the plant that are open",,"NEON.DOC.014040vL","0000-0003-1337-5330","0000-0003-1337-5330","seasonal drop; only marscesent leaves remaining",
"e5cbe1b7-2096-454d-9261-6489db201680","SERC_063.phenology.phe","D02","SERC","SERC_063","2019-12-05","2019-12-05",339,"NEON.PLA.D02.SERC.06539","Leaves","no","Percentage of the canopy that is full with leaves",,"NEON.DOC.014040vL","0000-0003-1337-5330","0000-0003-1337-5330","seasonal drop; only marscesent leaves remaining",
"e8a97aac-92a8-4736-86af-4a86e60ac894","SERC_063.phenology.phe","D02","SERC","SERC_063","2019-12-05","2019-12-05",339,"NEON.PLA.D02.SERC.06527","Increasing leaf size","no","Percentage of full size of most leaves",,"NEON.DOC.014040vL","0000-0003-1337-5330","0000-0003-1337-5330","seasonal drop",
"dd4814b0-60c8-4c6b-b560-bca6f07dded4","SERC_063.phenology.phe","D02","SERC","SERC_063","2019-12-05","2019-12-05",339,"NEON.PLA.D02.SERC.06576","Colored leaves","no","Percentage of the canopy that is full with colored leaves",,"NEON.DOC.014040vL","0000-0003-1337-5330","0000-0003-1337-5330","seasonal drop; only marscesent leaves remaining",
"1c9298de-ca72-4b02-9b73-7d80a72434ee","SERC_063.phenology.phe","D02","SERC","SERC_063","2019-12-05","2019-12-05",339,"NEON.PLA.D02.SERC.06520","Breaking leaf buds","no","Number of breaking buds",,"NEON.DOC.014040vL","0000-0003-1337-5330","0000-0003-1337-5330","seasonal drop; only marscesent leaves remaining",
"6d147019-58cf-4602-9444-f40bcc36c01c","SERC_063.phenology.phe","D02","SERC","SERC_063","2019-12-05","2019-12-05",339,"NEON.PLA.D02.SERC.06591","Increasing leaf size","no","Percentage of full size of most leaves",,"NEON.DOC.014040vL","0000-0003-1337-5330","0000-0003-1337-5330",,
"ab83f8aa-46c6-4ccf-b659-11bf740e0cbc","SERC_063.phenology.phe","D02","SERC","SERC_063","2019-12-05","2019-12-05",339,"NEON.PLA.D02.SERC.06575","Open flowers","no","Percentage of all fresh flowers (buds plus unopened plus open on the plant that are open",,"NEON.DOC.014040vL","0000-0003-1337-5330","0000-0003-1337-5330","seasonal drop",
"ebee20cb-6c0e-4316-9868-569229e9e6aa","SERC_063.phenology.phe","D02","SERC","SERC_063","2019-12-05","2019-12-05",339,"NEON.PLA.D02.SERC.06575","Increasing leaf size","no","Percentage of full size of most leaves",,"NEON.DOC.014040vL","0000-0003-1337-5330","0000-0003-1337-5330","seasonal drop",
"737faa81-ee7f-4f00-a3d4-492d96c63b32","SERC_063.phenology.phe","D02","SERC","SERC_063","2019-12-05","2019-12-05",339,"NEON.PLA.D02.SERC.06595","Open flowers","no","Percentage of all fresh flowers (buds plus unopened plus open on the plant that are open",,"NEON.DOC.014040vL","0000-0003-1337-5330","0000-0003-1337-5330","seasonal drop; only marscesent leaves remaining",
"16e8f10d-f640-40dc-a292-e789715b9d18","SERC_063.phenology.phe","D02","SERC","SERC_063","2019-12-05","2019-12-05",339,"NEON.PLA.D02.SERC.06562","Increasing leaf size","no","Percentage of full size of most leaves",,"NEON.DOC.014040vL","0000-0003-1337-5330","0000-0003-1337-5330","seasonal drop; only marscesent leaves remaining",
"f92e69a1-7fd3-4ac4-b1c6-1f4e6082aea1","SERC_072.phenology.phe","D02","SERC","SERC_072","2019-12-05","2019-12-05",339,"NEON.PLA.D02.SERC.06026","Leaves","no","Percentage of the canopy that is full with leaves",,"NEON.DOC.014040vL","0000-0003-1337-5330","0000-0003-1337-5330","seasonal drop; only marscesent leaves remaining",
"ca5d1375-b9e3-4d00-8e5f-e7dba81d4016","SERC_063.phenology.phe","D02","SERC","SERC_063","2019-12-05","2019-12-05",339,"NEON.PLA.D02.SERC.06532","Falling leaves","yes",,,"NEON.DOC.014040vL","0000-0003-1337-5330","0000-0003-1337-5330","seasonal drop",
"39806f6b-81f2-4951-a758-1427e1f595b9","SERC_063.phenology.phe","D02","SERC","SERC_063","2019-12-05","2019-12-05",339,"NEON.PLA.D02.SERC.06525","Falling leaves","yes",,,"NEON.DOC.014040vL","0000-0003-1337-5330","0000-0003-1337-5330","seasonal drop; only marscesent leaves remaining",
"d7c394c4-fef7-4859-a6b4-e9889439ea83","SERC_063.phenology.phe","D02","SERC","SERC_063","2019-12-05","2019-12-05",339,"NEON.PLA.D02.SERC.06593","Falling leaves","yes",,,"NEON.DOC.014040vL","0000-0003-1337-5330","0000-0003-1337-5330","seasonal drop; only marscesent leaves remaining",
"5e2a5b9a-1df4-42d3-914d-7e6569458375","SERC_072.phenology.phe","D02","SERC","SERC_072","2019-12-05","2019-12-05",339,"NEON.PLA.D02.SERC.06026","Breaking leaf buds","no","Number of breaking buds",,"NEON.DOC.014040vL","0000-0003-1337-5330","0000-0003-1337-5330","seasonal drop; only marscesent leaves remaining",
"d2ab049c-5e3f-4acb-b18e-c230a0b77d08","SERC_063.phenology.phe","D02","SERC","SERC_063","2019-12-05","2019-12-05",339,"NEON.PLA.D02.SERC.06590","Leaves","no","Percentage of the canopy that is full with leaves",,"NEON.DOC.014040vL","0000-0003-1337-5330","0000-0003-1337-5330","seasonal drop",
"5bd0ef6c-e018-45e4-803f-2234a177a90c","SERC_063.phenology.phe","D02","SERC","SERC_063","2019-12-05","2019-12-05",339,"NEON.PLA.D02.SERC.06592","Falling leaves","yes",,,"NEON.DOC.014040vL","0000-0003-1337-5330","0000-0003-1337-5330","seasonal drop; only marscesent leaves remaining",
"34207671-a48b-4924-882d-a08e29b8cdcc","SERC_063.phenology.phe","D02","SERC","SERC_063","2019-12-05","2019-12-05",339,"NEON.PLA.D02.SERC.06556","Open flowers","no","Percentage of all fresh flowers (buds plus unopened plus open on the plant that are open",,"NEON.DOC.014040vL","0000-0003-1337-5330","0000-0003-1337-5330","seasonal drop; only marscesent leaves remaining",
"67471344-6109-4668-80ce-9e262fd33765","SERC_072.phenology.phe","D02","SERC","SERC_072","2019-12-05","2019-12-05",339,"NEON.PLA.D02.SERC.06024","Leaves","no","Percentage of the canopy that is full with leaves",,"NEON.DOC.014040vL","0000-0003-1337-5330","0000-0003-1337-5330","seasonal drop",
"85e0938f-0845-474c-99bc-88b40b8c52b7","SERC_063.phenology.phe","D02","SERC","SERC_063","2019-12-05","2019-12-05",339,"NEON.PLA.D02.SERC.06590","Open flowers","no","Percentage of all fresh flowers (buds plus unopened plus open on the plant that are open",,"NEON.DOC.014040vL","0000-0003-1337-5330","0000-0003-1337-5330","seasonal drop",
"dd40c2e9-f0f7-4c38-94b2-59b8b64aa578","SERC_063.phenology.phe","D02","SERC","SERC_063","2019-12-05","2019-12-05",339,"NEON.PLA.D02.SERC.06524","Leaves","no","Percentage of the canopy that is full with leaves",,"NEON.DOC.014040vL","0000-0003-1337-5330","0000-0003-1337-5330","seasonal drop",
"d5cc8356-4ad1-4fa8-aace-c0f83293214e","SERC_063.phenology.phe","D02","SERC","SERC_063","2019-12-05","2019-12-05",339,"NEON.PLA.D02.SERC.06534","Falling leaves","yes",,,"NEON.DOC.014040vL","0000-0003-1337-5330","0000-0003-1337-5330","seasonal drop",
"1fb22021-41ee-427c-bf4c-b7a0cb1beff9","SERC_063.phenology.phe","D02","SERC","SERC_063","2019-12-05","2019-12-05",339,"NEON.PLA.D02.SERC.06539","Breaking leaf buds","no","Number of breaking buds",,"NEON.DOC.014040vL","0000-0003-1337-5330","0000-0003-1337-5330","seasonal drop; only marscesent leaves remaining",
"85812e9a-eaa3-46ba-88d8-1758009d98ff","SERC_063.phenology.phe","D02","SERC","SERC_063","2019-12-05","2019-12-05",339,"NEON.PLA.D02.SERC.06532","Open flowers","no","Percentage of all fresh flowers (buds plus unopened plus open on the plant that are open",,"NEON.DOC.014040vL","0000-0003-1337-5330","0000-0003-1337-5330","seasonal drop",
"336caeb9-2375-49d8-9819-e2b99196bdb1","SERC_063.phenology.phe","D02","SERC","SERC_063","2019-12-05","2019-12-05",339,"NEON.PLA.D02.SERC.06595","Colored leaves","no","Percentage of the canopy that is full with colored leaves",,"NEON.DOC.014040vL","0000-0003-1337-5330","0000-0003-1337-5330","seasonal drop; only marscesent leaves remaining",
"f9862260-8608-454c-99e0-77162c2be2b9","SERC_063.phenology.phe","D02","SERC","SERC_063","2019-12-05","2019-12-05",339,"NEON.PLA.D02.SERC.06593","Leaves","no","Percentage of the canopy that is full with leaves",,"NEON.DOC.014040vL","0000-0003-1337-5330","0000-0003-1337-5330","seasonal drop; only marscesent leaves remaining",
"b021bbf3-bdb3-4e81-a34b-8a4a2c7c1844","SERC_063.phenology.phe","D02","SERC","SERC_063","2019-12-05","2019-12-05",339,"NEON.PLA.D02.SERC.06593","Colored leaves","no","Percentage of the canopy that is full with colored leaves",,"NEON.DOC.014040vL","0000-0003-1337-5330","0000-0003-1337-5330","seasonal drop; only marscesent leaves remaining",
