uid,namedLocation,domainID,siteID,plotID,date,editedDate,individualID,patchOrIndividual,canopyPosition,plantStatus,stemDiameter,measurementHeight,maxCanopyDiameter,ninetyCanopyDiameter,patchSize,percentCover,height,diseaseType,samplingProtocolVersion,measuredBy,recordedBy,remarks,dataQF
"7f9c05d6-cc82-45c8-8eac-fc7862255947","BLAN_061.phenology.phe","D02","BLAN","BLAN_061","2018-09-19","2018-07-05","NEON.PLA.D02.BLAN.06017","Patch","Full sun","Live, other damage",,,,,0.063,35.0,1.3,,"NEON.DOC.014040vH","gchapman@neoninc.org","gchapman@neoninc.org","Leaning due to excessive moisture; ground abnormally saturated",
"095d713a-0abe-4061-8e8f-0a41becc7de9","BLAN_061.phenology.phe","D02","BLAN","BLAN_061","2018-09-19","2018-09-07","NEON.PLA.D02.BLAN.06800","Patch","Full sun","Live",,,,,0.063,50.0,1.4,,"NEON.DOC.014040vH","gchapman@neoninc.org","gchapman@neoninc.org",,
"3b452cc8-4583-465f-a647-6efb34ef80dd","BLAN_061.phenology.phe","D02","BLAN","BLAN_061","2018-09-19","2018-02-12","NEON.PLA.D02.BLAN.06693","Patch","Mostly shaded","Live",,,,,0.063,18.0,1.1,,"NEON.DOC.014040vH","gchapman@neoninc.org","gchapman@neoninc.org",,
"7b162473-beb9-4628-836e-f04a7f631aec","BLAN_061.phenology.phe","D02","BLAN","BLAN_061","2018-09-19","2018-02-12","NEON.PLA.D02.BLAN.06684","Patch","Partially shaded","Live",,,,,0.063,65.0,1.1,,"NEON.DOC.014040vH","gchapman@neoninc.org","gchapman@neoninc.org",,
"3da50d0c-8037-42ce-b5b4-95730ee0dd0c","BLAN_061.phenology.phe","D02","BLAN","BLAN_061","2018-09-19","2018-02-12","NEON.PLA.D02.BLAN.06283","Patch","Full sun","Live",,,,,0.063,50.0,1.1,,"NEON.DOC.014040vH","gchapman@neoninc.org","gchapman@neoninc.org",,
"f3a96ffe-e311-4368-86dd-2b6d5ebe63d0","BLAN_061.phenology.phe","D02","BLAN","BLAN_061","2018-09-19","2018-02-12","NEON.PLA.D02.BLAN.06509","Patch","Mostly shaded","Live",,,,,0.063,12.0,0.9,,"NEON.DOC.014040vH","gchapman@neoninc.org","gchapman@neoninc.org",,
"7512dc1f-1c80-445a-af27-f984331b608d","BLAN_061.phenology.phe","D02","BLAN","BLAN_061","2018-09-19","2018-02-12","NEON.PLA.D02.BLAN.06510","Patch","Partially shaded","Live",,,,,0.063,25.0,1.4,,"NEON.DOC.014040vH","gchapman@neoninc.org","gchapman@neoninc.org",,
"ba2b6430-84b1-4584-a615-add4f038ad89","BLAN_061.phenology.phe","D02","BLAN","BLAN_061","2018-09-19","2018-02-12","NEON.PLA.D02.BLAN.06685","Patch","Full sun","Live",,,,,0.063,80.0,1.2,,"NEON.DOC.014040vH","gchapman@neoninc.org","gchapman@neoninc.org",,
"40e1e650-5cf8-4d8c-ba73-8597ccacf196","BLAN_061.phenology.phe","D02","BLAN","BLAN_061","2018-09-19","2018-02-12","NEON.PLA.D02.BLAN.06688","Patch","Full sun","Live",,,,,0.063,55.0,1.1,,"NEON.DOC.014040vH","gchapman@neoninc.org","gchapman@neoninc.org",,
"1fdd650f-3dc5-4dd0-947c-4caf73cd11a7","BLAN_061.phenology.phe","D02","BLAN","BLAN_061","2018-09-19","2018-05-02","NEON.PLA.D02.BLAN.06019","Patch","Mostly shaded","Live",,,,,0.063,30.0,0.9,,"NEON.DOC.014040vH","gchapman@neoninc.org","gchapman@neoninc.org",,
"b4748f8f-2c6e-4957-890d-b2f39ba4f801","BLAN_061.phenology.phe","D02","BLAN","BLAN_061","2018-09-19","2018-02-12","NEON.PLA.D02.BLAN.06697","Patch","Full sun","Live",,,,,0.063,65.0,1.5,,"NEON.DOC.014040vH","gchapman@neoninc.org","gchapman@neoninc.org",,
"0214ff6a-bb27-4f72-974e-92d62085e573","BLAN_061.phenology.phe","D02","BLAN","BLAN_061","2018-09-19","2018-02-12","NEON.PLA.D02.BLAN.06513","Patch","Full sun","Live",,,,,0.063,15.0,0.9,,"NEON.DOC.014040vH","gchapman@neoninc.org","gchapman@neoninc.org",,
"6d3f1a78-b683-4933-8f81-9fa962a6a617","BLAN_061.phenology.phe","D02","BLAN","BLAN_061","2018-09-19","2018-02-12","NEON.PLA.D02.BLAN.06503","Patch","Full shade","Live",,,,,0.063,10.0,0.6,,"NEON.DOC.014040vH","gchapman@neoninc.org","gchapman@neoninc.org",,
"47ff101d-6309-4b31-924e-c3b0433038a8","BLAN_061.phenology.phe","D02","BLAN","BLAN_061","2018-09-19","2018-02-12","NEON.PLA.D02.BLAN.06511","Patch","Partially shaded","Live",,,,,0.063,60.0,1.2,,"NEON.DOC.014040vH","gchapman@neoninc.org","gchapman@neoninc.org",,
"65be7883-8ba0-4fa4-9687-a83f7bb87b18","BLAN_061.phenology.phe","D02","BLAN","BLAN_061","2018-09-19","2018-02-12","NEON.PLA.D02.BLAN.06699","Patch","Mostly shaded","Live",,,,,0.063,10.0,0.7,,"NEON.DOC.014040vH","gchapman@neoninc.org","gchapman@neoninc.org",,
"9494da98-e2ec-411a-b702-f0b806aafb50","BLAN_061.phenology.phe","D02","BLAN","BLAN_061","2018-09-19","2018-02-12","NEON.PLA.D02.BLAN.06696","Patch","Partially shaded","Live, other damage",,,,,0.063,10.0,0.8,,"NEON.DOC.014040vH","gchapman@neoninc.org","gchapman@neoninc.org","biotic suppression by invading Rubus parvifolius",
"59f110de-e632-4f81-a83c-5194d3c9fc75","BLAN_061.phenology.phe","D02","BLAN","BLAN_061","2018-09-19","2018-02-12","NEON.PLA.D02.BLAN.06160","Patch","Mostly shaded","Live",,,,,0.063,10.0,0.6,,"NEON.DOC.014040vH","gchapman@neoninc.org","gchapman@neoninc.org",,
"c120bc7e-ea67-448c-8383-b567a2dafb05","BLAN_061.phenology.phe","D02","BLAN","BLAN_061","2018-09-19","2018-02-12","NEON.PLA.D02.BLAN.06502","Patch","Full shade","Live",,,,,0.063,15.0,0.7,,"NEON.DOC.014040vH","gchapman@neoninc.org","gchapman@neoninc.org",,
"97a2c34f-a9f2-46a7-91d0-3368b975a47f","BLAN_061.phenology.phe","D02","BLAN","BLAN_061","2018-09-19","2018-07-05","NEON.PLA.D02.BLAN.06016","Patch","Partially shaded","Live",,,,,0.063,25.0,1.2,,"NEON.DOC.014040vH","gchapman@neoninc.org","gchapman@neoninc.org",,
"87c49872-14ea-4c21-8e27-8a6a1d88cc9e","BLAN_061.phenology.phe","D02","BLAN","BLAN_061","2018-09-19","2018-02-12","NEON.PLA.D02.BLAN.06698","Patch","Partially shaded","Live",,,,,0.063,55.0,1.5,,"NEON.DOC.014040vH","gchapman@neoninc.org","gchapman@neoninc.org",,
"a50347b8-2e18-4069-9c89-48ff36fe535c","BLAN_061.phenology.phe","D02","BLAN","BLAN_061","2018-09-19","2018-02-12","NEON.PLA.D02.BLAN.06694","Patch","Partially shaded","Live",,,,,0.063,15.0,1.1,,"NEON.DOC.014040vH","gchapman@neoninc.org","gchapman@neoninc.org",,
"9875edc8-5a52-46c0-a5f4-7cd3d16b7e8f","BLAN_061.phenology.phe","D02","BLAN","BLAN_061","2018-09-19","2018-02-12","NEON.PLA.D02.BLAN.06686","Patch","Partially shaded","Live",,,,,0.063,35.0,1.3,,"NEON.DOC.014040vH","gchapman@neoninc.org","gchapman@neoninc.org",,
"569d5d38-a15c-4046-8945-441b168d2961","BLAN_061.phenology.phe","D02","BLAN","BLAN_061","2018-09-19","2018-02-12","NEON.PLA.D02.BLAN.06514","Patch","Partially shaded","Live",,,,,0.063,15.0,1.3,,"NEON.DOC.014040vH","gchapman@neoninc.org","gchapman@neoninc.org",,
"ca3e0dc0-ebbc-47f7-83da-e26a1574640a","BLAN_061.phenology.phe","D02","BLAN","BLAN_061","2018-09-19","2018-02-12","NEON.PLA.D02.BLAN.06512","Patch","Mostly shaded","Live",,,,,0.063,20.0,1.0,,"NEON.DOC.014040vH","gchapman@neoninc.org","gchapman@neoninc.org",,
"26ca7c48-5416-405b-abd0-3637a5bd3fea","BLAN_061.phenology.phe","D02","BLAN","BLAN_061","2018-09-19","2018-05-31","NEON.PLA.D02.BLAN.06018","Patch","Full sun","Live",,,,,0.063,65.0,1.3,,"NEON.DOC.014040vH","gchapman@neoninc.org","gchapman@neoninc.org",,
"0153b881-d303-4740-b012-eaf0a3baf322","BLAN_061.phenology.phe","D02","BLAN","BLAN_061","2018-09-19","2018-05-07","NEON.PLA.D02.BLAN.06020","Patch","Full sun","Live",,,,,0.063,50.0,1.7,,"NEON.DOC.014040vH","gchapman@neoninc.org","gchapman@neoninc.org",,
"bea2e0b4-cfa8-46c7-bf8a-50b0bd54262e","BLAN_061.phenology.phe","D02","BLAN","BLAN_061","2018-09-19","2018-02-12","NEON.PLA.D02.BLAN.06689","Patch","Partially shaded","Live",,,,,0.063,30.0,1.1,,"NEON.DOC.014040vH","gchapman@neoninc.org","gchapman@neoninc.org",,
"11f7bf5e-6a49-49f5-a663-6c549b1d2433","BLAN_061.phenology.phe","D02","BLAN","BLAN_061","2018-09-19","2018-02-12","NEON.PLA.D02.BLAN.06695","Patch","Full shade","Live",,,,,0.063,10.0,0.7,,"NEON.DOC.014040vH","gchapman@neoninc.org","gchapman@neoninc.org",,
"5c6444b7-9fdb-4395-9272-05bc11d2e209","BLAN_061.phenology.phe","D02","BLAN","BLAN_061","2018-09-19","2018-07-18","NEON.PLA.D02.BLAN.06691","Patch","Full sun","Live",,,,,0.063,75.0,1.3,,"NEON.DOC.014040vH","gchapman@neoninc.org","gchapman@neoninc.org",,
"85eddb8d-2504-480e-acec-b9b892192236","BLAN_061.phenology.phe","D02","BLAN","BLAN_061","2018-09-19","2018-02-12","NEON.PLA.D02.BLAN.06687","Patch","Full sun","Live",,,,,0.063,50.0,1.2,,"NEON.DOC.014040vH","gchapman@neoninc.org","gchapman@neoninc.org",,
