uid,namedLocation,domainID,siteID,plotID,date,editedDate,individualID,patchOrIndividual,canopyPosition,plantStatus,stemDiameter,measurementHeight,maxCanopyDiameter,ninetyCanopyDiameter,patchSize,percentCover,height,diseaseType,samplingProtocolVersion,measuredBy,recordedBy,remarks,dataQF
"9a5e6d2c-aad0-4ee0-bd78-f7f82abb2cb7","SCBI_060.phenology.phe","D02","SCBI","SCBI_060","2019-09-10","2018-11-15","NEON.PLA.D02.SCBI.06272","Patch","Partially shaded","Live",,,,,0.063,75.0,0.6,,"NEON.DOC.014040vL","gchapman@neoninc.org","gchapman@neoninc.org",,
"9017ef8e-4fc0-44e3-b55d-5bf99bbd9e8c","SCBI_060.phenology.phe","D02","SCBI","SCBI_060","2019-09-10","2018-02-12","NEON.PLA.D02.SCBI.06266","Patch","Full shade","Live",,,,,0.063,60.0,0.2,,"NEON.DOC.014040vL","gchapman@neoninc.org","gchapman@neoninc.org",,
"49db1d5e-3302-486f-b9dc-5a3b0ef1e7ea","SCBI_060.phenology.phe","D02","SCBI","SCBI_060","2019-09-10","2018-11-15","NEON.PLA.D02.SCBI.06262","Patch","Full shade","Live",,,,,0.063,60.0,0.3,,"NEON.DOC.014040vL","gchapman@neoninc.org","gchapman@neoninc.org",,
"39232c53-8fdd-4363-8dac-077cbbc80b59","SCBI_060.phenology.phe","D02","SCBI","SCBI_060","2019-09-10","2018-11-07","NEON.PLA.D02.SCBI.06083","Patch","Full shade","Live",,,,,0.063,55.0,0.4,,"NEON.DOC.014040vL","gchapman@neoninc.org","gchapman@neoninc.org",,
"54a26152-1229-4dbd-91d6-e29137b94dcd","SCBI_060.phenology.phe","D02","SCBI","SCBI_060","2019-09-10","2018-02-12","NEON.PLA.D02.SCBI.06274","Patch","Full shade","Live",,,,,0.063,35.0,0.2,,"NEON.DOC.014040vL","gchapman@neoninc.org","gchapman@neoninc.org",,
"c805d437-f937-480f-91cb-a3bfbc9e2f29","SCBI_060.phenology.phe","D02","SCBI","SCBI_060","2019-09-10","2018-02-12","NEON.PLA.D02.SCBI.06265","Patch","Full shade","Live",,,,,0.063,75.0,0.4,,"NEON.DOC.014040vL","gchapman@neoninc.org","gchapman@neoninc.org",,
"3e4572f1-0ed3-45df-a203-c646d97be99d","SCBI_060.phenology.phe","D02","SCBI","SCBI_060","2019-09-10","2018-11-07","NEON.PLA.D02.SCBI.06137","Patch","Full shade","Live",,,,,0.063,60.0,0.3,,"NEON.DOC.014040vL","gchapman@neoninc.org","gchapman@neoninc.org",,
"6463a56f-58ce-468d-83b4-e2aa3c32baaf","SCBI_060.phenology.phe","D02","SCBI","SCBI_060","2019-09-10","2018-11-15","NEON.PLA.D02.SCBI.06273","Patch","Mostly shaded","Live",,,,,0.063,90.0,1.0,,"NEON.DOC.014040vL","gchapman@neoninc.org","gchapman@neoninc.org",,
"f31e9320-6513-4a57-aa56-a8e60ea4b6a6","SCBI_060.phenology.phe","D02","SCBI","SCBI_060","2019-09-10","2018-11-07","NEON.PLA.D02.SCBI.06285","Patch","Full shade","Live",,,,,0.063,45.0,0.2,,"NEON.DOC.014040vL","gchapman@neoninc.org","gchapman@neoninc.org",,
"2df115a8-8f64-473e-aebd-87df3ad8882f","SCBI_060.phenology.phe","D02","SCBI","SCBI_060","2019-09-10","2018-11-07","NEON.PLA.D02.SCBI.06144","Patch","Partially shaded","Live",,,,,0.063,50.0,0.8,,"NEON.DOC.014040vL","gchapman@neoninc.org","gchapman@neoninc.org",,
"391eca11-6009-441b-9fb3-b3e454d95bf4","SCBI_060.phenology.phe","D02","SCBI","SCBI_060","2019-09-10","2018-11-07","NEON.PLA.D02.SCBI.06049","Patch","Partially shaded","Live",,,,,0.063,85.0,0.9,,"NEON.DOC.014040vL","gchapman@neoninc.org","gchapman@neoninc.org",,
"9691ee31-5204-4666-bbcb-b23b732aefe4","SCBI_060.phenology.phe","D02","SCBI","SCBI_060","2019-09-10","2018-02-12","NEON.PLA.D02.SCBI.06082","Patch","Partially shaded","Live",,,,,0.063,85.0,1.1,,"NEON.DOC.014040vL","gchapman@neoninc.org","gchapman@neoninc.org",,
"fc1176c3-60ec-4668-9fb0-5a696d0d9202","SCBI_060.phenology.phe","D02","SCBI","SCBI_060","2019-09-10","2018-11-15","NEON.PLA.D02.SCBI.06270","Patch","Mostly shaded","Live",,,,,0.063,85.0,1.1,,"NEON.DOC.014040vL","gchapman@neoninc.org","gchapman@neoninc.org",,
"20f4a444-49d9-4d14-a1a3-8fba2248b9ad","SCBI_060.phenology.phe","D02","SCBI","SCBI_060","2019-09-10","2018-11-07","NEON.PLA.D02.SCBI.06134","Patch","Mostly shaded","Live",,,,,0.063,50.0,0.4,,"NEON.DOC.014040vL","gchapman@neoninc.org","gchapman@neoninc.org",,
"e9cf0157-9e44-46e9-a072-e483bb178e6b","SCBI_060.phenology.phe","D02","SCBI","SCBI_060","2019-09-10","2018-02-12","NEON.PLA.D02.SCBI.06268","Patch","Full shade","Live",,,,,0.063,40.0,0.2,,"NEON.DOC.014040vL","gchapman@neoninc.org","gchapman@neoninc.org",,
"27ed7d48-6ca7-4c80-abc7-31c51955c30d","SCBI_060.phenology.phe","D02","SCBI","SCBI_060","2019-09-10","2018-11-15","NEON.PLA.D02.SCBI.06275","Patch","Full shade","Live",,,,,0.063,55.0,0.3,,"NEON.DOC.014040vL","gchapman@neoninc.org","gchapman@neoninc.org",,
"5f572b2c-d7ec-4b52-a7fd-044bafb1da2e","SCBI_060.phenology.phe","D02","SCBI","SCBI_060","2019-09-10","2018-02-12","NEON.PLA.D02.SCBI.06044","Patch","Full shade","Live",,,,,0.063,60.0,0.4,,"NEON.DOC.014040vL","gchapman@neoninc.org","gchapman@neoninc.org",,
"7e7304ae-34e5-45c1-8653-14684f0f51c5","SCBI_060.phenology.phe","D02","SCBI","SCBI_060","2019-09-10","2018-11-07","NEON.PLA.D02.SCBI.06136","Patch","Mostly shaded","Live",,,,,0.063,85.0,0.6,,"NEON.DOC.014040vL","gchapman@neoninc.org","gchapman@neoninc.org",,
"6bdce6a0-c209-4275-b83a-9778c6ac4d67","SCBI_060.phenology.phe","D02","SCBI","SCBI_060","2019-09-10","2018-02-12","NEON.PLA.D02.SCBI.06284","Patch","Full shade","Live",,,,,0.063,7.0,0.1,,"NEON.DOC.014040vL","gchapman@neoninc.org","gchapman@neoninc.org",,
"80a50ce6-5b89-4c72-86fa-3cbe773c1fb8","SCBI_060.phenology.phe","D02","SCBI","SCBI_060","2019-09-10","2018-11-07","NEON.PLA.D02.SCBI.06096","Patch","Full shade","Live",,,,,0.063,8.0,0.4,,"NEON.DOC.014040vL","gchapman@neoninc.org","gchapman@neoninc.org",,
"bfd60bb5-0ec4-415b-86b6-9e851bfb4d42","SCBI_060.phenology.phe","D02","SCBI","SCBI_060","2019-09-10","2018-11-07","NEON.PLA.D02.SCBI.06263","Patch","Partially shaded","Live",,,,,0.063,95.0,0.7,,"NEON.DOC.014040vL","gchapman@neoninc.org","gchapman@neoninc.org",,
"ff5bf864-ab98-4454-97df-16134386b395","SCBI_060.phenology.phe","D02","SCBI","SCBI_060","2019-09-10","2018-11-07","NEON.PLA.D02.SCBI.06040","Patch","Full sun","Live",,,,,0.063,95.0,0.7,,"NEON.DOC.014040vL","gchapman@neoninc.org","gchapman@neoninc.org",,
"b25189f7-7e3f-4f8a-9520-5c110a6d42d5","SCBI_060.phenology.phe","D02","SCBI","SCBI_060","2019-09-10","2018-11-07","NEON.PLA.D02.SCBI.06264","Patch","Mostly shaded","Live",,,,,0.063,75.0,0.5,,"NEON.DOC.014040vL","gchapman@neoninc.org","gchapman@neoninc.org",,
"d55c8746-6e6d-4ec5-ad18-dd1a479a0b38","SCBI_060.phenology.phe","D02","SCBI","SCBI_060","2019-09-10","2018-02-12","NEON.PLA.D02.SCBI.06267","Patch","Full shade","Live",,,,,0.063,55.0,0.3,,"NEON.DOC.014040vL","gchapman@neoninc.org","gchapman@neoninc.org",,
"d5ec0678-5d3c-4d0d-9b2e-de6881144a70","SCBI_060.phenology.phe","D02","SCBI","SCBI_060","2019-09-10","2018-11-15","NEON.PLA.D02.SCBI.06088","Patch","Full sun","Live",,,,,0.063,90.0,1.0,,"NEON.DOC.014040vL","gchapman@neoninc.org","gchapman@neoninc.org",,
"7ae9a8b6-73f1-447e-8e48-887540624952","SCBI_060.phenology.phe","D02","SCBI","SCBI_060","2019-09-10","2018-11-07","NEON.PLA.D02.SCBI.06271","Patch","Mostly shaded","Live",,,,,0.063,40.0,0.4,,"NEON.DOC.014040vL","gchapman@neoninc.org","gchapman@neoninc.org",,
"e2046311-4c20-47b4-acf6-0697a3fb79df","SCBI_060.phenology.phe","D02","SCBI","SCBI_060","2019-09-10","2018-11-07","NEON.PLA.D02.SCBI.06282","Patch","Partially shaded","Live",,,,,0.063,45.0,0.8,,"NEON.DOC.014040vL","gchapman@neoninc.org","gchapman@neoninc.org",,
"43bd1641-9f58-4f2a-90a7-6cb05eca66f4","SCBI_060.phenology.phe","D02","SCBI","SCBI_060","2019-09-10","2018-11-15","NEON.PLA.D02.SCBI.06091","Patch","Mostly shaded","Live",,,,,0.063,85.0,0.7,,"NEON.DOC.014040vL","gchapman@neoninc.org","gchapman@neoninc.org",,
"702a8a46-13a9-445c-aed8-3e38048b8a0c","SCBI_060.phenology.phe","D02","SCBI","SCBI_060","2019-09-10","2018-11-07","NEON.PLA.D02.SCBI.06269","Patch","Partially shaded","Live",,,,,0.063,70.0,0.8,,"NEON.DOC.014040vL","gchapman@neoninc.org","gchapman@neoninc.org",,
"8b68f759-9753-405b-9c6f-49c0c7766a63","SCBI_060.phenology.phe","D02","SCBI","SCBI_060","2019-09-10","2018-11-07","NEON.PLA.D02.SCBI.06099","Patch","Mostly shaded","Live",,,,,0.063,80.0,0.5,,"NEON.DOC.014040vL","gchapman@neoninc.org","gchapman@neoninc.org",,
