uid,namedLocation,domainID,siteID,plotID,date,editedDate,individualID,patchOrIndividual,canopyPosition,plantStatus,stemDiameter,measurementHeight,maxCanopyDiameter,ninetyCanopyDiameter,patchSize,percentCover,height,diseaseType,samplingProtocolVersion,measuredBy,recordedBy,remarks,dataQF
"8ae5501e-8cc0-4261-a190-7027c9edafbb","SERC_063.phenology.phe","D02","SERC","SERC_063","2018-11-14","2018-02-12","NEON.PLA.D02.SERC.06587","Individual","Mostly shaded","Live",28.1,130.0,10.2,8.4,,,16.2,,"NEON.DOC.014040vH","elamb@battelleecology.org","gchapman@neoninc.org",,
"1a61a167-2b34-4e1a-97e8-6c78531bc913","SERC_063.phenology.phe","D02","SERC","SERC_063","2018-11-14","2018-11-09","NEON.PLA.D02.SERC.06254","Individual","Full shade","Live",1.0,130.0,2.2,1.9,,,2.2,,"NEON.DOC.014040vH","elamb@battelleecology.org","gchapman@neoninc.org",,
"efb33cf6-8b02-43c1-b7ab-2ef853284831","SERC_063.phenology.phe","D02","SERC","SERC_063","2018-11-14","2018-02-12","NEON.PLA.D02.SERC.06256","Individual","Full shade","Live",1.6,130.0,2.3,1.5,,,3.1,,"NEON.DOC.014040vH","elamb@battelleecology.org","gchapman@neoninc.org",,
"e8975f1e-ea2d-43f0-bc7e-bb91c8e63f27","SERC_063.phenology.phe","D02","SERC","SERC_063","2018-11-14","2018-02-16","NEON.PLA.D02.SERC.06539","Individual","Mostly shaded","Live",22.5,130.0,11.0,9.0,,,13.7,,"NEON.DOC.014040vH","elamb@battelleecology.org","gchapman@neoninc.org",,
"c7590ae1-f14f-4f17-997f-2c17dded7309","SERC_063.phenology.phe","D02","SERC","SERC_063","2018-11-14","2018-02-12","NEON.PLA.D02.SERC.06572","Individual","Full shade","Live",1.7,130.0,2.0,1.5,,,3.2,,"NEON.DOC.014040vH","elamb@battelleecology.org","gchapman@neoninc.org",,
"220f00cf-bb00-458d-ab33-ca393de25e38","SERC_063.phenology.phe","D02","SERC","SERC_063","2018-11-14","2018-11-09","NEON.PLA.D02.SERC.06163","Individual","Full shade","Live",3.2,130.0,2.1,2.1,,,3.2,,"NEON.DOC.014040vH","elamb@battelleecology.org","gchapman@neoninc.org",,
"5db2e8b6-14ee-4021-a9a8-f2d4da629dc1","SERC_063.phenology.phe","D02","SERC","SERC_063","2018-11-14","2018-11-09","NEON.PLA.D02.SERC.06570","Individual","Full shade","Live",1.7,130.0,2.2,1.5,,,4.3,,"NEON.DOC.014040vH","elamb@battelleecology.org","gchapman@neoninc.org",,
"ac1d626f-94b9-4e4e-b7e9-2500b0ab706e","SERC_063.phenology.phe","D02","SERC","SERC_063","2018-11-14","2018-02-12","NEON.PLA.D02.SERC.06600","Individual","Full shade","Live",13.7,130.0,8.0,5.9,,,11.1,,"NEON.DOC.014040vH","elamb@battelleecology.org","gchapman@neoninc.org",,
"b9b57d3f-b87e-43ff-a628-c03f2147e6d2","SERC_063.phenology.phe","D02","SERC","SERC_063","2018-11-14","2018-02-16","NEON.PLA.D02.SERC.06524","Individual","Partially shaded","Live",26.5,130.0,8.8,7.9,,,15.8,,"NEON.DOC.014040vH","elamb@battelleecology.org","gchapman@neoninc.org",,
"6b5c9874-1db0-4a96-a170-41c8fdcc5a61","SERC_063.phenology.phe","D02","SERC","SERC_063","2018-11-14","2018-02-16","NEON.PLA.D02.SERC.06260","Individual","Full shade","Live",1.7,130.0,2.2,1.3,,,2.6,,"NEON.DOC.014040vH","elamb@battelleecology.org","gchapman@neoninc.org",,
"aaec9b04-6f32-4b1e-9f3b-c81cbfe28d3c","SERC_063.phenology.phe","D02","SERC","SERC_063","2018-11-14","2018-11-09","NEON.PLA.D02.SERC.06561","Individual","Full shade","Live",1.1,130.0,2.4,1.5,,,2.2,,"NEON.DOC.014040vH","elamb@battelleecology.org","gchapman@neoninc.org",,
"2f8b6160-fa82-4aab-9d67-5db7d280de75","SERC_063.phenology.phe","D02","SERC","SERC_063","2018-11-14","2018-02-16","NEON.PLA.D02.SERC.06259","Individual","Full shade","Live",1.3,130.0,1.7,1.3,,,2.7,,"NEON.DOC.014040vH","elamb@battelleecology.org","gchapman@neoninc.org",,
"fc25472d-d65e-45b4-ab2c-ca1335e7eba3","SERC_063.phenology.phe","D02","SERC","SERC_063","2018-11-14","2018-02-16","NEON.PLA.D02.SERC.06536","Individual","Partially shaded","Live",34.8,130.0,4.6,4.4,,,28.8,,"NEON.DOC.014040vH","elamb@battelleecology.org","gchapman@neoninc.org",,
"22c803c2-456e-4735-931a-a24bcfd194d2","SERC_063.phenology.phe","D02","SERC","SERC_063","2018-11-14","2018-11-09","NEON.PLA.D02.SERC.06566","Individual","Full shade","Live",1.9,130.0,2.2,1.9,,,2.9,,"NEON.DOC.014040vH","elamb@battelleecology.org","gchapman@neoninc.org",,
"cf1c43d6-d9e4-471e-b314-a5643e4c930c","SERC_063.phenology.phe","D02","SERC","SERC_063","2018-11-14","2018-02-12","NEON.PLA.D02.SERC.06568","Individual","Full shade","Live",14.5,130.0,9.4,6.3,,,7.5,,"NEON.DOC.014040vH","elamb@battelleecology.org","gchapman@neoninc.org",,
"025afbe9-de33-47a6-9742-5c7da6b347d3","SERC_063.phenology.phe","D02","SERC","SERC_063","2018-11-14","2018-02-16","NEON.PLA.D02.SERC.06515","Individual","Full sun","Live",44.1,130.0,7.5,5.4,,,31.1,,"NEON.DOC.014040vH","elamb@battelleecology.org","gchapman@neoninc.org",,
"a03f885f-574d-4356-a57d-902bea47307b","SERC_063.phenology.phe","D02","SERC","SERC_063","2018-11-14","2018-02-12","NEON.PLA.D02.SERC.06571","Individual","Partially shaded","Live",22.4,130.0,5.5,5.1,,,18.6,,"NEON.DOC.014040vH","elamb@battelleecology.org","gchapman@neoninc.org",,
"95aa82b8-3cea-4b54-9cd9-7fd24300f8f5","SERC_063.phenology.phe","D02","SERC","SERC_063","2018-11-14","2018-02-12","NEON.PLA.D02.SERC.06152","Individual","Full sun","Live",32.5,130.0,11.2,8.0,,,25.8,,"NEON.DOC.014040vH","elamb@battelleecology.org","gchapman@neoninc.org",,
"000e0715-15b0-4aac-9c46-b5deca2397b8","SERC_063.phenology.phe","D02","SERC","SERC_063","2018-11-14","2018-02-12","NEON.PLA.D02.SERC.06559","Individual","Mostly shaded","Live",15.3,130.0,6.5,5.6,,,11.3,,"NEON.DOC.014040vH","elamb@battelleecology.org","gchapman@neoninc.org",,
"07c1bb30-9d83-4b5d-ac65-7cc992a30ca1","SERC_063.phenology.phe","D02","SERC","SERC_063","2018-11-14","2018-02-12","NEON.PLA.D02.SERC.06556","Individual","Mostly shaded","Live",38.0,130.0,11.0,10.3,,,25.1,,"NEON.DOC.014040vH","elamb@battelleecology.org","gchapman@neoninc.org",,
"35eb61e5-b580-49e0-969b-995e239ca778","SERC_063.phenology.phe","D02","SERC","SERC_063","2018-11-14","2018-02-12","NEON.PLA.D02.SERC.06558","Individual","Full shade","Live",1.9,130.0,2.7,1.9,,,2.7,,"NEON.DOC.014040vH","elamb@battelleecology.org","gchapman@neoninc.org",,
"ec8b061f-dfe0-4208-8713-3dcbdf1769c1","SERC_063.phenology.phe","D02","SERC","SERC_063","2018-11-14","2018-11-09","NEON.PLA.D02.SERC.06258","Individual","Full shade","Live",1.9,10.0,1.5,1.5,,,1.4,,"NEON.DOC.014040vH","elamb@battelleecology.org","gchapman@neoninc.org",,
"ace6af62-27e6-4d84-82ff-e50fb07700ac","SERC_063.phenology.phe","D02","SERC","SERC_063","2018-11-14","2018-02-16","NEON.PLA.D02.SERC.06533","Individual","Partially shaded","Live",36.0,130.0,9.8,6.6,,,29.0,,"NEON.DOC.014040vH","elamb@battelleecology.org","gchapman@neoninc.org",,
"ff1625aa-d9d0-42b2-8655-f186e39e63bf","SERC_063.phenology.phe","D02","SERC","SERC_063","2018-11-14","2018-02-16","NEON.PLA.D02.SERC.06532","Individual","Partially shaded","Live",54.1,130.0,7.2,7.0,,,33.9,,"NEON.DOC.014040vH","elamb@battelleecology.org","gchapman@neoninc.org",,
"eba17d93-bb3a-42e3-9485-4d0fb3ed3667","SERC_063.phenology.phe","D02","SERC","SERC_063","2018-11-14","2018-02-12","NEON.PLA.D02.SERC.06586","Individual","Mostly shaded","Live",19.2,130.0,9.6,7.5,,,11.1,,"NEON.DOC.014040vH","elamb@battelleecology.org","gchapman@neoninc.org",,
"f5915fc0-f533-49ca-acbd-29654370c275","SERC_063.phenology.phe","D02","SERC","SERC_063","2018-11-14","2018-02-16","NEON.PLA.D02.SERC.06526","Individual","Mostly shaded","Live",23.6,130.0,7.5,7.2,,,17.2,,"NEON.DOC.014040vH","elamb@battelleecology.org","gchapman@neoninc.org",,
"f79949e4-b3df-4061-943f-d4eac98ecb15","SERC_063.phenology.phe","D02","SERC","SERC_063","2018-11-14","2018-02-16","NEON.PLA.D02.SERC.06544","Individual","Partially shaded","Live",12.0,130.0,3.2,2.6,,,14.4,,"NEON.DOC.014040vH","elamb@battelleecology.org","gchapman@neoninc.org",,
"bb55329c-80f1-481b-946b-bfc63ac841db","SERC_063.phenology.phe","D02","SERC","SERC_063","2018-11-14","2018-02-12","NEON.PLA.D02.SERC.06596","Individual","Mostly shaded","Live",18.9,130.0,7.2,6.7,,,16.9,,"NEON.DOC.014040vH","elamb@battelleecology.org","gchapman@neoninc.org",,
"080c3754-f7c7-437b-8ec6-f0afecf4fb22","SERC_063.phenology.phe","D02","SERC","SERC_063","2018-11-14","2018-02-16","NEON.PLA.D02.SERC.06516","Individual","Full shade","Live",4.0,130.0,3.5,2.9,,,4.4,,"NEON.DOC.014040vH","elamb@battelleecology.org","gchapman@neoninc.org",,
"00a40059-6e61-4f01-96c1-71677a4103d1","SERC_063.phenology.phe","D02","SERC","SERC_063","2018-11-14","2018-02-12","NEON.PLA.D02.SERC.06555","Individual","Full shade","Live",8.9,130.0,5.7,5.6,,,7.3,,"NEON.DOC.014040vH","elamb@battelleecology.org","gchapman@neoninc.org",,
"fbe2e9be-cc10-450f-96e6-1314a72db638","SERC_063.phenology.phe","D02","SERC","SERC_063","2018-11-14","2018-07-17","NEON.PLA.D02.SERC.06164","Individual","Full shade","Live",1.0,130.0,1.3,1.1,,,2.0,,"NEON.DOC.014040vH","elamb@battelleecology.org","gchapman@neoninc.org",,
"16b6a01c-07f4-4a14-a79e-07f318e5170f","SERC_063.phenology.phe","D02","SERC","SERC_063","2018-11-14","2018-02-16","NEON.PLA.D02.SERC.06549","Individual","Partially shaded","Live",35.8,130.0,10.9,9.3,,,20.5,,"NEON.DOC.014040vH","elamb@battelleecology.org","gchapman@neoninc.org",,
"5dfec3bf-0f65-4f95-8b5f-9a6eceeadbd2","SERC_063.phenology.phe","D02","SERC","SERC_063","2018-11-14","2018-11-09","NEON.PLA.D02.SERC.06528","Individual","Full shade","Live",2.2,130.0,2.7,1.5,,,3.3,,"NEON.DOC.014040vH","elamb@battelleecology.org","gchapman@neoninc.org",,
"b9222460-0edb-48b1-b944-54d8832233ea","SERC_063.phenology.phe","D02","SERC","SERC_063","2018-11-14","2018-02-12","NEON.PLA.D02.SERC.06585","Individual","Mostly shaded","Live",8.3,130.0,2.9,2.5,,,12.9,,"NEON.DOC.014040vH","elamb@battelleecology.org","gchapman@neoninc.org",,
"a5efb687-39d3-4e12-a938-ec55333f68c0","SERC_063.phenology.phe","D02","SERC","SERC_063","2018-11-14","2018-02-12","NEON.PLA.D02.SERC.06598","Individual","Mostly shaded","Live",28.2,130.0,7.6,7.0,,,22.0,,"NEON.DOC.014040vH","elamb@battelleecology.org","gchapman@neoninc.org",,
"a0ebc981-9767-4acd-bde4-b9df1e27c580","SERC_063.phenology.phe","D02","SERC","SERC_063","2018-11-14","2018-02-16","NEON.PLA.D02.SERC.06534","Individual","Partially shaded","Live",60.8,130.0,10.7,8.9,,,36.0,,"NEON.DOC.014040vH","elamb@battelleecology.org","gchapman@neoninc.org",,
"dcfe57e8-6f78-471b-a1ee-728d3c6b1da9","SERC_063.phenology.phe","D02","SERC","SERC_063","2018-11-14","2018-11-09","NEON.PLA.D02.SERC.06546","Individual","Full shade","Live",1.7,130.0,2.3,1.8,,,2.7,,"NEON.DOC.014040vH","elamb@battelleecology.org","gchapman@neoninc.org",,
"6cbaa506-a85d-4b81-ab43-f57e74334430","SERC_063.phenology.phe","D02","SERC","SERC_063","2018-11-14","2018-02-16","NEON.PLA.D02.SERC.06522","Individual","Partially shaded","Live",50.2,130.0,11.3,10.9,,,31.8,,"NEON.DOC.014040vH","elamb@battelleecology.org","gchapman@neoninc.org",,
"ac8b887f-5bb1-4a48-a7d7-e7497b86efb5","SERC_063.phenology.phe","D02","SERC","SERC_063","2018-11-14","2018-02-12","NEON.PLA.D02.SERC.06588","Individual","Partially shaded","Live",31.5,130.0,11.3,9.7,,,19.2,,"NEON.DOC.014040vH","elamb@battelleecology.org","gchapman@neoninc.org",,
"5ca28456-1e3a-48d5-a840-b4f61d765fe1","SERC_063.phenology.phe","D02","SERC","SERC_063","2018-11-14","2018-11-09","NEON.PLA.D02.SERC.06567","Individual","Full shade","Live",2.1,130.0,2.8,1.8,,,3.4,,"NEON.DOC.014040vH","elamb@battelleecology.org","gchapman@neoninc.org",,
"c361818d-032f-4d38-9d77-71bf215f138e","SERC_063.phenology.phe","D02","SERC","SERC_063","2018-11-14","2018-02-16","NEON.PLA.D02.SERC.06543","Individual","Partially shaded","Live",15.4,130.0,4.0,3.5,,,16.1,,"NEON.DOC.014040vH","elamb@battelleecology.org","gchapman@neoninc.org",,
"63d376c2-8e6e-4774-acf9-9f75d5f96359","SERC_063.phenology.phe","D02","SERC","SERC_063","2018-11-14","2018-02-12","NEON.PLA.D02.SERC.06154","Individual","Full shade","Live",5.0,130.0,3.6,3.2,,,7.6,,"NEON.DOC.014040vH","elamb@battelleecology.org","gchapman@neoninc.org",,
"42795ba8-c01a-49ef-8e32-6c91566445a8","SERC_063.phenology.phe","D02","SERC","SERC_063","2018-11-14","2018-02-16","NEON.PLA.D02.SERC.06529","Individual","Full shade","Live, other damage",2.3,130.0,2.6,2.5,,,2.1,,"NEON.DOC.014040vH","elamb@battelleecology.org","gchapman@neoninc.org","Crown damage due to vines",
"511bd10c-11be-43ec-9b50-ae63024d880a","SERC_063.phenology.phe","D02","SERC","SERC_063","2018-11-14","2018-02-16","NEON.PLA.D02.SERC.06550","Individual","Mostly shaded","Live",4.1,130.0,2.5,2.0,,,7.0,,"NEON.DOC.014040vH","elamb@battelleecology.org","gchapman@neoninc.org",,
"ea9c5adc-34bd-457a-8705-137941076a07","SERC_063.phenology.phe","D02","SERC","SERC_063","2018-11-14","2018-02-12","NEON.PLA.D02.SERC.06573","Individual","Partially shaded","Live",11.6,130.0,4.8,4.0,,,11.7,,"NEON.DOC.014040vH","elamb@battelleecology.org","gchapman@neoninc.org",,
"2ae16180-496b-4645-b026-f285594256a2","SERC_063.phenology.phe","D02","SERC","SERC_063","2018-11-14","2018-02-12","NEON.PLA.D02.SERC.06595","Individual","Partially shaded","Live",40.5,130.0,13.6,12.4,,,24.8,,"NEON.DOC.014040vH","elamb@battelleecology.org","gchapman@neoninc.org",,
"1b452835-6386-4eeb-97ca-77082f481dce","SERC_063.phenology.phe","D02","SERC","SERC_063","2018-11-14","2018-02-16","NEON.PLA.D02.SERC.06552","Individual","Partially shaded","Live",21.5,130.0,7.9,6.6,,,16.7,,"NEON.DOC.014040vH","elamb@battelleecology.org","gchapman@neoninc.org",,
"6cbcaea9-d086-4dcf-8f4d-1e3eb7c2659e","SERC_063.phenology.phe","D02","SERC","SERC_063","2018-11-14","2018-02-12","NEON.PLA.D02.SERC.06521","Individual","Full sun","Live",48.0,130.0,13.5,12.8,,,29.7,,"NEON.DOC.014040vH","elamb@battelleecology.org","gchapman@neoninc.org",,
"f9ad3191-f94b-4306-862a-4f8727e01ef7","SERC_063.phenology.phe","D02","SERC","SERC_063","2018-11-14","2018-02-12","NEON.PLA.D02.SERC.06575","Individual","Partially shaded","Live",21.0,130.0,4.9,4.9,,,15.3,,"NEON.DOC.014040vH","elamb@battelleecology.org","gchapman@neoninc.org",,
"33892661-65af-4221-b756-1bfe69783950","SERC_063.phenology.phe","D02","SERC","SERC_063","2018-11-14","2018-02-12","NEON.PLA.D02.SERC.06155","Individual","Mostly shaded","Live",23.6,130.0,7.9,6.7,,,21.4,,"NEON.DOC.014040vH","elamb@battelleecology.org","gchapman@neoninc.org",,
"1c7602e2-abad-443e-9645-d2d646354ab0","SERC_063.phenology.phe","D02","SERC","SERC_063","2018-11-14","2018-02-16","NEON.PLA.D02.SERC.06520","Individual","Full shade","Live",9.9,130.0,6.9,5.4,,,10.7,,"NEON.DOC.014040vH","elamb@battelleecology.org","gchapman@neoninc.org",,
"2e4ea1fe-533e-4720-b748-5b837efbe865","SERC_063.phenology.phe","D02","SERC","SERC_063","2018-11-14","2018-02-12","NEON.PLA.D02.SERC.06157","Individual","Full shade","Live",8.3,130.0,6.6,5.0,,,8.3,,"NEON.DOC.014040vH","elamb@battelleecology.org","gchapman@neoninc.org",,
"dd0c02a4-6455-46b8-b2b7-4bf401caa924","SERC_063.phenology.phe","D02","SERC","SERC_063","2018-11-14","2018-02-16","NEON.PLA.D02.SERC.06519","Individual","Mostly shaded","Live",17.1,130.0,9.0,7.7,,,14.9,,"NEON.DOC.014040vH","elamb@battelleecology.org","gchapman@neoninc.org",,
"c4c39e8c-8609-44e7-b255-94d7fd1d9d79","SERC_063.phenology.phe","D02","SERC","SERC_063","2018-11-14","2018-02-16","NEON.PLA.D02.SERC.06535","Individual","Full shade","Live",1.6,130.0,3.3,2.2,,,2.2,,"NEON.DOC.014040vH","elamb@battelleecology.org","gchapman@neoninc.org",,
"7a03554b-36a3-4a55-8881-fe39c5016934","SERC_063.phenology.phe","D02","SERC","SERC_063","2018-11-14","2018-11-09","NEON.PLA.D02.SERC.06547","Individual","Full shade","Live",1.8,130.0,1.9,1.9,,,3.6,,"NEON.DOC.014040vH","elamb@battelleecology.org","gchapman@neoninc.org",,
"739b3ff6-c085-4a4f-8d87-25c2df24d8cc","SERC_063.phenology.phe","D02","SERC","SERC_063","2018-11-14","2018-02-12","NEON.PLA.D02.SERC.06589","Individual","Partially shaded","Live",41.0,130.0,8.3,7.8,,,26.3,,"NEON.DOC.014040vH","elamb@battelleecology.org","gchapman@neoninc.org",,
"d5344e38-28f2-45c4-b4c7-13e6d840059e","SERC_063.phenology.phe","D02","SERC","SERC_063","2018-11-14","2018-02-16","NEON.PLA.D02.SERC.06527","Individual","Partially shaded","Live",40.5,130.0,9.3,7.3,,,26.9,,"NEON.DOC.014040vH","elamb@battelleecology.org","gchapman@neoninc.org",,
"2de60ec3-3f3a-49d8-8259-afe004cbd4c1","SERC_063.phenology.phe","D02","SERC","SERC_063","2018-11-14","2018-02-12","NEON.PLA.D02.SERC.06597","Individual","Mostly shaded","Live",22.5,130.0,12.4,9.8,,,16.5,,"NEON.DOC.014040vH","elamb@battelleecology.org","gchapman@neoninc.org",,
"bd701569-ccd0-4fea-ac3b-719bfcda0477","SERC_063.phenology.phe","D02","SERC","SERC_063","2018-11-14","2018-07-17","NEON.PLA.D02.SERC.06165","Individual","Full shade","Live",1.9,130.0,2.7,2.1,,,3.0,,"NEON.DOC.014040vH","elamb@battelleecology.org","gchapman@neoninc.org",,
"9f1ed460-ea33-466d-94b1-465908655067","SERC_063.phenology.phe","D02","SERC","SERC_063","2018-11-14","2018-02-16","NEON.PLA.D02.SERC.06548","Individual","Partially shaded","Live",41.2,130.0,8.7,8.7,,,22.7,,"NEON.DOC.014040vH","elamb@battelleecology.org","gchapman@neoninc.org",,
"14e250f4-891d-41db-88ff-4dcb2003437d","SERC_063.phenology.phe","D02","SERC","SERC_063","2018-11-14","2018-02-12","NEON.PLA.D02.SERC.06578","Individual","Full shade","Live, other damage",2.1,130.0,1.9,1.5,,,4.3,,"NEON.DOC.014040vH","elamb@battelleecology.org","gchapman@neoninc.org","Crown dieback possibly due to excessive moisture",
"a77303e9-d6b8-4ce6-b14d-b23959257b14","SERC_063.phenology.phe","D02","SERC","SERC_063","2018-11-14","2018-02-12","NEON.PLA.D02.SERC.06582","Individual","Partially shaded","Live",25.6,130.0,7.8,7.3,,,14.6,,"NEON.DOC.014040vH","elamb@battelleecology.org","gchapman@neoninc.org",,
"3452ec1a-d73b-444a-a329-24574d70f3a3","SERC_063.phenology.phe","D02","SERC","SERC_063","2018-11-14","2018-02-16","NEON.PLA.D02.SERC.06525","Individual","Partially shaded","Live",16.3,130.0,7.5,7.0,,,11.2,,"NEON.DOC.014040vH","elamb@battelleecology.org","gchapman@neoninc.org",,
"ae5c1350-e3e2-49ad-8be9-bc9c8106d75f","SERC_063.phenology.phe","D02","SERC","SERC_063","2018-11-14","2018-11-09","NEON.PLA.D02.SERC.06541","Individual","Full shade","Live",1.6,130.0,1.8,1.2,,,2.9,,"NEON.DOC.014040vH","elamb@battelleecology.org","gchapman@neoninc.org",,
"b2e7aff0-c53b-4743-a858-1cd275cb8565","SERC_063.phenology.phe","D02","SERC","SERC_063","2018-11-14","2018-02-12","NEON.PLA.D02.SERC.06562","Individual","Partially shaded","Live",26.0,130.0,8.0,7.7,,,19.2,,"NEON.DOC.014040vH","elamb@battelleecology.org","gchapman@neoninc.org",,
"65bc0d9b-65f5-418c-b8c8-b0ba4df4498d","SERC_063.phenology.phe","D02","SERC","SERC_063","2018-11-14","2018-02-12","NEON.PLA.D02.SERC.06576","Individual","Partially shaded","Live",20.9,130.0,7.1,6.5,,,13.0,,"NEON.DOC.014040vH","elamb@battelleecology.org","gchapman@neoninc.org",,
"8f59b075-67f1-4884-8f08-aa4a83ed7e5e","SERC_063.phenology.phe","D02","SERC","SERC_063","2018-11-14","2018-02-12","NEON.PLA.D02.SERC.06590","Individual","Full shade","Live",10.2,130.0,4.8,4.5,,,7.7,,"NEON.DOC.014040vH","elamb@battelleecology.org","gchapman@neoninc.org",,
"6b147cff-93cd-46cc-98f4-1d66385090ae","SERC_063.phenology.phe","D02","SERC","SERC_063","2018-11-14","2018-02-16","NEON.PLA.D02.SERC.06517","Individual","Mostly shaded","Live",9.5,130.0,4.8,4.2,,,10.7,,"NEON.DOC.014040vH","elamb@battelleecology.org","gchapman@neoninc.org",,
"e31aaf99-e1d9-4fb0-9938-53944efdf5eb","SERC_063.phenology.phe","D02","SERC","SERC_063","2018-11-14","2018-02-12","NEON.PLA.D02.SERC.06581","Individual","Mostly shaded","Live",12.1,130.0,4.4,2.7,,,12.7,,"NEON.DOC.014040vH","elamb@battelleecology.org","gchapman@neoninc.org",,
"67876f0d-1685-4ba8-a983-76b1408f43b0","SERC_063.phenology.phe","D02","SERC","SERC_063","2018-11-14","2018-02-12","NEON.PLA.D02.SERC.06594","Individual","Partially shaded","Live",37.0,130.0,11.8,11.1,,,21.9,,"NEON.DOC.014040vH","elamb@battelleecology.org","gchapman@neoninc.org",,
"a9c4dfb8-7ea8-41b4-bf41-b1afafcb50b0","SERC_063.phenology.phe","D02","SERC","SERC_063","2018-11-14","2018-02-12","NEON.PLA.D02.SERC.06591","Individual","Mostly shaded","Live",21.0,130.0,9.8,5.3,,,16.2,,"NEON.DOC.014040vH","elamb@battelleecology.org","gchapman@neoninc.org",,
"4890be69-d12c-40e6-9c13-644a873cfdb8","SERC_063.phenology.phe","D02","SERC","SERC_063","2018-11-14","2018-11-09","NEON.PLA.D02.SERC.06560","Individual","Full shade","Live",1.3,130.0,1.6,1.3,,,2.2,,"NEON.DOC.014040vH","elamb@battelleecology.org","gchapman@neoninc.org",,
"f23d423b-fde5-4ff5-96a8-cc4ff50efbbc","SERC_063.phenology.phe","D02","SERC","SERC_063","2018-11-14","2018-02-16","NEON.PLA.D02.SERC.06545","Individual","Full shade","Live",1.6,130.0,1.9,1.7,,,2.7,,"NEON.DOC.014040vH","elamb@battelleecology.org","gchapman@neoninc.org",,
"6cc90f5c-1790-4123-ba09-c8f7371e3201","SERC_063.phenology.phe","D02","SERC","SERC_063","2018-11-14","2018-02-12","NEON.PLA.D02.SERC.06599","Individual","Partially shaded","Live",11.2,130.0,7.2,5.2,,,11.3,,"NEON.DOC.014040vH","elamb@battelleecology.org","gchapman@neoninc.org",,
"e5cd6cd3-ccd9-44f5-bba3-ec18f6c98d53","SERC_063.phenology.phe","D02","SERC","SERC_063","2018-11-14","2018-09-04","NEON.PLA.D02.SERC.06592","Individual","Full shade","Live",5.3,130.0,5.1,4.5,,,5.3,,"NEON.DOC.014040vH","elamb@battelleecology.org","gchapman@neoninc.org",,
"75ed935b-7e72-434c-b10e-86149f96f6e9","SERC_063.phenology.phe","D02","SERC","SERC_063","2018-11-14","2018-11-09","NEON.PLA.D02.SERC.06538","Individual","Full shade","Live",2.6,130.0,2.5,2.3,,,4.4,,"NEON.DOC.014040vH","elamb@battelleecology.org","gchapman@neoninc.org",,
"21d259b8-a8a6-408a-b49b-b4c960e37f52","SERC_063.phenology.phe","D02","SERC","SERC_063","2018-11-14","2018-02-16","NEON.PLA.D02.SERC.06551","Individual","Full shade","Live",1.5,130.0,1.6,1.2,,,3.0,,"NEON.DOC.014040vH","elamb@battelleecology.org","gchapman@neoninc.org",,
"7e1f87d3-9514-4b02-a4aa-a9c3e3b75591","SERC_063.phenology.phe","D02","SERC","SERC_063","2018-11-14","2018-11-09","NEON.PLA.D02.SERC.06569","Individual","Full shade","Live",1.6,130.0,1.9,1.5,,,3.5,,"NEON.DOC.014040vH","elamb@battelleecology.org","gchapman@neoninc.org",,
"7f146c40-255e-4399-b586-d0218a200a30","SERC_063.phenology.phe","D02","SERC","SERC_063","2018-11-14","2018-02-16","NEON.PLA.D02.SERC.06530","Individual","Partially shaded","Live",50.9,130.0,6.4,5.2,,,37.7,,"NEON.DOC.014040vH","elamb@battelleecology.org","gchapman@neoninc.org",,
"243a246c-b046-4f57-a177-77b26b631bf5","SERC_063.phenology.phe","D02","SERC","SERC_063","2018-11-14","2018-02-12","NEON.PLA.D02.SERC.06257","Individual","Mostly shaded","Live",5.9,130.0,2.1,2.0,,,9.6,,"NEON.DOC.014040vH","elamb@battelleecology.org","gchapman@neoninc.org",,
"33b79d97-f2af-4033-baf0-933af31f8c8e","SERC_063.phenology.phe","D02","SERC","SERC_063","2018-11-14","2018-02-16","NEON.PLA.D02.SERC.06261","Individual","Mostly shaded","Live",19.7,130.0,7.3,6.9,,,14.9,,"NEON.DOC.014040vH","elamb@battelleecology.org","gchapman@neoninc.org",,
"2ecf9cf2-f7d9-48d0-9c1b-ad46497ee311","SERC_063.phenology.phe","D02","SERC","SERC_063","2018-11-14","2018-11-09","NEON.PLA.D02.SERC.06563","Individual","Full shade","Live",1.3,130.0,1.6,1.2,,,2.6,,"NEON.DOC.014040vH","elamb@battelleecology.org","gchapman@neoninc.org",,
"1aec7c44-9401-41c0-86ee-0866d2e0107f","SERC_063.phenology.phe","D02","SERC","SERC_063","2018-11-14","2018-02-12","NEON.PLA.D02.SERC.06553","Individual","Mostly shaded","Live",5.4,130.0,2.4,1.9,,,8.9,,"NEON.DOC.014040vH","elamb@battelleecology.org","gchapman@neoninc.org",,
"a33b7514-f8ed-4881-a098-f46680aa0731","SERC_063.phenology.phe","D02","SERC","SERC_063","2018-11-14","2018-02-16","NEON.PLA.D02.SERC.06540","Individual","Partially shaded","Live",21.7,130.0,7.2,5.6,,,18.2,,"NEON.DOC.014040vH","elamb@battelleecology.org","gchapman@neoninc.org",,
"0a99f202-2c05-46ba-b61e-2f184ca115cb","SERC_063.phenology.phe","D02","SERC","SERC_063","2018-11-14","2018-02-12","NEON.PLA.D02.SERC.06159","Individual","Mostly shaded","Live",19.9,130.0,6.0,5.3,,,18.0,,"NEON.DOC.014040vH","elamb@battelleecology.org","gchapman@neoninc.org",,
"01971b6a-1ff6-4f20-a687-e47c75197520","SERC_063.phenology.phe","D02","SERC","SERC_063","2018-11-14","2018-11-09","NEON.PLA.D02.SERC.06565","Individual","Full shade","Live",1.9,130.0,2.6,1.7,,,2.8,,"NEON.DOC.014040vH","elamb@battelleecology.org","gchapman@neoninc.org",,
"14b4f65a-23f4-4573-b7c6-8fabda4eea5e","SERC_063.phenology.phe","D02","SERC","SERC_063","2018-11-14","2018-02-16","NEON.PLA.D02.SERC.06523","Individual","Mostly shaded","Live",16.9,130.0,7.7,6.0,,,11.8,,"NEON.DOC.014040vH","elamb@battelleecology.org","gchapman@neoninc.org",,
"ebaecec1-60c7-4886-be54-7f2f2e6d2b6f","SERC_063.phenology.phe","D02","SERC","SERC_063","2018-11-14","2018-02-28","NEON.PLA.D02.SERC.06276","Individual","Mostly shaded","Live",8.1,130.0,3.4,3.2,,,11.0,,"NEON.DOC.014040vH","elamb@battelleecology.org","gchapman@neoninc.org",,
"e38be653-9988-4bd1-855b-1bc4b819e0df","SERC_063.phenology.phe","D02","SERC","SERC_063","2018-11-14","2018-02-12","NEON.PLA.D02.SERC.06593","Individual","Mostly shaded","Live",27.2,130.0,11.2,9.0,,,20.3,,"NEON.DOC.014040vH","elamb@battelleecology.org","gchapman@neoninc.org",,
"4d5c9fcd-8e45-4412-a8a2-32e1e89ca36d","SERC_063.phenology.phe","D02","SERC","SERC_063","2018-11-14","2018-11-09","NEON.PLA.D02.SERC.06162","Individual","Full shade","Live",1.3,130.0,1.1,0.8,,,2.6,,"NEON.DOC.014040vH","elamb@battelleecology.org","gchapman@neoninc.org",,
