uid,namedLocation,domainID,siteID,plotID,date,editedDate,individualID,patchOrIndividual,canopyPosition,plantStatus,stemDiameter,measurementHeight,maxCanopyDiameter,ninetyCanopyDiameter,patchSize,percentCover,height,diseaseType,samplingProtocolVersion,measuredBy,recordedBy,remarks,dataQF
"d118331c-2ce4-4f18-8f99-a5f7a0f3915a","BLAN_061.phenology.phe","D02","BLAN","BLAN_061","2019-09-17","2019-02-19","NEON.PLA.D02.BLAN.06016","Patch","Mostly shaded","Live",,,,,0.063,25.0,0.9,,"NEON.DOC.014040vL","gchapman@neoninc.org","gchapman@neoninc.org",,
"1c1cde47-d734-4db8-a46d-73e3ff1b6f84","BLAN_061.phenology.phe","D02","BLAN","BLAN_061","2019-09-17","2019-08-21","NEON.PLA.D02.BLAN.06178","Patch","Full shade","Live",,,,,0.063,12.0,0.5,,"NEON.DOC.014040vL","gchapman@neoninc.org","gchapman@neoninc.org",,
"dc30754b-97d7-4267-807e-442208d3590e","BLAN_061.phenology.phe","D02","BLAN","BLAN_061","2019-09-17","2019-02-19","NEON.PLA.D02.BLAN.06017","Patch","Partially shaded","Live",,,,,0.063,40.0,1.2,,"NEON.DOC.014040vL","gchapman@neoninc.org","gchapman@neoninc.org",,
"00c1b3cb-358c-4eac-a450-0a8c4010bbd7","BLAN_061.phenology.phe","D02","BLAN","BLAN_061","2019-09-17","2019-02-19","NEON.PLA.D02.BLAN.06686","Patch","Mostly shaded","Live",,,,,0.063,30.0,1.1,,"NEON.DOC.014040vL","gchapman@neoninc.org","gchapman@neoninc.org",,
"26c28dc7-3803-43cf-8d8f-e5fdca1e6064","BLAN_061.phenology.phe","D02","BLAN","BLAN_061","2019-09-17","2019-02-19","NEON.PLA.D02.BLAN.06685","Patch","Partially shaded","Live",,,,,0.063,70.0,1.2,,"NEON.DOC.014040vL","gchapman@neoninc.org","gchapman@neoninc.org",,
"2a595021-22d2-4aa3-8b63-28b52610bd04","BLAN_061.phenology.phe","D02","BLAN","BLAN_061","2019-09-17","2019-02-19","NEON.PLA.D02.BLAN.06283","Patch","Partially shaded","Live",,,,,0.063,60.0,1.2,,"NEON.DOC.014040vL","gchapman@neoninc.org","gchapman@neoninc.org",,
"8fe0ffa3-520d-4c94-900e-61c52de8dec0","BLAN_061.phenology.phe","D02","BLAN","BLAN_061","2019-09-17","2019-02-19","NEON.PLA.D02.BLAN.06018","Patch","Partially shaded","Live",,,,,0.063,65.0,1.2,,"NEON.DOC.014040vL","gchapman@neoninc.org","gchapman@neoninc.org",,
"e72132fc-650c-425f-bf8b-1af4cff07724","BLAN_061.phenology.phe","D02","BLAN","BLAN_061","2019-09-17","2019-02-19","NEON.PLA.D02.BLAN.06513","Patch","Full sun","Live",,,,,0.063,65.0,1.3,,"NEON.DOC.014040vL","gchapman@neoninc.org","gchapman@neoninc.org",,
"192d0152-60ed-491f-bec7-e895c8485b23","BLAN_061.phenology.phe","D02","BLAN","BLAN_061","2019-09-17","2019-02-19","NEON.PLA.D02.BLAN.06699","Patch","Full shade","Live",,,,,0.063,30.0,0.7,,"NEON.DOC.014040vL","gchapman@neoninc.org","gchapman@neoninc.org",,
"3e438e16-657f-49a3-a2f2-f420ee1794e3","BLAN_061.phenology.phe","D02","BLAN","BLAN_061","2019-09-17","2019-02-19","NEON.PLA.D02.BLAN.06510","Patch","Mostly shaded","Live",,,,,0.063,20.0,0.7,,"NEON.DOC.014040vL","gchapman@neoninc.org","gchapman@neoninc.org",,
"76c6f37a-30a9-4bc3-841b-b73a774ac126","BLAN_061.phenology.phe","D02","BLAN","BLAN_061","2019-09-17","2019-09-10","NEON.PLA.D02.BLAN.06181","Patch","Full shade","Live",,,,,0.063,50.0,0.8,,"NEON.DOC.014040vL","gchapman@neoninc.org","gchapman@neoninc.org",,
"692a5c35-51cf-4395-a582-790916e53002","BLAN_061.phenology.phe","D02","BLAN","BLAN_061","2019-09-17","2019-08-29","NEON.PLA.D02.BLAN.06180","Patch","Full shade","Live",,,,,0.063,7.0,0.5,,"NEON.DOC.014040vL","gchapman@neoninc.org","gchapman@neoninc.org",,
"5ec0c3d9-0c72-4130-8d46-24b4d6e9dd20","BLAN_061.phenology.phe","D02","BLAN","BLAN_061","2019-09-17","2019-02-19","NEON.PLA.D02.BLAN.06020","Patch","Partially shaded","Live",,,,,0.063,70.0,1.4,,"NEON.DOC.014040vL","gchapman@neoninc.org","gchapman@neoninc.org",,
"23fa19ab-719e-4b2d-8d13-b1144879b55e","BLAN_061.phenology.phe","D02","BLAN","BLAN_061","2019-09-17","2019-08-14","NEON.PLA.D02.BLAN.06682","Patch","Partially shaded","Live",,,,,0.063,50.0,0.8,,"NEON.DOC.014040vL","gchapman@neoninc.org","gchapman@neoninc.org",,
"fa2c178d-803b-4afe-8796-193378f3c4fb","BLAN_061.phenology.phe","D02","BLAN","BLAN_061","2019-09-17","2019-02-19","NEON.PLA.D02.BLAN.06689","Patch","Mostly shaded","Live",,,,,0.063,30.0,1.0,,"NEON.DOC.014040vL","gchapman@neoninc.org","gchapman@neoninc.org",,
"50786095-2436-4e32-a904-4ba04e8bb170","BLAN_061.phenology.phe","D02","BLAN","BLAN_061","2019-09-17","2019-02-19","NEON.PLA.D02.BLAN.06684","Patch","Full shade","Live",,,,,0.063,5.0,0.8,,"NEON.DOC.014040vL","gchapman@neoninc.org","gchapman@neoninc.org",,
"29f3d9c3-93bd-431e-aa84-1490cca32d11","BLAN_061.phenology.phe","D02","BLAN","BLAN_061","2019-09-17","2019-02-19","NEON.PLA.D02.BLAN.06800","Patch","Partially shaded","Live",,,,,0.063,70.0,1.2,,"NEON.DOC.014040vL","gchapman@neoninc.org","gchapman@neoninc.org",,
"a1bd5fd4-ee95-408f-a41a-049ddf0d0f16","BLAN_061.phenology.phe","D02","BLAN","BLAN_061","2019-09-17","2019-02-19","NEON.PLA.D02.BLAN.06698","Patch","Full shade","Live",,,,,0.063,35.0,0.8,,"NEON.DOC.014040vL","gchapman@neoninc.org","gchapman@neoninc.org",,
"69d11a88-e83c-4a4a-a7d0-6e07b8db0450","BLAN_061.phenology.phe","D02","BLAN","BLAN_061","2019-09-17","2019-06-12","NEON.PLA.D02.BLAN.06173","Patch","Mostly shaded","Live",,,,,0.063,8.0,0.9,,"NEON.DOC.014040vL","gchapman@neoninc.org","gchapman@neoninc.org",,
"472f2b74-19bd-42f9-abe1-b6813e753e5f","BLAN_061.phenology.phe","D02","BLAN","BLAN_061","2019-09-17","2019-02-19","NEON.PLA.D02.BLAN.06696","Patch","Full shade","Live",,,,,0.063,3.0,0.7,,"NEON.DOC.014040vL","gchapman@neoninc.org","gchapman@neoninc.org",,
"e1d5fe8c-c567-4f63-b3a3-2ecbd0ebb18e","BLAN_061.phenology.phe","D02","BLAN","BLAN_061","2019-09-17","2019-02-19","NEON.PLA.D02.BLAN.06514","Patch","Full shade","Live",,,,,0.063,40.0,0.8,,"NEON.DOC.014040vL","gchapman@neoninc.org","gchapman@neoninc.org",,
"ca6a0c2e-c001-4646-8c4d-0c73f7ae5325","BLAN_061.phenology.phe","D02","BLAN","BLAN_061","2019-09-17","2019-02-19","NEON.PLA.D02.BLAN.06687","Patch","Partially shaded","Live",,,,,0.063,55.0,1.1,,"NEON.DOC.014040vL","gchapman@neoninc.org","gchapman@neoninc.org",,
"5ec1f7cb-f89a-453f-ba51-606ba51f0467","BLAN_061.phenology.phe","D02","BLAN","BLAN_061","2019-09-17","2019-02-19","NEON.PLA.D02.BLAN.06511","Patch","Partially shaded","Live",,,,,0.063,40.0,1.0,,"NEON.DOC.014040vL","gchapman@neoninc.org","gchapman@neoninc.org",,
"a7c4772d-e849-4579-a75e-451cee7e3595","BLAN_061.phenology.phe","D02","BLAN","BLAN_061","2019-09-17","2019-02-19","NEON.PLA.D02.BLAN.06697","Patch","Partially shaded","Live",,,,,0.063,75.0,1.1,,"NEON.DOC.014040vL","gchapman@neoninc.org","gchapman@neoninc.org",,
"f076f636-ac38-4823-9114-b8c210a7ae57","BLAN_061.phenology.phe","D02","BLAN","BLAN_061","2019-09-17","2019-06-12","NEON.PLA.D02.BLAN.06174","Patch","Full shade","Live",,,,,0.063,35.0,0.9,,"NEON.DOC.014040vL","gchapman@neoninc.org","gchapman@neoninc.org",,
"10e07247-10a5-4048-99fe-dba4e2c226dc","BLAN_061.phenology.phe","D02","BLAN","BLAN_061","2019-09-17","2019-02-19","NEON.PLA.D02.BLAN.06691","Patch","Partially shaded","Live, physically damaged",,,,,0.063,45.0,0.5,,"NEON.DOC.014040vL","gchapman@neoninc.org","gchapman@neoninc.org","Browsed",
"0c0cbc40-07f7-4ae8-878d-c6cdbec62270","BLAN_061.phenology.phe","D02","BLAN","BLAN_061","2019-09-17","2019-02-19","NEON.PLA.D02.BLAN.06688","Patch","Full sun","Live",,,,,0.063,65.0,1.2,,"NEON.DOC.014040vL","gchapman@neoninc.org","gchapman@neoninc.org",,
"296b2367-bd6f-41e6-9ea4-1a4554808ea6","BLAN_061.phenology.phe","D02","BLAN","BLAN_061","2019-09-17","2019-07-31","NEON.PLA.D02.BLAN.06177","Patch","Partially shaded","Live",,,,,0.063,60.0,0.9,,"NEON.DOC.014040vL","gchapman@neoninc.org","gchapman@neoninc.org",,
"a134937b-9ee5-4e12-a037-f662d179e2e3","BLAN_061.phenology.phe","D02","BLAN","BLAN_061","2019-09-17","2019-08-26","NEON.PLA.D02.BLAN.06179","Patch","Full shade","Live",,,,,0.063,18.0,0.9,,"NEON.DOC.014040vL","gchapman@neoninc.org","gchapman@neoninc.org",,
"d9815743-8fd8-4ff9-846d-30dc79398ba8","BLAN_061.phenology.phe","D02","BLAN","BLAN_061","2019-09-17","2019-02-19","NEON.PLA.D02.BLAN.06693","Patch","Mostly shaded","Live, physically damaged",,,,,0.063,8.0,0.4,,"NEON.DOC.014040vL","gchapman@neoninc.org","gchapman@neoninc.org","Trampled by deer",
