uid,namedLocation,domainID,siteID,plotID,date,editedDate,dayOfYear,individualID,phenophaseName,phenophaseStatus,phenophaseIntensityDefinition,phenophaseIntensity,samplingProtocolVersion,measuredBy,recordedBy,remarks,dataQF
"a0a26857-5562-49c0-8555-c9d27043f979","SERC_063.phenology.phe","D02","SERC","SERC_063","2018-12-05","2018-12-05",339,"NEON.PLA.D02.SERC.06556","Open flowers","no","Percentage of all fresh flowers (buds plus unopened plus open on the plant that are open",,"NEON.DOC.014040vH","gchapman@neoninc.org","gchapman@neoninc.org","Seasonal drop",
"699f34d3-bad4-4016-a950-6983ca76e80a","SERC_063.phenology.phe","D02","SERC","SERC_063","2018-12-05","2018-12-05",339,"NEON.PLA.D02.SERC.06591","Increasing leaf size","no","Percentage of full size of most leaves",,"NEON.DOC.014040vH","gchapman@neoninc.org","gchapman@neoninc.org","Seasonal drop",
"be453ffd-3704-4126-b84f-5625594fb93d","SERC_063.phenology.phe","D02","SERC","SERC_063","2018-12-05","2018-12-05",339,"NEON.PLA.D02.SERC.06593","Falling leaves","no",,,"NEON.DOC.014040vH","gchapman@neoninc.org","gchapman@neoninc.org","Seasonal drop",
"3f7a6738-5307-4960-8113-87b37b82b8ab","SERC_063.phenology.phe","D02","SERC","SERC_063","2018-12-05","2018-12-05",339,"NEON.PLA.D02.SERC.06576","Open flowers","no","Percentage of all fresh flowers (buds plus unopened plus open on the plant that are open",,"NEON.DOC.014040vH","gchapman@neoninc.org","gchapman@neoninc.org","Seasonal drop",
"d0decc9e-b9bd-4665-8fe9-a6f4ac5a7105","SERC_063.phenology.phe","D02","SERC","SERC_063","2018-12-05","2018-12-05",339,"NEON.PLA.D02.SERC.06587","Falling leaves","no",,,"NEON.DOC.014040vH","gchapman@neoninc.org","gchapman@neoninc.org","Seasonal drop",
"53bbb24d-4548-4357-8579-9109b92ec683","SERC_063.phenology.phe","D02","SERC","SERC_063","2018-12-05","2018-12-05",339,"NEON.PLA.D02.SERC.06261","Leaves","no","Percentage of the canopy that is full with leaves",,"NEON.DOC.014040vH","gchapman@neoninc.org","gchapman@neoninc.org","Seasonal drop",
"29e6aace-61d6-410e-8d83-944743f8a191","SERC_063.phenology.phe","D02","SERC","SERC_063","2018-12-05","2018-12-05",339,"NEON.PLA.D02.SERC.06591","Leaves","no","Percentage of the canopy that is full with leaves",,"NEON.DOC.014040vH","gchapman@neoninc.org","gchapman@neoninc.org","Seasonal drop",
"e72def41-f511-4433-ae19-7f0f62f7bbc3","SERC_063.phenology.phe","D02","SERC","SERC_063","2018-12-05","2018-12-05",339,"NEON.PLA.D02.SERC.06595","Breaking leaf buds","no","Number of breaking buds",,"NEON.DOC.014040vH","gchapman@neoninc.org","gchapman@neoninc.org","Seasonal drop",
"02320970-86fa-4cb2-823c-348a1ef6d142","SERC_063.phenology.phe","D02","SERC","SERC_063","2018-12-05","2018-12-05",339,"NEON.PLA.D02.SERC.06587","Open flowers","no","Percentage of all fresh flowers (buds plus unopened plus open on the plant that are open",,"NEON.DOC.014040vH","gchapman@neoninc.org","gchapman@neoninc.org","Seasonal drop",
"b6297954-6ff3-4d3e-a786-6599b940702e","SERC_063.phenology.phe","D02","SERC","SERC_063","2018-12-05","2018-12-05",339,"NEON.PLA.D02.SERC.06261","Increasing leaf size","no","Percentage of full size of most leaves",,"NEON.DOC.014040vH","gchapman@neoninc.org","gchapman@neoninc.org","Seasonal drop",
"6eeb19da-9525-435f-b212-ec7906026d9f","SERC_063.phenology.phe","D02","SERC","SERC_063","2018-12-05","2018-12-05",339,"NEON.PLA.D02.SERC.06595","Increasing leaf size","no","Percentage of full size of most leaves",,"NEON.DOC.014040vH","gchapman@neoninc.org","gchapman@neoninc.org","Seasonal drop",
"a4bfb3b7-4e5c-43b3-a743-928cf839c6bb","SERC_063.phenology.phe","D02","SERC","SERC_063","2018-12-05","2018-12-05",339,"NEON.PLA.D02.SERC.06568","Colored leaves","no","Percentage of the canopy that is full with colored leaves",,"NEON.DOC.014040vH","gchapman@neoninc.org","gchapman@neoninc.org","Seasonal drop",
"a2b16199-f978-45e6-961a-0b8f631fc750","SERC_063.phenology.phe","D02","SERC","SERC_063","2018-12-05","2018-12-05",339,"NEON.PLA.D02.SERC.06593","Leaves","no","Percentage of the canopy that is full with leaves",,"NEON.DOC.014040vH","gchapman@neoninc.org","gchapman@neoninc.org","Seasonal drop",
"d6126b32-c0f6-4520-9850-05fa8a4c2704","SERC_063.phenology.phe","D02","SERC","SERC_063","2018-12-05","2018-12-05",339,"NEON.PLA.D02.SERC.06525","Open flowers","no","Percentage of all fresh flowers (buds plus unopened plus open on the plant that are open",,"NEON.DOC.014040vH","gchapman@neoninc.org","gchapman@neoninc.org","Seasonal drop",
"fb826add-6de2-47cb-95c1-690db82d1ede","SERC_063.phenology.phe","D02","SERC","SERC_063","2018-12-05","2018-12-05",339,"NEON.PLA.D02.SERC.06539","Increasing leaf size","no","Percentage of full size of most leaves",,"NEON.DOC.014040vH","gchapman@neoninc.org","gchapman@neoninc.org","Seasonal drop",
"9c399d89-7343-4657-927f-a26f85e6eeb8","SERC_063.phenology.phe","D02","SERC","SERC_063","2018-12-05","2018-12-05",339,"NEON.PLA.D02.SERC.06587","Colored leaves","no","Percentage of the canopy that is full with colored leaves",,"NEON.DOC.014040vH","gchapman@neoninc.org","gchapman@neoninc.org","Seasonal drop",
"e946dbf9-b067-4240-b6d1-775b88f5a928","SERC_063.phenology.phe","D02","SERC","SERC_063","2018-12-05","2018-12-05",339,"NEON.PLA.D02.SERC.06587","Leaves","no","Percentage of the canopy that is full with leaves",,"NEON.DOC.014040vH","gchapman@neoninc.org","gchapman@neoninc.org","Seasonal drop",
"6f6b5a55-63ef-4f97-9407-31329df2dc73","SERC_063.phenology.phe","D02","SERC","SERC_063","2018-12-05","2018-12-05",339,"NEON.PLA.D02.SERC.06261","Falling leaves","no",,,"NEON.DOC.014040vH","gchapman@neoninc.org","gchapman@neoninc.org","Seasonal drop",
"f23757ce-ce22-4980-8435-44a51507f93b","SERC_063.phenology.phe","D02","SERC","SERC_063","2018-12-05","2018-12-05",339,"NEON.PLA.D02.SERC.06576","Breaking leaf buds","no","Number of breaking buds",,"NEON.DOC.014040vH","gchapman@neoninc.org","gchapman@neoninc.org","Seasonal drop",
"a7093ecb-c546-42c8-a23d-34cd99b96e41","SERC_063.phenology.phe","D02","SERC","SERC_063","2018-12-05","2018-12-05",339,"NEON.PLA.D02.SERC.06526","Breaking leaf buds","no","Number of breaking buds",,"NEON.DOC.014040vH","gchapman@neoninc.org","gchapman@neoninc.org","Seasonal drop",
"cdb02c16-b3ad-4bd7-9526-7636b56caa15","SERC_063.phenology.phe","D02","SERC","SERC_063","2018-12-05","2018-12-05",339,"NEON.PLA.D02.SERC.06524","Increasing leaf size","no","Percentage of full size of most leaves",,"NEON.DOC.014040vH","gchapman@neoninc.org","gchapman@neoninc.org","Seasonal drop",
"6c3192fd-4e43-4a66-a339-84564a7f8eb6","SERC_063.phenology.phe","D02","SERC","SERC_063","2018-12-05","2018-12-05",339,"NEON.PLA.D02.SERC.06568","Open flowers","no","Percentage of all fresh flowers (buds plus unopened plus open on the plant that are open",,"NEON.DOC.014040vH","gchapman@neoninc.org","gchapman@neoninc.org","Seasonal drop",
"a47bc0a2-ab7d-4826-9e24-62552accd113","SERC_063.phenology.phe","D02","SERC","SERC_063","2018-12-05","2018-12-05",339,"NEON.PLA.D02.SERC.06556","Colored leaves","no","Percentage of the canopy that is full with colored leaves",,"NEON.DOC.014040vH","gchapman@neoninc.org","gchapman@neoninc.org","Seasonal drop",
"ab01ecc1-42a7-4772-9803-3ffe5d054918","SERC_063.phenology.phe","D02","SERC","SERC_063","2018-12-05","2018-12-05",339,"NEON.PLA.D02.SERC.06588","Colored leaves","no","Percentage of the canopy that is full with colored leaves",,"NEON.DOC.014040vH","gchapman@neoninc.org","gchapman@neoninc.org","Seasonal drop",
"0d8c7893-7308-4ce7-808c-d9204ddacf2c","SERC_063.phenology.phe","D02","SERC","SERC_063","2018-12-05","2018-12-05",339,"NEON.PLA.D02.SERC.06591","Colored leaves","no","Percentage of the canopy that is full with colored leaves",,"NEON.DOC.014040vH","gchapman@neoninc.org","gchapman@neoninc.org","Seasonal drop",
"967e6a22-ee2f-45db-90de-b5d63abf0f16","SERC_063.phenology.phe","D02","SERC","SERC_063","2018-12-05","2018-12-05",339,"NEON.PLA.D02.SERC.06526","Falling leaves","no",,,"NEON.DOC.014040vH","gchapman@neoninc.org","gchapman@neoninc.org","Seasonal drop",
"4e19d66b-0982-42ed-a1ab-e9492db8982d","SERC_063.phenology.phe","D02","SERC","SERC_063","2018-12-05","2018-12-05",339,"NEON.PLA.D02.SERC.06526","Leaves","no","Percentage of the canopy that is full with leaves",,"NEON.DOC.014040vH","gchapman@neoninc.org","gchapman@neoninc.org","Seasonal drop",
"eca4d3dc-9c96-45da-93d3-6297d5595beb","SERC_063.phenology.phe","D02","SERC","SERC_063","2018-12-05","2018-12-05",339,"NEON.PLA.D02.SERC.06539","Breaking leaf buds","no","Number of breaking buds",,"NEON.DOC.014040vH","gchapman@neoninc.org","gchapman@neoninc.org","Seasonal drop",
"e09e476f-e2df-4739-9e9d-bae9d1eb39f3","SERC_063.phenology.phe","D02","SERC","SERC_063","2018-12-05","2018-12-05",339,"NEON.PLA.D02.SERC.06587","Breaking leaf buds","no","Number of breaking buds",,"NEON.DOC.014040vH","gchapman@neoninc.org","gchapman@neoninc.org","Seasonal drop",
"7f5d8060-ada5-44ce-b35e-d704793a5977","SERC_063.phenology.phe","D02","SERC","SERC_063","2018-12-05","2018-12-05",339,"NEON.PLA.D02.SERC.06568","Increasing leaf size","no","Percentage of full size of most leaves",,"NEON.DOC.014040vH","gchapman@neoninc.org","gchapman@neoninc.org","Seasonal drop",
"4fa7a221-0bb4-4d7d-8280-f8cb0e51544c","SERC_063.phenology.phe","D02","SERC","SERC_063","2018-12-05","2018-12-05",339,"NEON.PLA.D02.SERC.06591","Open flowers","no","Percentage of all fresh flowers (buds plus unopened plus open on the plant that are open",,"NEON.DOC.014040vH","gchapman@neoninc.org","gchapman@neoninc.org","Seasonal drop",
"8e83a7a6-9020-424b-8c6a-0ba4800aa0fb","SERC_063.phenology.phe","D02","SERC","SERC_063","2018-12-05","2018-12-05",339,"NEON.PLA.D02.SERC.06526","Open flowers","no","Percentage of all fresh flowers (buds plus unopened plus open on the plant that are open",,"NEON.DOC.014040vH","gchapman@neoninc.org","gchapman@neoninc.org","Seasonal drop",
"1e2c1469-920c-4cb2-b724-4121a1240872","SERC_063.phenology.phe","D02","SERC","SERC_063","2018-12-05","2018-12-05",339,"NEON.PLA.D02.SERC.06261","Colored leaves","no","Percentage of the canopy that is full with colored leaves",,"NEON.DOC.014040vH","gchapman@neoninc.org","gchapman@neoninc.org","Seasonal drop",
"77644912-33d7-4818-8f28-a2d87809de03","SERC_063.phenology.phe","D02","SERC","SERC_063","2018-12-05","2018-12-05",339,"NEON.PLA.D02.SERC.06525","Colored leaves","no","Percentage of the canopy that is full with colored leaves",,"NEON.DOC.014040vH","gchapman@neoninc.org","gchapman@neoninc.org","Seasonal drop",
"adf5dede-1256-4013-aac3-a09355d14c1d","SERC_063.phenology.phe","D02","SERC","SERC_063","2018-12-05","2018-12-05",339,"NEON.PLA.D02.SERC.06573","Open flowers","no","Percentage of all fresh flowers (buds plus unopened plus open on the plant that are open",,"NEON.DOC.014040vH","gchapman@neoninc.org","gchapman@neoninc.org","Seasonal drop",
"2bf43481-7108-4a8c-92b6-db9e8fe00c6e","SERC_063.phenology.phe","D02","SERC","SERC_063","2018-12-05","2018-12-05",339,"NEON.PLA.D02.SERC.06556","Breaking leaf buds","no","Number of breaking buds",,"NEON.DOC.014040vH","gchapman@neoninc.org","gchapman@neoninc.org","Seasonal drop",
"2a07dd9c-5d1d-4645-a1d2-28828de5be0a","SERC_063.phenology.phe","D02","SERC","SERC_063","2018-12-05","2018-12-05",339,"NEON.PLA.D02.SERC.06526","Colored leaves","no","Percentage of the canopy that is full with colored leaves",,"NEON.DOC.014040vH","gchapman@neoninc.org","gchapman@neoninc.org","Seasonal drop",
"7d1900dd-c475-46e1-a62e-cbc94944c5f4","SERC_063.phenology.phe","D02","SERC","SERC_063","2018-12-05","2018-12-05",339,"NEON.PLA.D02.SERC.06556","Leaves","no","Percentage of the canopy that is full with leaves",,"NEON.DOC.014040vH","gchapman@neoninc.org","gchapman@neoninc.org","Seasonal drop",
"dcbbe503-3852-4b50-9af8-240d6b1a73e5","SERC_063.phenology.phe","D02","SERC","SERC_063","2018-12-05","2018-12-05",339,"NEON.PLA.D02.SERC.06261","Breaking leaf buds","no","Number of breaking buds",,"NEON.DOC.014040vH","gchapman@neoninc.org","gchapman@neoninc.org","Seasonal drop",
"764ac483-709a-4ec4-a8de-0c00c715e2cb","SERC_063.phenology.phe","D02","SERC","SERC_063","2018-12-05","2018-12-05",339,"NEON.PLA.D02.SERC.06568","Breaking leaf buds","no","Number of breaking buds",,"NEON.DOC.014040vH","gchapman@neoninc.org","gchapman@neoninc.org","Seasonal drop",
"328d9935-9f00-4db7-844a-87b85b99fdbd","SERC_063.phenology.phe","D02","SERC","SERC_063","2018-12-05","2018-12-05",339,"NEON.PLA.D02.SERC.06556","Increasing leaf size","no","Percentage of full size of most leaves",,"NEON.DOC.014040vH","gchapman@neoninc.org","gchapman@neoninc.org","Seasonal drop",
"d4f646a8-5ffc-4a8b-bb78-0653de02fd8d","SERC_063.phenology.phe","D02","SERC","SERC_063","2018-12-05","2018-12-05",339,"NEON.PLA.D02.SERC.06524","Breaking leaf buds","no","Number of breaking buds",,"NEON.DOC.014040vH","gchapman@neoninc.org","gchapman@neoninc.org","Seasonal drop",
"1765b658-17e4-40af-9567-49a4dcf515bd","SERC_063.phenology.phe","D02","SERC","SERC_063","2018-12-05","2018-12-05",339,"NEON.PLA.D02.SERC.06526","Increasing leaf size","no","Percentage of full size of most leaves",,"NEON.DOC.014040vH","gchapman@neoninc.org","gchapman@neoninc.org","Seasonal drop",
"7c67b353-c786-4dbf-975d-b27fbf306130","SERC_063.phenology.phe","D02","SERC","SERC_063","2018-12-05","2018-12-05",339,"NEON.PLA.D02.SERC.06573","Breaking leaf buds","no","Number of breaking buds",,"NEON.DOC.014040vH","gchapman@neoninc.org","gchapman@neoninc.org","Seasonal drop",
"fd48e1e0-226c-469d-806b-55a8b281de36","SERC_063.phenology.phe","D02","SERC","SERC_063","2018-12-05","2018-12-05",339,"NEON.PLA.D02.SERC.06539","Leaves","no","Percentage of the canopy that is full with leaves",,"NEON.DOC.014040vH","gchapman@neoninc.org","gchapman@neoninc.org","Seasonal drop",
"9bbefa31-6e71-4e74-8c64-3e3953e5a61c","SERC_063.phenology.phe","D02","SERC","SERC_063","2018-12-05","2018-12-05",339,"NEON.PLA.D02.SERC.06595","Leaves","no","Percentage of the canopy that is full with leaves",,"NEON.DOC.014040vH","gchapman@neoninc.org","gchapman@neoninc.org","Seasonal drop",
"8e9bc591-c328-4145-8ee8-03acee4162ee","SERC_063.phenology.phe","D02","SERC","SERC_063","2018-12-05","2018-12-05",339,"NEON.PLA.D02.SERC.06539","Open flowers","no","Percentage of all fresh flowers (buds plus unopened plus open on the plant that are open",,"NEON.DOC.014040vH","gchapman@neoninc.org","gchapman@neoninc.org","Seasonal drop",
"f710e0fe-4230-4b7c-9550-2302f5ca4609","SERC_063.phenology.phe","D02","SERC","SERC_063","2018-12-05","2018-12-05",339,"NEON.PLA.D02.SERC.06591","Falling leaves","no",,,"NEON.DOC.014040vH","gchapman@neoninc.org","gchapman@neoninc.org","Seasonal drop",
"4b399f13-7da6-45fc-a151-1ae7462c8db9","SERC_063.phenology.phe","D02","SERC","SERC_063","2018-12-05","2018-12-05",339,"NEON.PLA.D02.SERC.06525","Falling leaves","no",,,"NEON.DOC.014040vH","gchapman@neoninc.org","gchapman@neoninc.org","Seasonal drop",
"d36c271c-227a-4597-a7a6-0d24cebc6862","SERC_063.phenology.phe","D02","SERC","SERC_063","2018-12-05","2018-12-05",339,"NEON.PLA.D02.SERC.06573","Falling leaves","no",,,"NEON.DOC.014040vH","gchapman@neoninc.org","gchapman@neoninc.org","Seasonal drop",
"b9100881-54cf-4d81-b67d-73cdbf2244ff","SERC_063.phenology.phe","D02","SERC","SERC_063","2018-12-05","2018-12-05",339,"NEON.PLA.D02.SERC.06588","Falling leaves","no",,,"NEON.DOC.014040vH","gchapman@neoninc.org","gchapman@neoninc.org","Seasonal drop",
"9efd3578-2b5e-4233-99ff-468b23e9a5ae","SERC_063.phenology.phe","D02","SERC","SERC_063","2018-12-05","2018-12-05",339,"NEON.PLA.D02.SERC.06261","Open flowers","no","Percentage of all fresh flowers (buds plus unopened plus open on the plant that are open",,"NEON.DOC.014040vH","gchapman@neoninc.org","gchapman@neoninc.org","Seasonal drop",
"8588df61-98d1-4e5e-968e-e7c10356550c","SERC_063.phenology.phe","D02","SERC","SERC_063","2018-12-05","2018-12-05",339,"NEON.PLA.D02.SERC.06576","Colored leaves","no","Percentage of the canopy that is full with colored leaves",,"NEON.DOC.014040vH","gchapman@neoninc.org","gchapman@neoninc.org","Seasonal drop",
"abf6d5e0-4744-458c-bb77-b46bc126f5ab","SERC_063.phenology.phe","D02","SERC","SERC_063","2018-12-05","2018-12-05",339,"NEON.PLA.D02.SERC.06587","Increasing leaf size","no","Percentage of full size of most leaves",,"NEON.DOC.014040vH","gchapman@neoninc.org","gchapman@neoninc.org","Seasonal drop",
"83af7bc5-5fc3-4fdc-8a73-24e8a24f2584","SERC_063.phenology.phe","D02","SERC","SERC_063","2018-12-05","2018-12-05",339,"NEON.PLA.D02.SERC.06595","Open flowers","no","Percentage of all fresh flowers (buds plus unopened plus open on the plant that are open",,"NEON.DOC.014040vH","gchapman@neoninc.org","gchapman@neoninc.org","Seasonal drop",
"43beba6c-9f8f-4801-8a80-99a19f8c7e7b","SERC_063.phenology.phe","D02","SERC","SERC_063","2018-12-05","2018-12-05",339,"NEON.PLA.D02.SERC.06525","Breaking leaf buds","no","Number of breaking buds",,"NEON.DOC.014040vH","gchapman@neoninc.org","gchapman@neoninc.org","Seasonal drop",
"22396a5e-1292-458b-8ad9-0e716e504cc5","SERC_063.phenology.phe","D02","SERC","SERC_063","2018-12-05","2018-12-05",339,"NEON.PLA.D02.SERC.06576","Falling leaves","no",,,"NEON.DOC.014040vH","gchapman@neoninc.org","gchapman@neoninc.org","Seasonal drop",
"c3b7d0a4-944a-49e2-8b76-b28aef833779","SERC_063.phenology.phe","D02","SERC","SERC_063","2018-12-05","2018-12-05",339,"NEON.PLA.D02.SERC.06573","Increasing leaf size","no","Percentage of full size of most leaves",,"NEON.DOC.014040vH","gchapman@neoninc.org","gchapman@neoninc.org","Seasonal drop",
"ac499c63-8af6-44c0-a6df-be183c0ac1da","SERC_063.phenology.phe","D02","SERC","SERC_063","2018-12-05","2018-12-05",339,"NEON.PLA.D02.SERC.06576","Leaves","no","Percentage of the canopy that is full with leaves",,"NEON.DOC.014040vH","gchapman@neoninc.org","gchapman@neoninc.org","Seasonal drop",
"5f307a51-3a9c-4fb4-9e50-930b9e715b49","SERC_063.phenology.phe","D02","SERC","SERC_063","2018-12-05","2018-12-05",339,"NEON.PLA.D02.SERC.06568","Leaves","no","Percentage of the canopy that is full with leaves",,"NEON.DOC.014040vH","gchapman@neoninc.org","gchapman@neoninc.org","Seasonal drop",
"a1eab478-1c13-4744-9a51-49fa7ea83958","SERC_063.phenology.phe","D02","SERC","SERC_063","2018-12-05","2018-12-05",339,"NEON.PLA.D02.SERC.06556","Falling leaves","no",,,"NEON.DOC.014040vH","gchapman@neoninc.org","gchapman@neoninc.org","Seasonal drop",
"a9ec0519-0439-4683-9719-f79debbaff15","SERC_063.phenology.phe","D02","SERC","SERC_063","2018-12-05","2018-12-05",339,"NEON.PLA.D02.SERC.06524","Colored leaves","no","Percentage of the canopy that is full with colored leaves",,"NEON.DOC.014040vH","gchapman@neoninc.org","gchapman@neoninc.org","Seasonal drop",
"6194336e-8498-4723-8e76-eded649ed63e","SERC_063.phenology.phe","D02","SERC","SERC_063","2018-12-05","2018-12-05",339,"NEON.PLA.D02.SERC.06525","Leaves","no","Percentage of the canopy that is full with leaves",,"NEON.DOC.014040vH","gchapman@neoninc.org","gchapman@neoninc.org","Seasonal drop",
"c872c0b1-e59f-4398-8e1c-9d050e88037c","SERC_063.phenology.phe","D02","SERC","SERC_063","2018-12-05","2018-12-05",339,"NEON.PLA.D02.SERC.06539","Falling leaves","no",,,"NEON.DOC.014040vH","gchapman@neoninc.org","gchapman@neoninc.org","Seasonal drop",
"1cca308b-abde-412a-8f2f-a7bad773d80e","SERC_063.phenology.phe","D02","SERC","SERC_063","2018-12-05","2018-12-05",339,"NEON.PLA.D02.SERC.06524","Falling leaves","no",,,"NEON.DOC.014040vH","gchapman@neoninc.org","gchapman@neoninc.org","Seasonal drop",
"5c0407df-0e05-4d46-ada5-05a874def2e8","SERC_063.phenology.phe","D02","SERC","SERC_063","2018-12-05","2018-12-05",339,"NEON.PLA.D02.SERC.06525","Increasing leaf size","no","Percentage of full size of most leaves",,"NEON.DOC.014040vH","gchapman@neoninc.org","gchapman@neoninc.org","Seasonal drop",
"e95443d4-35b9-4bcc-a1a5-da19f65f1f82","SERC_063.phenology.phe","D02","SERC","SERC_063","2018-12-05","2018-12-05",339,"NEON.PLA.D02.SERC.06595","Colored leaves","no","Percentage of the canopy that is full with colored leaves",,"NEON.DOC.014040vH","gchapman@neoninc.org","gchapman@neoninc.org","Seasonal drop",
"e35b6d04-e216-414b-8c18-5f0786281bf8","SERC_063.phenology.phe","D02","SERC","SERC_063","2018-12-05","2018-12-05",339,"NEON.PLA.D02.SERC.06588","Leaves","no","Percentage of the canopy that is full with leaves",,"NEON.DOC.014040vH","gchapman@neoninc.org","gchapman@neoninc.org","Seasonal drop",
"2aba7ef6-321b-4cdb-a0f2-39c695cbdae3","SERC_063.phenology.phe","D02","SERC","SERC_063","2018-12-05","2018-12-05",339,"NEON.PLA.D02.SERC.06588","Open flowers","no","Percentage of all fresh flowers (buds plus unopened plus open on the plant that are open",,"NEON.DOC.014040vH","gchapman@neoninc.org","gchapman@neoninc.org","Seasonal drop",
"0343acb7-d736-4dc0-af79-b56ffa1de755","SERC_063.phenology.phe","D02","SERC","SERC_063","2018-12-05","2018-12-05",339,"NEON.PLA.D02.SERC.06591","Breaking leaf buds","no","Number of breaking buds",,"NEON.DOC.014040vH","gchapman@neoninc.org","gchapman@neoninc.org","Seasonal drop",
"25950c6c-e31b-4992-a7b6-34b91e488dd4","SERC_063.phenology.phe","D02","SERC","SERC_063","2018-12-05","2018-12-05",339,"NEON.PLA.D02.SERC.06576","Increasing leaf size","no","Percentage of full size of most leaves",,"NEON.DOC.014040vH","gchapman@neoninc.org","gchapman@neoninc.org","Seasonal drop",
"229732a2-0fc6-4ee4-9632-8c4879566bb7","SERC_063.phenology.phe","D02","SERC","SERC_063","2018-12-05","2018-12-05",339,"NEON.PLA.D02.SERC.06524","Open flowers","no","Percentage of all fresh flowers (buds plus unopened plus open on the plant that are open",,"NEON.DOC.014040vH","gchapman@neoninc.org","gchapman@neoninc.org","Seasonal drop",
"8de860be-aaac-43d3-a683-1a4c0141a784","SERC_063.phenology.phe","D02","SERC","SERC_063","2018-12-05","2018-12-05",339,"NEON.PLA.D02.SERC.06588","Breaking leaf buds","no","Number of breaking buds",,"NEON.DOC.014040vH","gchapman@neoninc.org","gchapman@neoninc.org","Seasonal drop",
"66c207c1-e831-4090-8007-858b3cbabbaa","SERC_063.phenology.phe","D02","SERC","SERC_063","2018-12-05","2018-12-05",339,"NEON.PLA.D02.SERC.06539","Colored leaves","no","Percentage of the canopy that is full with colored leaves",,"NEON.DOC.014040vH","gchapman@neoninc.org","gchapman@neoninc.org","Seasonal drop",
"a6be9945-6c87-4b21-8363-3501626d90c9","SERC_063.phenology.phe","D02","SERC","SERC_063","2018-12-05","2018-12-05",339,"NEON.PLA.D02.SERC.06568","Falling leaves","no",,,"NEON.DOC.014040vH","gchapman@neoninc.org","gchapman@neoninc.org","Seasonal drop",
"e7169219-3711-4329-aaef-8390ab985bc4","SERC_063.phenology.phe","D02","SERC","SERC_063","2018-12-05","2018-12-05",339,"NEON.PLA.D02.SERC.06595","Falling leaves","no",,,"NEON.DOC.014040vH","gchapman@neoninc.org","gchapman@neoninc.org","Seasonal drop",
"fa72f51e-f883-4232-ad21-460710c2def2","SERC_063.phenology.phe","D02","SERC","SERC_063","2018-12-05","2018-12-05",339,"NEON.PLA.D02.SERC.06573","Colored leaves","no","Percentage of the canopy that is full with colored leaves",,"NEON.DOC.014040vH","gchapman@neoninc.org","gchapman@neoninc.org","Seasonal drop",
"b0d43827-ef7e-4302-80fb-2eda795cafa1","SERC_063.phenology.phe","D02","SERC","SERC_063","2018-12-05","2018-12-05",339,"NEON.PLA.D02.SERC.06593","Increasing leaf size","no","Percentage of full size of most leaves",,"NEON.DOC.014040vH","gchapman@neoninc.org","gchapman@neoninc.org","Seasonal drop",
"a3f4acae-67d2-47d2-bc1e-36bdcd89555d","SERC_063.phenology.phe","D02","SERC","SERC_063","2018-12-05","2018-12-05",339,"NEON.PLA.D02.SERC.06588","Increasing leaf size","no","Percentage of full size of most leaves",,"NEON.DOC.014040vH","gchapman@neoninc.org","gchapman@neoninc.org","Seasonal drop",
"6b878819-088d-4959-8d87-4d45ee3f91c6","SERC_063.phenology.phe","D02","SERC","SERC_063","2018-12-05","2018-12-05",339,"NEON.PLA.D02.SERC.06593","Breaking leaf buds","no","Number of breaking buds",,"NEON.DOC.014040vH","gchapman@neoninc.org","gchapman@neoninc.org","Seasonal drop",
"ef88176a-1cad-4738-bbca-18ab86890ce3","SERC_063.phenology.phe","D02","SERC","SERC_063","2018-12-05","2018-12-05",339,"NEON.PLA.D02.SERC.06593","Open flowers","no","Percentage of all fresh flowers (buds plus unopened plus open on the plant that are open",,"NEON.DOC.014040vH","gchapman@neoninc.org","gchapman@neoninc.org","Seasonal drop",
"127911b7-4c9a-473b-8d08-f420648a3a5c","SERC_063.phenology.phe","D02","SERC","SERC_063","2018-12-05","2018-12-05",339,"NEON.PLA.D02.SERC.06524","Leaves","no","Percentage of the canopy that is full with leaves",,"NEON.DOC.014040vH","gchapman@neoninc.org","gchapman@neoninc.org","Seasonal drop",
"4fc68269-2112-4c6d-a1c2-2929f54faa40","SERC_063.phenology.phe","D02","SERC","SERC_063","2018-12-05","2018-12-05",339,"NEON.PLA.D02.SERC.06573","Leaves","no","Percentage of the canopy that is full with leaves",,"NEON.DOC.014040vH","gchapman@neoninc.org","gchapman@neoninc.org","Seasonal drop",
"3eaea761-c335-44b2-aaed-9f3630ce2b4b","SERC_063.phenology.phe","D02","SERC","SERC_063","2018-12-05","2018-12-05",339,"NEON.PLA.D02.SERC.06593","Colored leaves","no","Percentage of the canopy that is full with colored leaves",,"NEON.DOC.014040vH","gchapman@neoninc.org","gchapman@neoninc.org","Seasonal drop",
