uid,namedLocation,domainID,siteID,plotID,date,editedDate,individualID,patchOrIndividual,canopyPosition,plantStatus,stemDiameter,measurementHeight,maxCanopyDiameter,ninetyCanopyDiameter,patchSize,percentCover,height,diseaseType,samplingProtocolVersion,measuredBy,recordedBy,remarks,dataQF
"fedaa30d-3cc2-4039-ac00-60218c1de571","BLAN_061.phenology.phe","D02","BLAN","BLAN_061","2018-11-15","2018-02-12","NEON.PLA.D02.BLAN.06300","Individual","Full sun","Live, other damage",6.9,130.0,5.0,4.7,,,3.7,,"NEON.DOC.014040vH","llemmon@field-ops.org","cthiel@battelleecology.org","biotic suppression; vines blocking canopy",
"94bf7770-8b50-4cb0-94a4-ec4be37eca91","BLAN_061.phenology.phe","D02","BLAN","BLAN_061","2018-11-15","2016-03-28","NEON.PLA.D02.BLAN.06246","Individual","Partially shaded","Live",7.5,130.0,6.5,5.3,,,5.1,,"NEON.DOC.014040vH","llemmon@field-ops.org","cthiel@battelleecology.org",,
"b800c3ca-f2ab-48e8-a37b-ceb3aa32ff63","BLAN_061.phenology.phe","D02","BLAN","BLAN_061","2018-11-15","2016-03-28","NEON.PLA.D02.BLAN.06233","Individual","Mostly shaded","Live",4.3,130.0,7.4,5.7,,,4.3,,"NEON.DOC.014040vH","llemmon@field-ops.org","cthiel@battelleecology.org",,
"d6f280fc-a6ea-4e18-85f2-9823dc863fa9","BLAN_061.phenology.phe","D02","BLAN","BLAN_061","2018-11-15","2016-03-28","NEON.PLA.D02.BLAN.06249","Individual","Mostly shaded","Live",9.2,130.0,5.9,5.5,,,6.0,,"NEON.DOC.014040vH","llemmon@field-ops.org","cthiel@battelleecology.org",,
"beff6b6e-b3db-4da4-92cb-d7788ccb8e43","BLAN_061.phenology.phe","D02","BLAN","BLAN_061","2018-11-15","2018-02-12","NEON.PLA.D02.BLAN.06700","Individual","Full sun","Live",7.1,130.0,4.5,4.2,,,3.7,,"NEON.DOC.014040vH","llemmon@field-ops.org","cthiel@battelleecology.org",,
"e54db9ac-84ce-42f8-8004-778bc637ccb9","BLAN_061.phenology.phe","D02","BLAN","BLAN_061","2018-11-15","2018-02-12","NEON.PLA.D02.BLAN.06243","Individual","Open grown","Live",7.4,130.0,5.7,4.7,,,3.0,,"NEON.DOC.014040vH","llemmon@field-ops.org","cthiel@battelleecology.org",,
"af813e03-a6d1-4f84-82b6-7f040312d59e","BLAN_061.phenology.phe","D02","BLAN","BLAN_061","2018-11-15","2016-03-28","NEON.PLA.D02.BLAN.06245","Individual","Partially shaded","Live",7.7,130.0,6.9,5.2,,,5.1,,"NEON.DOC.014040vH","llemmon@field-ops.org","cthiel@battelleecology.org",,
"d98fb504-1caa-4506-8288-74779140e386","BLAN_061.phenology.phe","D02","BLAN","BLAN_061","2018-11-15","2016-03-28","NEON.PLA.D02.BLAN.06225","Individual","Mostly shaded","Live, disease damaged",4.9,130.0,4.5,4.3,,,5.0,"fungus along bole","NEON.DOC.014040vH","llemmon@field-ops.org","cthiel@battelleecology.org",,
"32f25699-be8a-476a-826b-cc20a591dc9f","BLAN_061.phenology.phe","D02","BLAN","BLAN_061","2018-11-15","2018-11-08","NEON.PLA.D02.BLAN.06219","Individual","Full shade","Live",1.3,130.0,1.2,1.0,,,2.4,,"NEON.DOC.014040vH","llemmon@field-ops.org","cthiel@battelleecology.org",,
"608c336e-7c67-454d-8a24-dc8b83fb0282","BLAN_061.phenology.phe","D02","BLAN","BLAN_061","2018-11-15","2015-06-25","NEON.PLA.D02.BLAN.06299","Individual","Partially shaded","Live",7.1,130.0,6.6,5.2,,,5.4,,"NEON.DOC.014040vH","llemmon@field-ops.org","cthiel@battelleecology.org",,
"5ec9e083-67da-4b8f-a6fe-331fb6233393","BLAN_061.phenology.phe","D02","BLAN","BLAN_061","2018-11-15","2018-02-12","NEON.PLA.D02.BLAN.06206","Individual","Mostly shaded","Live",7.7,130.0,4.7,3.3,,,6.2,,"NEON.DOC.014040vH","llemmon@field-ops.org","cthiel@battelleecology.org",,
"b7fa0c6d-b090-42c2-a6af-2d0309c5b9a5","BLAN_061.phenology.phe","D02","BLAN","BLAN_061","2018-11-15","2016-03-28","NEON.PLA.D02.BLAN.06211","Individual","Partially shaded","Live",11.5,130.0,6.2,5.0,,,5.5,,"NEON.DOC.014040vH","llemmon@field-ops.org","cthiel@battelleecology.org",,
"a12afc29-a934-456c-986f-5ae21844b97e","BLAN_061.phenology.phe","D02","BLAN","BLAN_061","2018-11-15","2018-02-12","NEON.PLA.D02.BLAN.06217","Individual","Partially shaded","Live",5.8,130.0,3.2,3.2,,,3.5,,"NEON.DOC.014040vH","llemmon@field-ops.org","cthiel@battelleecology.org",,
"9ae70a74-907f-4ee6-855b-d56b8f5df19f","BLAN_061.phenology.phe","D02","BLAN","BLAN_061","2018-11-15","2018-02-12","NEON.PLA.D02.BLAN.06239","Individual","Mostly shaded","Live",4.7,130.0,3.9,3.5,,,4.2,,"NEON.DOC.014040vH","llemmon@field-ops.org","cthiel@battelleecology.org",,
"67dfe1af-b58a-46e8-b2c4-b3f05f0b70ef","BLAN_061.phenology.phe","D02","BLAN","BLAN_061","2018-11-15","2018-02-12","NEON.PLA.D02.BLAN.06295","Individual","Partially shaded","Live",5.0,130.0,4.3,3.9,,,4.1,,"NEON.DOC.014040vH","llemmon@field-ops.org","cthiel@battelleecology.org",,
"abf8fb62-a997-4b23-8165-5b6710a3d8dd","BLAN_061.phenology.phe","D02","BLAN","BLAN_061","2018-11-15","2015-06-25","NEON.PLA.D02.BLAN.06291","Individual","Mostly shaded","Live",7.7,130.0,5.0,3.0,,,5.9,,"NEON.DOC.014040vH","llemmon@field-ops.org","cthiel@battelleecology.org",,
"5836cd77-c427-4d54-b657-a85de3456967","BLAN_061.phenology.phe","D02","BLAN","BLAN_061","2018-11-15","2018-07-05","NEON.PLA.D02.BLAN.06015","Individual","Partially shaded","Live",3.6,130.0,2.9,2.7,,,2.8,,"NEON.DOC.014040vH","llemmon@field-ops.org","cthiel@battelleecology.org",,
"6a2bb80f-6739-43ce-9aed-085f824568e6","BLAN_061.phenology.phe","D02","BLAN","BLAN_061","2018-11-15","2018-02-12","NEON.PLA.D02.BLAN.06210","Individual","Mostly shaded","Live",8.0,130.0,6.1,3.7,,,5.5,,"NEON.DOC.014040vH","llemmon@field-ops.org","cthiel@battelleecology.org",,
"5a39e8fd-bec5-4431-832d-eba65b6c2416","BLAN_061.phenology.phe","D02","BLAN","BLAN_061","2018-11-15","2018-02-12","NEON.PLA.D02.BLAN.06202","Individual","Partially shaded","Live",4.8,130.0,3.4,3.1,,,3.7,,"NEON.DOC.014040vH","llemmon@field-ops.org","cthiel@battelleecology.org",,
"54797daf-c534-4bec-8dca-39b004f79275","BLAN_061.phenology.phe","D02","BLAN","BLAN_061","2018-11-15","2018-04-30","NEON.PLA.D02.BLAN.06023","Individual","Full shade","Live",1.8,130.0,2.0,1.7,,,2.1,,"NEON.DOC.014040vH","llemmon@field-ops.org","cthiel@battelleecology.org",,
"ed8b2ff3-ace3-4d7a-9012-8f072b536f33","BLAN_061.phenology.phe","D02","BLAN","BLAN_061","2018-11-15","2016-03-28","NEON.PLA.D02.BLAN.06237","Individual","Mostly shaded","Live",5.8,130.0,4.2,3.5,,,5.0,,"NEON.DOC.014040vH","llemmon@field-ops.org","cthiel@battelleecology.org",,
"1ab6c92b-2d62-4989-8380-69f0221ba68b","BLAN_061.phenology.phe","D02","BLAN","BLAN_061","2018-11-15","2018-02-12","NEON.PLA.D02.BLAN.06223","Individual","Mostly shaded","Live, insect damaged",17.0,130.0,7.3,7.0,,,6.6,,"NEON.DOC.014040vH","llemmon@field-ops.org","cthiel@battelleecology.org","insect burrow holes along bole",
"a488aed6-fd95-4ca8-a507-c6968d4fafbe","BLAN_061.phenology.phe","D02","BLAN","BLAN_061","2018-11-15","2016-03-28","NEON.PLA.D02.BLAN.06228","Individual","Mostly shaded","Live, disease damaged",8.8,130.0,6.0,5.3,,,4.8,"pathogen","NEON.DOC.014040vH","llemmon@field-ops.org","cthiel@battelleecology.org","much fungus alimg bole and canopy",
"9b5011a4-fe88-416e-912c-2822e33835f4","BLAN_061.phenology.phe","D02","BLAN","BLAN_061","2018-11-15","2018-02-12","NEON.PLA.D02.BLAN.06238","Individual","Mostly shaded","Live",2.2,130.0,2.2,2.0,,,2.8,,"NEON.DOC.014040vH","llemmon@field-ops.org","cthiel@battelleecology.org",,
"d6d4a27b-0866-42f6-9bda-5759d4be7394","BLAN_061.phenology.phe","D02","BLAN","BLAN_061","2018-11-15","2016-03-28","NEON.PLA.D02.BLAN.06247","Individual","Partially shaded","Live, disease damaged",6.6,130.0,5.2,4.3,,,4.4,,"NEON.DOC.014040vH","llemmon@field-ops.org","cthiel@battelleecology.org","pathogen damage. fungus along bole and canopy",
"3c29ae36-a940-4e3d-aa78-970f96440181","BLAN_061.phenology.phe","D02","BLAN","BLAN_061","2018-11-15","2018-02-12","NEON.PLA.D02.BLAN.06288","Individual","Partially shaded","Live",7.1,130.0,4.4,4.0,,,5.8,,"NEON.DOC.014040vH","llemmon@field-ops.org","cthiel@battelleecology.org",,
"8f862ce4-3780-4bef-92db-e55a364db88e","BLAN_061.phenology.phe","D02","BLAN","BLAN_061","2018-11-15","2018-02-12","NEON.PLA.D02.BLAN.06221","Individual","Partially shaded","Live, disease damaged",10.1,130.0,6.2,5.8,,,4.7,"pathogen","NEON.DOC.014040vH","llemmon@field-ops.org","cthiel@battelleecology.org","much fungus along boles and branches",
"c0b89d90-e7b1-4c98-b7dc-475965406fba","BLAN_061.phenology.phe","D02","BLAN","BLAN_061","2018-11-15","2018-02-12","NEON.PLA.D02.BLAN.06289","Individual","Mostly shaded","Live",4.4,130.0,2.9,2.4,,,3.5,,"NEON.DOC.014040vH","llemmon@field-ops.org","cthiel@battelleecology.org",,
"f52907ef-f7cd-4928-867d-20ed4a65e72b","BLAN_061.phenology.phe","D02","BLAN","BLAN_061","2018-11-15","2015-06-25","NEON.PLA.D02.BLAN.06287","Individual","Partially shaded","Live",9.8,130.0,5.9,4.7,,,6.1,,"NEON.DOC.014040vH","llemmon@field-ops.org","cthiel@battelleecology.org",,
"bb2ff91c-59e5-4f21-9bcc-cbd78c54302f","BLAN_061.phenology.phe","D02","BLAN","BLAN_061","2018-11-15","2018-02-12","NEON.PLA.D02.BLAN.06215","Individual","Full sun","Live",4.0,130.0,3.3,2.7,,,2.5,,"NEON.DOC.014040vH","llemmon@field-ops.org","cthiel@battelleecology.org",,
"72337d37-dd49-474d-8b90-5c245e4c5b42","BLAN_061.phenology.phe","D02","BLAN","BLAN_061","2018-11-15","2018-02-12","NEON.PLA.D02.BLAN.06250","Individual","Mostly shaded","Live",7.5,130.0,5.7,4.3,,,5.3,,"NEON.DOC.014040vH","llemmon@field-ops.org","cthiel@battelleecology.org",,
"cb12a3db-ef9a-48fa-8e25-331f09c09cb5","BLAN_061.phenology.phe","D02","BLAN","BLAN_061","2018-11-15","2018-03-01","NEON.PLA.D02.BLAN.06161","Individual","Full sun","Live",5.1,130.0,3.1,2.3,,,3.6,,"NEON.DOC.014040vH","llemmon@field-ops.org","cthiel@battelleecology.org",,
"07672809-5c4e-42d0-9153-28c49d8b821b","BLAN_061.phenology.phe","D02","BLAN","BLAN_061","2018-11-15","2018-02-12","NEON.PLA.D02.BLAN.06227","Individual","Mostly shaded","Live",5.5,130.0,4.9,4.1,,,5.3,,"NEON.DOC.014040vH","llemmon@field-ops.org","cthiel@battelleecology.org",,
"6bbca297-f6e4-442b-890e-4efcf3de4340","BLAN_061.phenology.phe","D02","BLAN","BLAN_061","2018-11-15","2018-02-12","NEON.PLA.D02.BLAN.06218","Individual","Mostly shaded","Live",3.6,130.0,2.7,2.3,,,3.5,,"NEON.DOC.014040vH","llemmon@field-ops.org","cthiel@battelleecology.org",,
"780c2b48-25c3-42fc-b163-f96b919fd8d4","BLAN_061.phenology.phe","D02","BLAN","BLAN_061","2018-11-15","2018-02-12","NEON.PLA.D02.BLAN.06207","Individual","Mostly shaded","Live",6.2,130.0,4.0,3.1,,,6.3,,"NEON.DOC.014040vH","llemmon@field-ops.org","cthiel@battelleecology.org","fungus on dead branches",
"d6968f90-9075-4c2a-8275-6538e9b123ae","BLAN_061.phenology.phe","D02","BLAN","BLAN_061","2018-11-15","2018-02-12","NEON.PLA.D02.BLAN.06294","Individual","Open grown","Live",1.9,130.0,2.6,2.4,,,2.2,,"NEON.DOC.014040vH","llemmon@field-ops.org","cthiel@battelleecology.org",,
"24b0f6fa-9e57-427f-bf0f-e7e2a9376178","BLAN_061.phenology.phe","D02","BLAN","BLAN_061","2018-11-15","2018-02-12","NEON.PLA.D02.BLAN.06224","Individual","Mostly shaded","Live",8.3,130.0,3.7,3.5,,,5.9,,"NEON.DOC.014040vH","llemmon@field-ops.org","cthiel@battelleecology.org",,
"f90c31e4-0fce-4ff4-9dd9-f4bf1caf2366","BLAN_061.phenology.phe","D02","BLAN","BLAN_061","2018-11-15","2018-02-12","NEON.PLA.D02.BLAN.06234","Individual","Mostly shaded","Live",9.2,130.0,6.4,5.1,,,4.5,,"NEON.DOC.014040vH","llemmon@field-ops.org","cthiel@battelleecology.org",,
"6ae1026a-f659-4382-88af-80ee90a6b9f7","BLAN_061.phenology.phe","D02","BLAN","BLAN_061","2018-11-15","2016-03-28","NEON.PLA.D02.BLAN.06236","Individual","Mostly shaded","Live",4.9,130.0,3.9,3.2,,,4.4,,"NEON.DOC.014040vH","llemmon@field-ops.org","cthiel@battelleecology.org",,
"fa97b7a2-71a6-433a-a2f2-2d4ed0489943","BLAN_061.phenology.phe","D02","BLAN","BLAN_061","2018-11-15","2018-07-18","NEON.PLA.D02.BLAN.06277","Individual","Partially shaded","Live",3.9,130.0,4.1,2.3,,,4.4,,"NEON.DOC.014040vH","llemmon@field-ops.org","cthiel@battelleecology.org",,
"8985b58e-8260-4893-92ff-b536e54a3951","BLAN_061.phenology.phe","D02","BLAN","BLAN_061","2018-11-15","2018-02-12","NEON.PLA.D02.BLAN.06204","Individual","Mostly shaded","Live",4.8,130.0,3.6,3.3,,,5.1,,"NEON.DOC.014040vH","llemmon@field-ops.org","cthiel@battelleecology.org",,
"88c3b706-29f6-40cd-b380-5ea10f8cf9c7","BLAN_061.phenology.phe","D02","BLAN","BLAN_061","2018-11-15","2018-02-12","NEON.PLA.D02.BLAN.06212","Individual","Full sun","Live",5.4,130.0,4.0,3.4,,,4.0,,"NEON.DOC.014040vH","llemmon@field-ops.org","cthiel@battelleecology.org",,
"68bda8f8-25e6-4d61-a48f-69998c800c6c","BLAN_061.phenology.phe","D02","BLAN","BLAN_061","2018-11-15","2018-02-12","NEON.PLA.D02.BLAN.06251","Individual","Partially shaded","Live, disease damaged",10.5,130.0,6.1,5.1,,,4.9,"pathogen","NEON.DOC.014040vH","llemmon@field-ops.org","cthiel@battelleecology.org","fungus along bole",
"9bcc18e1-83ea-4115-8def-8d942786e2df","BLAN_061.phenology.phe","D02","BLAN","BLAN_061","2018-11-15","2018-02-12","NEON.PLA.D02.BLAN.06220","Individual","Mostly shaded","Live",4.2,130.0,2.4,1.3,,,3.2,,"NEON.DOC.014040vH","llemmon@field-ops.org","cthiel@battelleecology.org",,
"d56b28a8-5201-4133-8540-f92dcef37b5a","BLAN_061.phenology.phe","D02","BLAN","BLAN_061","2018-11-15","2016-03-28","NEON.PLA.D02.BLAN.06205","Individual","Mostly shaded","Live",6.0,130.0,5.7,4.6,,,5.2,,"NEON.DOC.014040vH","llemmon@field-ops.org","cthiel@battelleecology.org",,
"d972b761-4f86-4f66-ac2a-f6d73859ffa1","BLAN_061.phenology.phe","D02","BLAN","BLAN_061","2018-11-15","2018-02-12","NEON.PLA.D02.BLAN.06240","Individual","Partially shaded","Live",9.5,130.0,6.3,6.3,,,4.9,,"NEON.DOC.014040vH","llemmon@field-ops.org","cthiel@battelleecology.org",,
"952da84c-169b-4e0f-b871-f142c9cf623f","BLAN_061.phenology.phe","D02","BLAN","BLAN_061","2018-11-15","2018-02-12","NEON.PLA.D02.BLAN.06235","Individual","Mostly shaded","Live",8.3,130.0,5.4,4.2,,,4.8,,"NEON.DOC.014040vH","llemmon@field-ops.org","cthiel@battelleecology.org",,
"4208173f-7928-4320-96ca-64721edba6d1","BLAN_061.phenology.phe","D02","BLAN","BLAN_061","2018-11-15","2018-02-12","NEON.PLA.D02.BLAN.06214","Individual","Partially shaded","Live",2.4,130.0,2.4,2.2,,,2.4,,"NEON.DOC.014040vH","llemmon@field-ops.org","cthiel@battelleecology.org",,
"2934b362-bfbc-42f5-9a7a-4283999f44da","BLAN_061.phenology.phe","D02","BLAN","BLAN_061","2018-11-15","2018-02-12","NEON.PLA.D02.BLAN.06216","Individual","Partially shaded","Live, other damage",3.8,130.0,4.8,4.2,,,3.9,,"NEON.DOC.014040vH","llemmon@field-ops.org","cthiel@battelleecology.org",,
"cf27cb5f-ccc0-4e1e-924a-98e3e6bd48c6","BLAN_061.phenology.phe","D02","BLAN","BLAN_061","2018-11-15","2018-02-12","NEON.PLA.D02.BLAN.06248","Individual","Mostly shaded","Live",4.4,130.0,4.0,3.6,,,5.8,,"NEON.DOC.014040vH","llemmon@field-ops.org","cthiel@battelleecology.org",,
"3df00c54-3675-419c-9b63-2225fdd4f89d","BLAN_061.phenology.phe","D02","BLAN","BLAN_061","2018-11-15","2018-02-12","NEON.PLA.D02.BLAN.06226","Individual","Mostly shaded","Live, disease damaged",3.0,130.0,4.4,3.5,,,4.2,"fungus along bole and branches","NEON.DOC.014040vH","llemmon@field-ops.org","cthiel@battelleecology.org",,
"9321628a-0116-4555-808c-82b4f3b14963","BLAN_061.phenology.phe","D02","BLAN","BLAN_061","2018-11-15","2016-03-28","NEON.PLA.D02.BLAN.06203","Individual","Partially shaded","Live",5.9,130.0,6.1,6.0,,,5.0,,"NEON.DOC.014040vH","llemmon@field-ops.org","cthiel@battelleecology.org",,
"4b7542af-1383-40da-9790-a462aa4bab3c","BLAN_061.phenology.phe","D02","BLAN","BLAN_061","2018-11-15","2016-03-28","NEON.PLA.D02.BLAN.06244","Individual","Partially shaded","Live, physically damaged",6.9,130.0,4.2,3.9,,,4.9,,"NEON.DOC.014040vH","llemmon@field-ops.org","cthiel@battelleecology.org","vine damage to crown",
"9ed1da96-6486-4e93-b063-7086a87e4c0f","BLAN_061.phenology.phe","D02","BLAN","BLAN_061","2018-11-15","2018-02-12","NEON.PLA.D02.BLAN.06297","Individual","Full shade","Live, other damage",5.3,130.0,4.8,3.3,,,3.8,,"NEON.DOC.014040vH","llemmon@field-ops.org","cthiel@battelleecology.org","biotic suppression; vines blocking canopy",
"1cd33644-5b31-48aa-be23-82f597195afd","BLAN_061.phenology.phe","D02","BLAN","BLAN_061","2018-11-15","2018-02-12","NEON.PLA.D02.BLAN.06213","Individual","Mostly shaded","Live, physically damaged",2.8,130.0,2.6,1.4,,,2.6,,"NEON.DOC.014040vH","llemmon@field-ops.org","cthiel@battelleecology.org","bole scars/damage on both stems",
"993ea936-d2c2-41a5-bc10-32568f21851d","BLAN_061.phenology.phe","D02","BLAN","BLAN_061","2018-11-15","2018-02-12","NEON.PLA.D02.BLAN.06208","Individual","Mostly shaded","Live",6.2,130.0,3.6,2.6,,,6.0,,"NEON.DOC.014040vH","llemmon@field-ops.org","cthiel@battelleecology.org",,
"17470343-9b36-4366-96ef-ac2d908033b3","BLAN_061.phenology.phe","D02","BLAN","BLAN_061","2018-11-15","2018-02-12","NEON.PLA.D02.BLAN.06230","Individual","Mostly shaded","Live",3.9,130.0,2.9,1.7,,,5.1,,"NEON.DOC.014040vH","llemmon@field-ops.org","cthiel@battelleecology.org",,
"28437540-7521-448d-8d16-cf6632e8db5b","BLAN_061.phenology.phe","D02","BLAN","BLAN_061","2018-11-15","2018-02-12","NEON.PLA.D02.BLAN.06231","Individual","Full shade","Live",3.2,130.0,2.5,2.2,,,3.9,,"NEON.DOC.014040vH","llemmon@field-ops.org","cthiel@battelleecology.org",,
"d64de763-e7ab-495c-92ac-509dd69b2012","BLAN_061.phenology.phe","D02","BLAN","BLAN_061","2018-11-15","2016-03-28","NEON.PLA.D02.BLAN.06201","Individual","Mostly shaded","Live",7.3,130.0,5.3,3.1,,,5.2,,"NEON.DOC.014040vH","llemmon@field-ops.org","cthiel@battelleecology.org",,
"747005f8-563e-498d-926b-2769c03802ef","BLAN_061.phenology.phe","D02","BLAN","BLAN_061","2018-11-15","2016-03-28","NEON.PLA.D02.BLAN.06242","Individual","Full sun","Live",11.0,130.0,5.8,4.8,,,5.0,,"NEON.DOC.014040vH","llemmon@field-ops.org","cthiel@battelleecology.org",,
