uid,namedLocation,domainID,siteID,plotID,date,editedDate,individualID,patchOrIndividual,canopyPosition,plantStatus,stemDiameter,measurementHeight,maxCanopyDiameter,ninetyCanopyDiameter,patchSize,percentCover,height,diseaseType,samplingProtocolVersion,measuredBy,recordedBy,remarks,dataQF
"d816ce31-204f-42fa-9b5e-803d3eecf7ab","BLAN_061.phenology.phe","D02","BLAN","BLAN_061","2017-09-21","2017-10-27","NEON.PLA.D02.BLAN.06160","Patch","Full sun","Live",,,,,0.063,40.0,1.1,,"NEON.DOC.014040vH","alandes@field-ops.org","jporta@BattelleEcology.org",,
"e5a0b013-e5d0-4e24-a0ad-d86668b0eb09","BLAN_061.phenology.phe","D02","BLAN","BLAN_061","2017-09-21","2016-09-21","NEON.PLA.D02.BLAN.06509","Patch","Full sun","Live",,,,,0.063,70.0,1.0,,"NEON.DOC.014040vH","alandes@field-ops.org","jporta@BattelleEcology.org",,
"028a125b-f538-43ae-98c7-454a8c7646ab","BLAN_061.phenology.phe","D02","BLAN","BLAN_061","2017-09-21","2016-09-21","NEON.PLA.D02.BLAN.06699","Patch","Full sun","Live",,,,,0.063,60.0,1.2,,"NEON.DOC.014040vH","alandes@field-ops.org","jporta@BattelleEcology.org",,
"57e264c6-f944-4e25-93e6-c75864340653","BLAN_061.phenology.phe","D02","BLAN","BLAN_061","2017-09-21","2016-09-21","NEON.PLA.D02.BLAN.06698","Patch","Full sun","Live",,,,,0.063,70.0,1.5,,"NEON.DOC.014040vH","alandes@field-ops.org","jporta@BattelleEcology.org",,
"2ecb44ce-1956-41fa-89b9-9d25b858f1a5","BLAN_061.phenology.phe","D02","BLAN","BLAN_061","2017-09-21","2016-09-21","NEON.PLA.D02.BLAN.06697","Patch","Open grown","Live",,,,,0.063,70.0,1.2,,"NEON.DOC.014040vH","alandes@field-ops.org","jporta@BattelleEcology.org",,
"fab98d25-bf03-45e4-bffb-0550049ff959","BLAN_061.phenology.phe","D02","BLAN","BLAN_061","2017-09-21","2016-09-21","NEON.PLA.D02.BLAN.06694","Patch","Full sun","Live",,,,,0.063,0.4,1.2,,"NEON.DOC.014040vH","alandes@field-ops.org","jporta@BattelleEcology.org",,
"58ed2a95-8768-4310-80fb-18de4278fe2d","BLAN_061.phenology.phe","D02","BLAN","BLAN_061","2017-09-21","2016-09-21","NEON.PLA.D02.BLAN.06695","Patch","Partially shaded","Live",,,,,0.063,60.0,0.7,,"NEON.DOC.014040vH","alandes@field-ops.org","jporta@BattelleEcology.org",,
"8d92c82a-692a-4011-b760-8c9c11b8ebb2","BLAN_061.phenology.phe","D02","BLAN","BLAN_061","2017-09-21","2016-09-21","NEON.PLA.D02.BLAN.06684","Patch","Open grown","Live",,,,,0.063,50.0,1.1,,"NEON.DOC.014040vH","alandes@field-ops.org","jporta@BattelleEcology.org",,
"374c7e48-3df0-4c4b-97b1-b95babe6c3c6","BLAN_061.phenology.phe","D02","BLAN","BLAN_061","2017-09-21","2016-09-21","NEON.PLA.D02.BLAN.06688","Patch","Open grown","Live",,,,,0.063,80.0,0.9,,"NEON.DOC.014040vH","alandes@field-ops.org","jporta@BattelleEcology.org",,
"823d7a6f-5583-4614-b270-5aea5ea2c52b","BLAN_061.phenology.phe","D02","BLAN","BLAN_061","2017-09-21","2016-09-21","NEON.PLA.D02.BLAN.06686","Patch","Full sun","Live",,,,,0.063,80.0,1.2,,"NEON.DOC.014040vH","alandes@field-ops.org","jporta@BattelleEcology.org",,
"e3852cf5-1b2c-449d-892a-8e067374377e","BLAN_061.phenology.phe","D02","BLAN","BLAN_061","2017-09-21","2016-09-21","NEON.PLA.D02.BLAN.06691","Patch","Full sun","Live",,,,,0.063,0.8,1.0,,"NEON.DOC.014040vH","alandes@field-ops.org","jporta@BattelleEcology.org",,
"279ea8c9-915e-4567-bb8f-3bd0cf3235c6","BLAN_061.phenology.phe","D02","BLAN","BLAN_061","2017-09-21","2016-09-21","NEON.PLA.D02.BLAN.06687","Patch","Open grown","Live, insect damaged",,,,,0.063,80.0,0.9,,"NEON.DOC.014040vH","alandes@field-ops.org","jporta@BattelleEcology.org","Galls present",
"a6af32ef-8db3-41da-a26e-cd872c47db13","BLAN_061.phenology.phe","D02","BLAN","BLAN_061","2017-09-21","2016-09-21","NEON.PLA.D02.BLAN.06690","Patch","Partially shaded","Live",,,,,0.063,30.0,1.5,,"NEON.DOC.014040vH","alandes@field-ops.org","jporta@BattelleEcology.org",,
"deda5436-4a76-4c9c-8f3b-4145b265fc20","BLAN_061.phenology.phe","D02","BLAN","BLAN_061","2017-09-21","2016-09-21","NEON.PLA.D02.BLAN.06689","Patch","Full sun","Live",,,,,0.063,60.0,1.5,,"NEON.DOC.014040vH","alandes@field-ops.org","jporta@BattelleEcology.org",,
"662e8a44-98eb-46af-86d5-92ed63ba7ff6","BLAN_061.phenology.phe","D02","BLAN","BLAN_061","2017-09-21","2016-09-21","NEON.PLA.D02.BLAN.06514","Patch","Full sun","Live",,,,,0.063,70.0,1.3,,"NEON.DOC.014040vH","alandes@field-ops.org","jporta@BattelleEcology.org",,
"cbc142d9-04d1-47f4-8531-5f40006e228c","BLAN_061.phenology.phe","D02","BLAN","BLAN_061","2017-09-21","2016-09-21","NEON.PLA.D02.BLAN.06685","Patch","Open grown","Live",,,,,0.063,70.0,1.1,,"NEON.DOC.014040vH","alandes@field-ops.org","jporta@BattelleEcology.org",,
"dd4380b3-b5a4-4a9b-a26f-6ef568f5d7be","BLAN_061.phenology.phe","D02","BLAN","BLAN_061","2017-09-21","2016-09-21","NEON.PLA.D02.BLAN.06693","Patch","Full sun","Live",,,,,0.063,50.0,1.2,,"NEON.DOC.014040vH","alandes@field-ops.org","jporta@BattelleEcology.org","Gall on stem",
"73c7c705-9e2c-450f-8105-26aee0e37572","BLAN_061.phenology.phe","D02","BLAN","BLAN_061","2017-09-21","2016-09-21","NEON.PLA.D02.BLAN.06696","Patch","Full sun","Live",,,,,0.063,60.0,1.1,,"NEON.DOC.014040vH","alandes@field-ops.org","jporta@BattelleEcology.org",,
"4eda80d6-3e4b-45a2-8cec-f0cff65b6335","BLAN_061.phenology.phe","D02","BLAN","BLAN_061","2017-09-21","2016-09-21","NEON.PLA.D02.BLAN.06512","Patch","Partially shaded","Live",,,,,0.063,50.0,0.6,,"NEON.DOC.014040vH","alandes@field-ops.org","jporta@BattelleEcology.org",,
"05e29a19-f8ba-4622-9ce9-3ed108d33f00","BLAN_061.phenology.phe","D02","BLAN","BLAN_061","2017-09-21","2016-09-21","NEON.PLA.D02.BLAN.06503","Patch","Mostly shaded","Live",,,,,0.063,20.0,0.6,,"NEON.DOC.014040vH","alandes@field-ops.org","jporta@BattelleEcology.org",,
"eb7616ac-ffe4-4158-bcdb-6f1e1054fbd8","BLAN_061.phenology.phe","D02","BLAN","BLAN_061","2017-09-21","2016-09-21","NEON.PLA.D02.BLAN.06511","Patch","Full sun","Live",,,,,0.063,40.0,0.9,,"NEON.DOC.014040vH","alandes@field-ops.org","jporta@BattelleEcology.org",,
"dfc29c42-02c0-4737-967c-c2677b45a3fc","BLAN_061.phenology.phe","D02","BLAN","BLAN_061","2017-09-21","2016-09-21","NEON.PLA.D02.BLAN.06508","Patch","Full shade","Live",,,,,0.063,20.0,0.6,,"NEON.DOC.014040vH","alandes@field-ops.org","jporta@BattelleEcology.org",,
"a0f98c7b-1d7a-4c41-9d84-76a11252b911","BLAN_061.phenology.phe","D02","BLAN","BLAN_061","2017-09-21","2016-09-21","NEON.PLA.D02.BLAN.06501","Patch","Partially shaded","Live",,,,,0.063,10.0,1.1,,"NEON.DOC.014040vH","alandes@field-ops.org","jporta@BattelleEcology.org",,
"d3760d42-bc84-45a9-978f-19ff031f53ba","BLAN_061.phenology.phe","D02","BLAN","BLAN_061","2017-09-21","2017-04-17","NEON.PLA.D02.BLAN.06283","Patch","Open grown","Live",,,,,0.063,80.0,1.2,,"NEON.DOC.014040vH","alandes@field-ops.org","jporta@BattelleEcology.org",,
"4d8fd26a-4c58-406f-983c-485a3b638a67","BLAN_061.phenology.phe","D02","BLAN","BLAN_061","2017-09-21","2016-09-21","NEON.PLA.D02.BLAN.06505","Patch","Mostly shaded","Live",,,,,0.063,10.0,0.4,,"NEON.DOC.014040vH","alandes@field-ops.org","jporta@BattelleEcology.org",,
"7e955a6c-a12b-4533-863a-ed29664961ba","BLAN_061.phenology.phe","D02","BLAN","BLAN_061","2017-09-21","2016-09-21","NEON.PLA.D02.BLAN.06506","Patch","Mostly shaded","Live",,,,,0.063,10.0,0.8,,"NEON.DOC.014040vH","alandes@field-ops.org","jporta@BattelleEcology.org",,
"42eb8fc4-e047-4c35-a381-2b5e6a42844c","BLAN_061.phenology.phe","D02","BLAN","BLAN_061","2017-09-21","2016-09-21","NEON.PLA.D02.BLAN.06510","Patch","Full sun","Live",,,,,0.063,60.0,1.1,,"NEON.DOC.014040vH","alandes@field-ops.org","jporta@BattelleEcology.org",,
"0b800fd5-ea38-417b-9041-e16fe1585e1d","BLAN_061.phenology.phe","D02","BLAN","BLAN_061","2017-09-21","2016-09-21","NEON.PLA.D02.BLAN.06513","Patch","Full sun","Live",,,,,0.063,50.0,1.1,,"NEON.DOC.014040vH","alandes@field-ops.org","jporta@BattelleEcology.org",,
"9c1bf45a-8fed-4e94-9817-cc794276a4d7","BLAN_061.phenology.phe","D02","BLAN","BLAN_061","2017-09-21","2016-09-21","NEON.PLA.D02.BLAN.06502","Patch","Open grown","Live",,,,,0.063,60.0,1.2,,"NEON.DOC.014040vH","alandes@field-ops.org","jporta@BattelleEcology.org",,
"f876c60e-b0b7-4316-9e90-b9736a911646","BLAN_061.phenology.phe","D02","BLAN","BLAN_061","2017-09-21","2016-09-21","NEON.PLA.D02.BLAN.06692","Patch","Partially shaded","Live",,,,,0.063,30.0,0.5,,"NEON.DOC.014040vH","alandes@field-ops.org","jporta@BattelleEcology.org",,
