uid,namedLocation,domainID,siteID,plotID,date,editedDate,individualID,patchOrIndividual,canopyPosition,plantStatus,stemDiameter,measurementHeight,maxCanopyDiameter,ninetyCanopyDiameter,patchSize,percentCover,height,diseaseType,samplingProtocolVersion,measuredBy,recordedBy,remarks,dataQF
"3c37d282-6ad0-4e85-9793-525c378ba330","SCBI_060.phenology.phe","D02","SCBI","SCBI_060","2018-09-13","2018-02-12","NEON.PLA.D02.SCBI.06274","Patch","Full shade","Live",,,,,0.063,38.0,0.2,,"NEON.DOC.014040vH","jporta@BattelleEcology.org","jporta@BattelleEcology.org",,
"2ecb455e-4e08-4872-beaa-420b26362969","SCBI_060.phenology.phe","D02","SCBI","SCBI_060","2018-09-13","2018-02-12","NEON.PLA.D02.SCBI.06144","Patch","Full sun","Live",,,,,0.063,97.0,0.6,,"NEON.DOC.014040vH","jporta@BattelleEcology.org","jporta@BattelleEcology.org",,
"45e3f10b-dc88-4bc6-a821-6e16b236d52a","SCBI_060.phenology.phe","D02","SCBI","SCBI_060","2018-09-13","2018-02-12","NEON.PLA.D02.SCBI.06136","Patch","Mostly shaded","Live",,,,,0.063,92.0,0.2,,"NEON.DOC.014040vH","jporta@BattelleEcology.org","jporta@BattelleEcology.org",,
"014b0f84-31a8-41ba-86b9-4e82b40941bd","SCBI_060.phenology.phe","D02","SCBI","SCBI_060","2018-09-13","2018-02-12","NEON.PLA.D02.SCBI.06275","Patch","Mostly shaded","Live",,,,,0.063,42.0,0.4,,"NEON.DOC.014040vH","jporta@BattelleEcology.org","jporta@BattelleEcology.org",,
"b915daa2-cbc2-418a-a326-7c0ae64971d8","SCBI_060.phenology.phe","D02","SCBI","SCBI_060","2018-09-13","2018-02-12","NEON.PLA.D02.SCBI.06267","Patch","Full shade","Live",,,,,0.063,42.0,0.3,,"NEON.DOC.014040vH","jporta@BattelleEcology.org","jporta@BattelleEcology.org",,
"6c799bc0-7d6b-4d29-a87e-6f43ebaaf46b","SCBI_060.phenology.phe","D02","SCBI","SCBI_060","2018-09-13","2018-02-12","NEON.PLA.D02.SCBI.06273","Patch","Mostly shaded","Live",,,,,0.063,95.0,0.4,,"NEON.DOC.014040vH","jporta@BattelleEcology.org","jporta@BattelleEcology.org",,
"d1d3f9cb-ec4b-4d6d-b4fc-fddd547f649d","SCBI_060.phenology.phe","D02","SCBI","SCBI_060","2018-09-13","2018-02-12","NEON.PLA.D02.SCBI.06137","Patch","Full shade","Live",,,,,0.063,77.0,0.2,,"NEON.DOC.014040vH","jporta@BattelleEcology.org","jporta@BattelleEcology.org",,
"ae4d567b-89a6-4a56-8d1d-a2f478375257","SCBI_060.phenology.phe","D02","SCBI","SCBI_060","2018-09-13","2018-02-12","NEON.PLA.D02.SCBI.06282","Patch","Open grown","Live",,,,,0.063,97.0,0.9,,"NEON.DOC.014040vH","jporta@BattelleEcology.org","jporta@BattelleEcology.org",,
"283b1a64-10d7-479b-840c-dd48c5ff1fc5","SCBI_060.phenology.phe","D02","SCBI","SCBI_060","2018-09-13","2018-02-12","NEON.PLA.D02.SCBI.06262","Patch","Full shade","Live",,,,,0.063,39.0,0.2,,"NEON.DOC.014040vH","jporta@BattelleEcology.org","jporta@BattelleEcology.org",,
"110111d0-16e6-470b-8224-e3fce2088237","SCBI_060.phenology.phe","D02","SCBI","SCBI_060","2018-09-13","2018-02-12","NEON.PLA.D02.SCBI.06040","Patch","Mostly shaded","Live",,,,,0.063,88.0,0.4,,"NEON.DOC.014040vH","jporta@BattelleEcology.org","jporta@BattelleEcology.org",,
"0520ea8d-714c-43e7-979b-59764055aa73","SCBI_060.phenology.phe","D02","SCBI","SCBI_060","2018-09-13","2018-02-12","NEON.PLA.D02.SCBI.06082","Patch","Partially shaded","Live",,,,,0.063,99.0,0.7,,"NEON.DOC.014040vH","jporta@BattelleEcology.org","jporta@BattelleEcology.org",,
"b9ad417e-7d7b-4758-8131-a2b1d6f638e9","SCBI_060.phenology.phe","D02","SCBI","SCBI_060","2018-09-13","2018-02-12","NEON.PLA.D02.SCBI.06096","Patch","Mostly shaded","Live",,,,,0.063,82.0,0.2,,"NEON.DOC.014040vH","jporta@BattelleEcology.org","jporta@BattelleEcology.org",,
"0cb824b3-70b1-47a5-a625-ed9fac7427d1","SCBI_060.phenology.phe","D02","SCBI","SCBI_060","2018-09-13","2018-02-12","NEON.PLA.D02.SCBI.06268","Patch","Full shade","Live",,,,,0.063,19.0,0.1,,"NEON.DOC.014040vH","jporta@BattelleEcology.org","jporta@BattelleEcology.org",,
"96f5adf1-3cc8-4b72-8e9a-6e4563473cdc","SCBI_060.phenology.phe","D02","SCBI","SCBI_060","2018-09-13","2018-02-12","NEON.PLA.D02.SCBI.06269","Patch","Partially shaded","Live, physically damaged",,,,,0.063,86.0,0.5,,"NEON.DOC.014040vH","jporta@BattelleEcology.org","jporta@BattelleEcology.org","Partially trampled by animal",
"246c75e0-9cec-44e6-9072-276cff18da91","SCBI_060.phenology.phe","D02","SCBI","SCBI_060","2018-09-13","2018-02-12","NEON.PLA.D02.SCBI.06088","Patch","Partially shaded","Live",,,,,0.063,87.0,0.5,,"NEON.DOC.014040vH","jporta@BattelleEcology.org","jporta@BattelleEcology.org",,
"aeb2a956-e3bf-4c99-8328-2e4e239e3e81","SCBI_060.phenology.phe","D02","SCBI","SCBI_060","2018-09-13","2018-02-12","NEON.PLA.D02.SCBI.06264","Patch","Full sun","Live",,,,,0.063,89.0,0.5,,"NEON.DOC.014040vH","jporta@BattelleEcology.org","jporta@BattelleEcology.org",,
"50fa47f3-fff6-466c-b962-b4ca0749e98a","SCBI_060.phenology.phe","D02","SCBI","SCBI_060","2018-09-13","2018-02-12","NEON.PLA.D02.SCBI.06285","Patch","Mostly shaded","Live",,,,,0.063,46.0,0.2,,"NEON.DOC.014040vH","jporta@BattelleEcology.org","jporta@BattelleEcology.org",,
"e17a1126-4e4e-4388-9ecf-d0b63be2cc12","SCBI_060.phenology.phe","D02","SCBI","SCBI_060","2018-09-13","2018-02-12","NEON.PLA.D02.SCBI.06266","Patch","Full shade","Live",,,,,0.063,58.0,0.2,,"NEON.DOC.014040vH","jporta@BattelleEcology.org","jporta@BattelleEcology.org",,
"cc64c175-2a03-4a75-93a7-fa1fc334e8c3","SCBI_060.phenology.phe","D02","SCBI","SCBI_060","2018-09-13","2018-02-12","NEON.PLA.D02.SCBI.06265","Patch","Full shade","Live",,,,,0.063,21.0,0.2,,"NEON.DOC.014040vH","jporta@BattelleEcology.org","jporta@BattelleEcology.org",,
"9e817f3c-1cde-44da-8b18-5de5051cf287","SCBI_060.phenology.phe","D02","SCBI","SCBI_060","2018-09-13","2018-02-12","NEON.PLA.D02.SCBI.06099","Patch","Partially shaded","Live",,,,,0.063,95.0,0.4,,"NEON.DOC.014040vH","jporta@BattelleEcology.org","jporta@BattelleEcology.org",,
"292fa433-d5bd-4791-948d-1560cf409105","SCBI_060.phenology.phe","D02","SCBI","SCBI_060","2018-09-13","2018-02-12","NEON.PLA.D02.SCBI.06091","Patch","Mostly shaded","Live",,,,,0.063,98.0,0.3,,"NEON.DOC.014040vH","jporta@BattelleEcology.org","jporta@BattelleEcology.org",,
"12cd062b-6044-47f8-bd84-b994ad195725","SCBI_060.phenology.phe","D02","SCBI","SCBI_060","2018-09-13","2018-02-12","NEON.PLA.D02.SCBI.06272","Patch","Partially shaded","Live",,,,,0.063,99.0,0.5,,"NEON.DOC.014040vH","jporta@BattelleEcology.org","jporta@BattelleEcology.org",,
"de9a07d6-c676-4ee3-a8ca-2cfe6973a199","SCBI_060.phenology.phe","D02","SCBI","SCBI_060","2018-09-13","2018-02-12","NEON.PLA.D02.SCBI.06284","Patch","Mostly shaded","Live",,,,,0.063,85.0,0.3,,"NEON.DOC.014040vH","jporta@BattelleEcology.org","jporta@BattelleEcology.org",,
"5c45d96b-4c17-4afe-acbe-e420f82ea775","SCBI_060.phenology.phe","D02","SCBI","SCBI_060","2018-09-13","2018-02-12","NEON.PLA.D02.SCBI.06083","Patch","Mostly shaded","Live",,,,,0.063,89.0,0.2,,"NEON.DOC.014040vH","jporta@BattelleEcology.org","jporta@BattelleEcology.org",,
"858674e9-aea3-46a7-be8b-e997ef272c3b","SCBI_060.phenology.phe","D02","SCBI","SCBI_060","2018-09-13","2018-02-12","NEON.PLA.D02.SCBI.06049","Patch","Partially shaded","Live",,,,,0.063,93.0,0.4,,"NEON.DOC.014040vH","jporta@BattelleEcology.org","jporta@BattelleEcology.org",,
"596756ac-604b-4b48-92c8-c26e6f2c6e79","SCBI_060.phenology.phe","D02","SCBI","SCBI_060","2018-09-13","2018-02-12","NEON.PLA.D02.SCBI.06271","Patch","Partially shaded","Live",,,,,0.063,88.0,0.5,,"NEON.DOC.014040vH","jporta@BattelleEcology.org","jporta@BattelleEcology.org",,
"ba478eba-300c-4104-b239-d4f9cfb9855f","SCBI_060.phenology.phe","D02","SCBI","SCBI_060","2018-09-13","2018-02-12","NEON.PLA.D02.SCBI.06263","Patch","Partially shaded","Live",,,,,0.063,97.0,0.5,,"NEON.DOC.014040vH","jporta@BattelleEcology.org","jporta@BattelleEcology.org",,
"1e882e1d-da19-494d-a970-18e5c05db9ef","SCBI_060.phenology.phe","D02","SCBI","SCBI_060","2018-09-13","2018-02-12","NEON.PLA.D02.SCBI.06044","Patch","Mostly shaded","Live",,,,,0.063,94.0,0.5,,"NEON.DOC.014040vH","jporta@BattelleEcology.org","jporta@BattelleEcology.org",,
"0f505ace-d67e-4254-ab0e-7eafe5f7b21f","SCBI_060.phenology.phe","D02","SCBI","SCBI_060","2018-09-13","2018-02-12","NEON.PLA.D02.SCBI.06134","Patch","Partially shaded","Live",,,,,0.063,94.0,0.4,,"NEON.DOC.014040vH","jporta@BattelleEcology.org","jporta@BattelleEcology.org",,
"5695fd9a-b541-478d-9105-3ed5705649f6","SCBI_060.phenology.phe","D02","SCBI","SCBI_060","2018-09-13","2018-02-12","NEON.PLA.D02.SCBI.06270","Patch","Full sun","Live",,,,,0.063,96.0,0.6,,"NEON.DOC.014040vH","jporta@BattelleEcology.org","jporta@BattelleEcology.org",,
