uid,namedLocation,domainID,siteID,plotID,date,editedDate,individualID,patchOrIndividual,canopyPosition,plantStatus,stemDiameter,measurementHeight,maxCanopyDiameter,ninetyCanopyDiameter,patchSize,percentCover,height,diseaseType,samplingProtocolVersion,measuredBy,recordedBy,remarks,dataQF
"9e14d071-e385-4918-a950-905462a0d5a6","SCBI_060.phenology.phe","D02","SCBI","SCBI_060","2017-09-12","2014-06-06","NEON.PLA.D02.SCBI.06091","Patch","Full shade","Live",,,,,0.063,80.0,0.4,,"NEON.DOC.014040vH","llemmon@field-ops.org","jporta@BattelleEcology.org",,
"25bdb453-8b3d-41ac-b18d-760f1bb5710a","SCBI_060.phenology.phe","D02","SCBI","SCBI_060","2017-09-12","2017-09-28","NEON.PLA.D02.SCBI.06040","Patch","Mostly shaded","Live",,,,,0.063,77.0,0.3,,"NEON.DOC.014040vH","llemmon@field-ops.org","jporta@BattelleEcology.org",,
"41d489da-8045-4013-be61-190262af5b36","SCBI_060.phenology.phe","D02","SCBI","SCBI_060","2017-09-12","2014-06-06","NEON.PLA.D02.SCBI.06082","Patch","Full shade","Live",,,,,0.063,82.0,0.5,,"NEON.DOC.014040vH","llemmon@field-ops.org","jporta@BattelleEcology.org",,
"b46ea81d-afe7-49b2-b0b1-085cf574ff95","SCBI_060.phenology.phe","D02","SCBI","SCBI_060","2017-09-12","2017-05-19","NEON.PLA.D02.SCBI.06285","Patch","Full shade","Live",,,,,0.063,73.0,0.2,,"NEON.DOC.014040vH","llemmon@field-ops.org","jporta@BattelleEcology.org",,
"d2b9c28b-65a3-42ef-ae57-1c6309ef760d","SCBI_060.phenology.phe","D02","SCBI","SCBI_060","2017-09-12","2017-05-19","NEON.PLA.D02.SCBI.06265","Patch","Full shade","Live",,,,,0.063,63.0,0.3,,"NEON.DOC.014040vH","llemmon@field-ops.org","jporta@BattelleEcology.org",,
"9a4835c8-6f17-4824-80c0-91882246fde1","SCBI_060.phenology.phe","D02","SCBI","SCBI_060","2017-09-12","2015-04-24","NEON.PLA.D02.SCBI.06137","Patch","Full shade","Live",,,,,0.063,70.0,0.3,,"NEON.DOC.014040vH","llemmon@field-ops.org","jporta@BattelleEcology.org",,
"61560e54-2224-4a15-90bf-6986d2fa7aac","SCBI_060.phenology.phe","D02","SCBI","SCBI_060","2017-09-12","2017-05-19","NEON.PLA.D02.SCBI.06273","Patch","Full shade","Live",,,,,0.063,63.0,0.3,,"NEON.DOC.014040vH","llemmon@field-ops.org","jporta@BattelleEcology.org",,
"3a4a9548-31c6-41e3-8c45-dce59206f480","SCBI_060.phenology.phe","D02","SCBI","SCBI_060","2017-09-12","2017-05-19","NEON.PLA.D02.SCBI.06263","Patch","Mostly shaded","Live",,,,,0.063,96.0,0.5,,"NEON.DOC.014040vH","llemmon@field-ops.org","jporta@BattelleEcology.org",,
"1623eaaf-e51c-4853-8fed-64fb653d3f0c","SCBI_060.phenology.phe","D02","SCBI","SCBI_060","2017-09-12","2017-05-19","NEON.PLA.D02.SCBI.06268","Patch","Full shade","Live",,,,,0.063,52.0,0.2,,"NEON.DOC.014040vH","llemmon@field-ops.org","jporta@BattelleEcology.org",,
"34167317-039f-4bbd-a240-832be618a51b","SCBI_060.phenology.phe","D02","SCBI","SCBI_060","2017-09-12","2017-09-29","NEON.PLA.D02.SCBI.06284","Patch","Mostly shaded","Live",,,,,0.063,72.0,0.3,,"NEON.DOC.014040vH","llemmon@field-ops.org","jporta@BattelleEcology.org",,
"c0529e05-5167-4ac6-9382-5ea05d0df2e3","SCBI_060.phenology.phe","D02","SCBI","SCBI_060","2017-09-12","2015-04-24","NEON.PLA.D02.SCBI.06144","Patch","Mostly shaded","Live",,,,,0.063,72.0,0.6,,"NEON.DOC.014040vH","llemmon@field-ops.org","jporta@BattelleEcology.org",,
"444ac693-5f9d-410f-a138-62de1fd3f1eb","SCBI_060.phenology.phe","D02","SCBI","SCBI_060","2017-09-12","2014-06-06","NEON.PLA.D02.SCBI.06044","Patch","Mostly shaded","Live",,,,,0.063,72.0,0.6,,"NEON.DOC.014040vH","llemmon@field-ops.org","jporta@BattelleEcology.org",,
"2ed33edd-8f0c-4c3e-853d-50878249826f","SCBI_060.phenology.phe","D02","SCBI","SCBI_060","2017-09-12","2017-05-19","NEON.PLA.D02.SCBI.06264","Patch","Mostly shaded","Live",,,,,0.063,63.0,0.5,,"NEON.DOC.014040vH","llemmon@field-ops.org","jporta@BattelleEcology.org",,
"5b133a07-f6d0-434e-bb88-7007414ab147","SCBI_060.phenology.phe","D02","SCBI","SCBI_060","2017-09-12","2015-04-13","NEON.PLA.D02.SCBI.06134","Patch","Mostly shaded","Live",,,,,0.063,53.0,0.4,,"NEON.DOC.014040vH","llemmon@field-ops.org","jporta@BattelleEcology.org",,
"ce693f66-902a-4f00-9573-3873ddc3a482","SCBI_060.phenology.phe","D02","SCBI","SCBI_060","2017-09-12","2017-05-19","NEON.PLA.D02.SCBI.06269","Patch","Full shade","Live",,,,,0.063,76.0,0.2,,"NEON.DOC.014040vH","llemmon@field-ops.org","jporta@BattelleEcology.org",,
"e1290d31-e52b-4e4d-8715-3f4271780450","SCBI_060.phenology.phe","D02","SCBI","SCBI_060","2017-09-12","2014-06-06","NEON.PLA.D02.SCBI.06083","Patch","Full shade","Live",,,,,0.063,78.0,0.1,,"NEON.DOC.014040vH","llemmon@field-ops.org","jporta@BattelleEcology.org",,
"41400699-8d24-42c0-85c5-ac49045f6cc4","SCBI_060.phenology.phe","D02","SCBI","SCBI_060","2017-09-12","2017-05-19","NEON.PLA.D02.SCBI.06262","Patch","Full shade","Live",,,,,0.063,82.0,0.1,,"NEON.DOC.014040vH","llemmon@field-ops.org","jporta@BattelleEcology.org",,
"5abdd86c-60a3-4f15-8a70-97be0122fd6f","SCBI_060.phenology.phe","D02","SCBI","SCBI_060","2017-09-12","2014-06-06","NEON.PLA.D02.SCBI.06096","Patch","Mostly shaded","Live",,,,,0.063,68.0,0.4,,"NEON.DOC.014040vH","llemmon@field-ops.org","jporta@BattelleEcology.org",,
"5cfb82a5-254a-47a3-9454-34ec117eeac0","SCBI_060.phenology.phe","D02","SCBI","SCBI_060","2017-09-12","2017-05-19","NEON.PLA.D02.SCBI.06266","Patch","Full shade","Live",,,,,0.063,84.0,0.4,,"NEON.DOC.014040vH","llemmon@field-ops.org","jporta@BattelleEcology.org",,
"bbe195cd-7051-4023-90a9-e5833460db16","SCBI_060.phenology.phe","D02","SCBI","SCBI_060","2017-09-12","2017-05-19","NEON.PLA.D02.SCBI.06267","Patch","Full shade","Live",,,,,0.063,77.0,0.3,,"NEON.DOC.014040vH","llemmon@field-ops.org","jporta@BattelleEcology.org",,
"f11fc932-ab6b-4bfb-9513-6dd6ccf5974b","SCBI_060.phenology.phe","D02","SCBI","SCBI_060","2017-09-12","2017-09-28","NEON.PLA.D02.SCBI.06275","Patch","Full shade","Live",,,,,0.063,51.0,0.2,,"NEON.DOC.014040vH","llemmon@field-ops.org","jporta@BattelleEcology.org",,
"1ca62a08-a57a-41af-a321-5d0d5d69659b","SCBI_060.phenology.phe","D02","SCBI","SCBI_060","2017-09-12","2017-05-19","NEON.PLA.D02.SCBI.06272","Patch","Full shade","Live",,,,,0.063,62.0,0.3,,"NEON.DOC.014040vH","llemmon@field-ops.org","jporta@BattelleEcology.org",,
"b88b2fd1-dadb-4e98-ab7b-23c065bbe7fb","SCBI_060.phenology.phe","D02","SCBI","SCBI_060","2017-09-12","2017-05-19","NEON.PLA.D02.SCBI.06270","Patch","Mostly shaded","Live",,,,,0.063,62.0,0.3,,"NEON.DOC.014040vH","llemmon@field-ops.org","jporta@BattelleEcology.org",,
"b7f08966-c838-40ef-b004-d3bdb9985440","SCBI_060.phenology.phe","D02","SCBI","SCBI_060","2017-09-12","2017-09-28","NEON.PLA.D02.SCBI.06282","Patch","Mostly shaded","Live",,,,,0.063,53.0,0.2,,"NEON.DOC.014040vH","llemmon@field-ops.org","jporta@BattelleEcology.org",,
"ae5f43ab-be43-4431-a7e4-9fb9366a3cab","SCBI_060.phenology.phe","D02","SCBI","SCBI_060","2017-09-12","2014-06-06","NEON.PLA.D02.SCBI.06088","Patch","Mostly shaded","Live",,,,,0.063,83.0,0.3,,"NEON.DOC.014040vH","llemmon@field-ops.org","jporta@BattelleEcology.org",,
"cb78e283-289e-4919-b8a2-9751702da05a","SCBI_060.phenology.phe","D02","SCBI","SCBI_060","2017-09-12","2014-06-06","NEON.PLA.D02.SCBI.06049","Patch","Mostly shaded","Live",,,,,0.063,70.0,0.3,,"NEON.DOC.014040vH","llemmon@field-ops.org","jporta@BattelleEcology.org",,
"149f49e4-b7d3-4e44-9679-f1d9be040b47","SCBI_060.phenology.phe","D02","SCBI","SCBI_060","2017-09-12","2017-05-19","NEON.PLA.D02.SCBI.06274","Patch","Full shade","Live",,,,,0.063,54.0,0.3,,"NEON.DOC.014040vH","llemmon@field-ops.org","jporta@BattelleEcology.org",,
"f46fca73-63e3-4e7e-a166-a9749e94b094","SCBI_060.phenology.phe","D02","SCBI","SCBI_060","2017-09-12","2014-06-06","NEON.PLA.D02.SCBI.06099","Patch","Mostly shaded","Live",,,,,0.063,90.0,0.5,,"NEON.DOC.014040vH","llemmon@field-ops.org","jporta@BattelleEcology.org",,
"caf8c84f-48e4-4be3-80c6-ed75e422477d","SCBI_060.phenology.phe","D02","SCBI","SCBI_060","2017-09-12","2015-04-24","NEON.PLA.D02.SCBI.06136","Patch","Full shade","Live",,,,,0.063,97.0,0.5,,"NEON.DOC.014040vH","llemmon@field-ops.org","jporta@BattelleEcology.org",,
"d2dc4faa-bd4c-4963-8d6e-17b2a16828ce","SCBI_060.phenology.phe","D02","SCBI","SCBI_060","2017-09-12","2017-05-19","NEON.PLA.D02.SCBI.06271","Patch","Full shade","Live",,,,,0.063,54.0,0.3,,"NEON.DOC.014040vH","llemmon@field-ops.org","jporta@BattelleEcology.org",,
