uid,namedLocation,domainID,siteID,plotID,date,editedDate,individualID,patchOrIndividual,canopyPosition,plantStatus,stemDiameter,measurementHeight,maxCanopyDiameter,ninetyCanopyDiameter,patchSize,percentCover,height,diseaseType,samplingProtocolVersion,measuredBy,recordedBy,remarks,dataQF
"d6b61cc4-aaf3-4ccc-948a-88396fc047af","SERC_063.phenology.phe","D02","SERC","SERC_063","2017-11-21","2015-06-19","NEON.PLA.D02.SERC.06157","Individual","Full shade","Live",8.3,130.0,7.7,5.5,,,10.0,,"NEON.DOC.014040vH","jporta@BattelleEcology.org","llemmon@field-ops.org",,
"0f216309-0d32-499a-8025-4b731127802a","SERC_063.phenology.phe","D02","SERC","SERC_063","2017-11-21","2016-03-31","NEON.PLA.D02.SERC.06526","Individual","Mostly shaded","Live",23.1,130.0,7.7,6.0,,,16.1,,"NEON.DOC.014040vH","jporta@BattelleEcology.org","llemmon@field-ops.org",,
"c0494a5b-e764-4a30-8a3c-430a4d9217c1","SERC_063.phenology.phe","D02","SERC","SERC_063","2017-11-21","2016-03-31","NEON.PLA.D02.SERC.06545","Individual","Full shade","Live",1.7,130.0,2.4,2.3,,,2.1,,"NEON.DOC.014040vH","jporta@BattelleEcology.org","llemmon@field-ops.org",,
"887353ad-a38e-4d35-ad74-e0d52f1a63fd","SERC_063.phenology.phe","D02","SERC","SERC_063","2017-11-21","2016-03-31","NEON.PLA.D02.SERC.06562","Individual","Mostly shaded","Live",27.0,130.0,11.2,11.1,,,17.5,,"NEON.DOC.014040vH","jporta@BattelleEcology.org","llemmon@field-ops.org",,
"1bf5cb0b-1cd3-4ea2-950a-03e9f026fdc7","SERC_063.phenology.phe","D02","SERC","SERC_063","2017-11-21","2016-03-31","NEON.PLA.D02.SERC.06546","Individual","Full shade","Live",1.7,130.0,2.6,1.6,,,2.6,,"NEON.DOC.014040vH","jporta@BattelleEcology.org","llemmon@field-ops.org",,
"fed6beb2-0b8e-4cae-93d4-f387248d74c4","SERC_063.phenology.phe","D02","SERC","SERC_063","2017-11-21","2016-03-31","NEON.PLA.D02.SERC.06529","Individual","Partially shaded","Live",2.2,130.0,3.2,2.1,,,3.0,,"NEON.DOC.014040vH","jporta@BattelleEcology.org","llemmon@field-ops.org",,
"a1a4bc91-851f-40ca-8215-00145f9834f7","SERC_063.phenology.phe","D02","SERC","SERC_063","2017-11-21","2016-03-31","NEON.PLA.D02.SERC.06536","Individual","Partially shaded","Live",33.9,130.0,4.9,4.7,,,29.0,,"NEON.DOC.014040vH","jporta@BattelleEcology.org","llemmon@field-ops.org",,
"f6a77345-f78e-4c8e-9cd4-e1b44e91f3f2","SERC_063.phenology.phe","D02","SERC","SERC_063","2017-11-21","2016-03-31","NEON.PLA.D02.SERC.06522","Individual","Full sun","Live",49.9,130.0,12.8,9.4,,,31.8,,"NEON.DOC.014040vH","jporta@BattelleEcology.org","llemmon@field-ops.org",,
"468f29fc-bc8e-4f8f-9b0f-0b6962aeeb63","SERC_063.phenology.phe","D02","SERC","SERC_063","2017-11-21","2016-03-31","NEON.PLA.D02.SERC.06558","Individual","Full shade","Live",1.8,130.0,3.0,2.6,,,2.4,,"NEON.DOC.014040vH","jporta@BattelleEcology.org","llemmon@field-ops.org",,
"23ab2aab-eeb0-4b38-83d5-4ddf91891757","SERC_063.phenology.phe","D02","SERC","SERC_063","2017-11-21","2016-03-31","NEON.PLA.D02.SERC.06521","Individual","Partially shaded","Live",47.0,130.0,14.9,10.8,,,27.3,,"NEON.DOC.014040vH","jporta@BattelleEcology.org","llemmon@field-ops.org",,
"8cb5469e-3e11-447c-9975-54323be08498","SERC_063.phenology.phe","D02","SERC","SERC_063","2017-11-21","2016-03-31","NEON.PLA.D02.SERC.06515","Individual","Full sun","Live",43.0,130.0,7.1,6.0,,,31.0,,"NEON.DOC.014040vH","jporta@BattelleEcology.org","llemmon@field-ops.org",,
"d8f62be3-7315-4696-9078-875dbd9469c3","SERC_063.phenology.phe","D02","SERC","SERC_063","2017-11-21","2016-03-31","NEON.PLA.D02.SERC.06544","Individual","Mostly shaded","Live",10.5,130.0,3.6,3.4,,,12.5,,"NEON.DOC.014040vH","jporta@BattelleEcology.org","llemmon@field-ops.org",,
"bda767df-0843-4444-99a0-5d323e3d71aa","SERC_063.phenology.phe","D02","SERC","SERC_063","2017-11-21","2016-03-31","NEON.PLA.D02.SERC.06556","Individual","Mostly shaded","Live",37.3,130.0,11.5,12.8,,,20.7,,"NEON.DOC.014040vH","jporta@BattelleEcology.org","llemmon@field-ops.org",,
"ff5cba21-324b-477c-bcfc-8a1623536146","SERC_063.phenology.phe","D02","SERC","SERC_063","2017-11-21","2016-03-31","NEON.PLA.D02.SERC.06534","Individual","Partially shaded","Live",60.0,130.0,11.2,9.1,,,38.3,,"NEON.DOC.014040vH","jporta@BattelleEcology.org","llemmon@field-ops.org",,
"0d0dd89a-a306-47ad-81fe-eecd7f23cd98","SERC_063.phenology.phe","D02","SERC","SERC_063","2017-11-21","2016-03-31","NEON.PLA.D02.SERC.06559","Individual","Full shade","Live",15.0,130.0,7.2,6.4,,,15.7,,"NEON.DOC.014040vH","jporta@BattelleEcology.org","llemmon@field-ops.org",,
"2fd53bde-d051-4d82-88d7-436e7fddc39e","SERC_063.phenology.phe","D02","SERC","SERC_063","2017-11-21","2015-06-19","NEON.PLA.D02.SERC.06155","Individual","Mostly shaded","Live",23.8,130.0,8.7,8.6,,,20.0,,"NEON.DOC.014040vH","jporta@BattelleEcology.org","llemmon@field-ops.org",,
"e2a57858-b960-4781-a7c0-ffb7f5f70eb5","SERC_063.phenology.phe","D02","SERC","SERC_063","2017-11-21","2016-03-31","NEON.PLA.D02.SERC.06528","Individual","Full shade","Live",2.3,130.0,2.6,2.4,,,3.4,,"NEON.DOC.014040vH","jporta@BattelleEcology.org","llemmon@field-ops.org",,
"8f5c52f0-1916-4f7d-9de1-cfb1de8cfbed","SERC_063.phenology.phe","D02","SERC","SERC_063","2017-11-21","2017-03-30","NEON.PLA.D02.SERC.06254","Individual","Mostly shaded","Live",1.0,130.0,2.3,2.0,,,2.0,,"NEON.DOC.014040vH","jporta@BattelleEcology.org","llemmon@field-ops.org",,
"31eab7e7-ae3d-4532-8060-d27d7de3cc44","SERC_063.phenology.phe","D02","SERC","SERC_063","2017-11-21","2016-03-31","NEON.PLA.D02.SERC.06549","Individual","Mostly shaded","Live",34.6,130.0,12.9,11.6,,,18.7,,"NEON.DOC.014040vH","jporta@BattelleEcology.org","llemmon@field-ops.org",,
"daef8846-c040-43bc-8c9a-76ae5d3b65c9","SERC_063.phenology.phe","D02","SERC","SERC_063","2017-11-21","2016-03-31","NEON.PLA.D02.SERC.06519","Individual","Full shade","Live",17.0,130.0,12.4,11.7,,,14.9,,"NEON.DOC.014040vH","jporta@BattelleEcology.org","llemmon@field-ops.org",,
"8d55f745-b3cb-4bcd-965e-e744137eba22","SERC_063.phenology.phe","D02","SERC","SERC_063","2017-11-21","2016-03-31","NEON.PLA.D02.SERC.06555","Individual","Full shade","Live",8.5,130.0,6.4,5.2,,,7.0,,"NEON.DOC.014040vH","jporta@BattelleEcology.org","llemmon@field-ops.org",,
"fb138c2a-cd9d-4ae4-90ce-3aa73688fa10","SERC_063.phenology.phe","D02","SERC","SERC_063","2017-11-21","2015-06-19","NEON.PLA.D02.SERC.06154","Individual","Full shade","Live",4.7,130.0,3.4,2.4,,,7.2,,"NEON.DOC.014040vH","jporta@BattelleEcology.org","llemmon@field-ops.org",,
"52d4b8c4-273d-422d-8028-91daa64ad80d","SERC_063.phenology.phe","D02","SERC","SERC_063","2017-11-21","2015-06-19","NEON.PLA.D02.SERC.06152","Individual","Partially shaded","Live",31.9,130.0,9.7,8.7,,,23.3,,"NEON.DOC.014040vH","jporta@BattelleEcology.org","llemmon@field-ops.org",,
"3d40b18a-2355-4709-b863-0a5ac25fbbb9","SERC_063.phenology.phe","D02","SERC","SERC_063","2017-11-21","2016-03-31","NEON.PLA.D02.SERC.06538","Individual","Full shade","Live",2.5,130.0,2.7,2.3,,,4.1,,"NEON.DOC.014040vH","jporta@BattelleEcology.org","llemmon@field-ops.org",,
"d201b5a6-0efa-405b-b1db-28400d037682","SERC_063.phenology.phe","D02","SERC","SERC_063","2017-11-21","2016-03-31","NEON.PLA.D02.SERC.06535","Individual","Full shade","Live",1.4,130.0,2.9,2.6,,,2.4,,"NEON.DOC.014040vH","jporta@BattelleEcology.org","llemmon@field-ops.org",,
"29150649-c21a-4e18-b242-906d6ba4c34c","SERC_063.phenology.phe","D02","SERC","SERC_063","2017-11-21","2016-03-31","NEON.PLA.D02.SERC.06537","Individual","Mostly shaded","Live",9.1,130.0,5.1,4.8,,,9.4,,"NEON.DOC.014040vH","jporta@BattelleEcology.org","llemmon@field-ops.org",,
"4e5ef918-25a6-4538-8177-75e23c3809b4","SERC_063.phenology.phe","D02","SERC","SERC_063","2017-11-21","2016-03-31","NEON.PLA.D02.SERC.06596","Individual","Full shade","Live",18.5,130.0,9.6,8.6,,,15.0,,"NEON.DOC.014040vH","jporta@BattelleEcology.org","llemmon@field-ops.org",,
"426264a0-fe98-4bee-9ee6-2aab009a4dfc","SERC_063.phenology.phe","D02","SERC","SERC_063","2017-11-21","2016-03-31","NEON.PLA.D02.SERC.06568","Individual","Full shade","Live",13.5,130.0,8.6,6.8,,,6.4,,"NEON.DOC.014040vH","jporta@BattelleEcology.org","llemmon@field-ops.org",,
"34fd0a7d-b5f2-4790-996f-d0f1ecb182fc","SERC_063.phenology.phe","D02","SERC","SERC_063","2017-11-21","2016-03-31","NEON.PLA.D02.SERC.06578","Individual","Full shade","Live",2.3,130.0,1.6,1.4,,,3.9,,"NEON.DOC.014040vH","jporta@BattelleEcology.org","llemmon@field-ops.org",,
"c2e8c54b-1aa4-45cd-8513-fde344a27eae","SERC_063.phenology.phe","D02","SERC","SERC_063","2017-11-21","2016-03-31","NEON.PLA.D02.SERC.06589","Individual","Mostly shaded","Live",40.4,130.0,9.0,8.1,,,24.7,,"NEON.DOC.014040vH","jporta@BattelleEcology.org","llemmon@field-ops.org",,
"ab872a1a-7587-400e-86dd-024363c44a22","SERC_063.phenology.phe","D02","SERC","SERC_063","2017-11-21","2016-03-31","NEON.PLA.D02.SERC.06576","Individual","Mostly shaded","Live",20.0,130.0,8.7,8.5,,,11.6,,"NEON.DOC.014040vH","jporta@BattelleEcology.org","llemmon@field-ops.org",,
"43b7b4b7-3066-41ad-9484-33df6d03c320","SERC_063.phenology.phe","D02","SERC","SERC_063","2017-11-21","2016-03-31","NEON.PLA.D02.SERC.06569","Individual","Full shade","Live",2.6,130.0,1.2,1.0,,,3.4,,"NEON.DOC.014040vH","jporta@BattelleEcology.org","llemmon@field-ops.org",,
"a2dfdec6-7211-4005-9144-7802172569d4","SERC_063.phenology.phe","D02","SERC","SERC_063","2017-11-21","2016-03-31","NEON.PLA.D02.SERC.06584","Individual","Full shade","Live",1.8,130.0,1.6,1.3,,,3.9,,"NEON.DOC.014040vH","jporta@BattelleEcology.org","llemmon@field-ops.org",,
"22d579d0-04b5-4440-ae3e-64347fa1c6d7","SERC_063.phenology.phe","D02","SERC","SERC_063","2017-11-21","2017-10-11","NEON.PLA.D02.SERC.06256","Individual","Full shade","Live",1.6,130.0,2.4,1.5,,,3.0,,"NEON.DOC.014040vH","jporta@BattelleEcology.org","llemmon@field-ops.org",,
"7db5a180-be17-4645-b993-f9e55bbb3c3a","SERC_063.phenology.phe","D02","SERC","SERC_063","2017-11-21","2016-03-31","NEON.PLA.D02.SERC.06590","Individual","Full shade","Live",10.2,130.0,6.2,5.1,,,7.8,,"NEON.DOC.014040vH","jporta@BattelleEcology.org","llemmon@field-ops.org",,
"07ee9b13-e41f-4ae0-bdab-e78469d02657","SERC_063.phenology.phe","D02","SERC","SERC_063","2017-11-21","2016-03-31","NEON.PLA.D02.SERC.06598","Individual","Partially shaded","Live",27.5,130.0,9.3,6.9,,,21.4,,"NEON.DOC.014040vH","jporta@BattelleEcology.org","llemmon@field-ops.org",,
"88743a2b-1339-464e-b3a5-a68dae44bb02","SERC_063.phenology.phe","D02","SERC","SERC_063","2017-11-21","2016-03-31","NEON.PLA.D02.SERC.06566","Individual","Full shade","Live",1.6,130.0,2.1,1.6,,,2.9,,"NEON.DOC.014040vH","jporta@BattelleEcology.org","llemmon@field-ops.org",,
"25ec702b-75bb-4fe4-a1f2-8e2f1e34a92a","SERC_063.phenology.phe","D02","SERC","SERC_063","2017-11-21","2017-10-11","NEON.PLA.D02.SERC.06261","Individual","Mostly shaded","Live",19.0,130.0,8.2,7.0,,,13.4,,"NEON.DOC.014040vH","jporta@BattelleEcology.org","llemmon@field-ops.org",,
"8e3d3ad3-7df9-4838-843e-707a5e0271f7","SERC_063.phenology.phe","D02","SERC","SERC_063","2017-11-21","2016-03-31","NEON.PLA.D02.SERC.06586","Individual","Mostly shaded","Live",18.5,130.0,10.0,8.4,,,10.1,,"NEON.DOC.014040vH","jporta@BattelleEcology.org","llemmon@field-ops.org",,
"7ff42187-a60a-4004-9acf-f7e357c40d13","SERC_063.phenology.phe","D02","SERC","SERC_063","2017-11-21","2017-10-11","NEON.PLA.D02.SERC.06260","Individual","Full shade","Live",1.6,130.0,2.3,1.6,,,2.6,,"NEON.DOC.014040vH","jporta@BattelleEcology.org","llemmon@field-ops.org",,
"9ebf8979-f5b5-4b26-8820-62a15c5bac26","SERC_063.phenology.phe","D02","SERC","SERC_063","2017-11-21","2016-03-31","NEON.PLA.D02.SERC.06594","Individual","Partially shaded","Live",36.6,130.0,11.8,11.1,,,21.6,,"NEON.DOC.014040vH","jporta@BattelleEcology.org","llemmon@field-ops.org",,
"6fa00a15-ef0b-4681-833e-107c3f2e59a1","SERC_063.phenology.phe","D02","SERC","SERC_063","2017-11-21","2016-03-31","NEON.PLA.D02.SERC.06573","Individual","Mostly shaded","Live",9.4,130.0,3.7,2.4,,,8.1,,"NEON.DOC.014040vH","jporta@BattelleEcology.org","llemmon@field-ops.org",,
"547197d5-067e-40cd-94bb-eb2dc88da389","SERC_063.phenology.phe","D02","SERC","SERC_063","2017-11-21","2016-03-31","NEON.PLA.D02.SERC.06571","Individual","Partially shaded","Live",20.2,130.0,6.2,5.7,,,15.8,,"NEON.DOC.014040vH","jporta@BattelleEcology.org","llemmon@field-ops.org",,
"eb928fc2-684c-4493-9f48-40ae19f80cd8","SERC_063.phenology.phe","D02","SERC","SERC_063","2017-11-21","2016-03-31","NEON.PLA.D02.SERC.06585","Individual","Mostly shaded","Live",7.4,130.0,3.5,3.1,,,11.1,,"NEON.DOC.014040vH","jporta@BattelleEcology.org","llemmon@field-ops.org",,
"deff45de-f7da-48d4-967d-85e518269fde","SERC_063.phenology.phe","D02","SERC","SERC_063","2017-11-21","2017-10-11","NEON.PLA.D02.SERC.06257","Individual","Mostly shaded","Live, physically damaged",5.3,130.0,3.1,2.1,,,8.7,,"NEON.DOC.014040vH","jporta@BattelleEcology.org","llemmon@field-ops.org",,
"d2897d49-462f-48fa-9690-5065bb464177","SERC_063.phenology.phe","D02","SERC","SERC_063","2017-11-21","2016-03-31","NEON.PLA.D02.SERC.06597","Individual","Mostly shaded","Live",22.1,130.0,14.6,10.3,,,17.1,,"NEON.DOC.014040vH","jporta@BattelleEcology.org","llemmon@field-ops.org",,
"f9cc707d-e76d-4d0c-ad5d-a3836bd3fb1b","SERC_063.phenology.phe","D02","SERC","SERC_063","2017-11-21","2016-03-31","NEON.PLA.D02.SERC.06595","Individual","Partially shaded","Live",39.9,130.0,13.6,12.7,,,23.4,,"NEON.DOC.014040vH","jporta@BattelleEcology.org","llemmon@field-ops.org",,
"27b57826-dca3-412d-ae16-86395ed2d801","SERC_063.phenology.phe","D02","SERC","SERC_063","2017-11-21","2016-03-31","NEON.PLA.D02.SERC.06588","Individual","Mostly shaded","Live",30.4,130.0,11.6,9.3,,,16.8,,"NEON.DOC.014040vH","jporta@BattelleEcology.org","llemmon@field-ops.org",,
"281691b2-b9a5-4ba5-8169-b8a95812fc1f","SERC_063.phenology.phe","D02","SERC","SERC_063","2017-11-21","2016-03-31","NEON.PLA.D02.SERC.06593","Individual","Mostly shaded","Live",26.9,130.0,10.7,9.5,,,18.3,,"NEON.DOC.014040vH","jporta@BattelleEcology.org","llemmon@field-ops.org",,
"a1ef8e61-e70f-4681-bc5e-6c393c466c1a","SERC_063.phenology.phe","D02","SERC","SERC_063","2017-11-21","2016-03-31","NEON.PLA.D02.SERC.06592","Individual","Full shade","Live",5.3,130.0,5.2,4.5,,,5.4,,"NEON.DOC.014040vH","jporta@BattelleEcology.org","llemmon@field-ops.org",,
"043fe420-a47a-40ae-9182-1ef41a537daf","SERC_063.phenology.phe","D02","SERC","SERC_063","2017-11-21","2017-10-11","NEON.PLA.D02.SERC.06258","Individual","Full shade","Live",1.8,10.0,1.6,1.5,,,1.5,,"NEON.DOC.014040vH","jporta@BattelleEcology.org","llemmon@field-ops.org","Stem diameter 0.6 at 130 cm",
"f6f02677-dfd5-4a11-8d31-ee59c35eec61","SERC_063.phenology.phe","D02","SERC","SERC_063","2017-11-21","2016-03-31","NEON.PLA.D02.SERC.06579","Individual","Full shade","Live",1.7,130.0,1.7,1.2,,,3.3,,"NEON.DOC.014040vH","jporta@BattelleEcology.org","llemmon@field-ops.org",,
"2c6faf28-b004-45b9-b7d7-162f3313bdf6","SERC_063.phenology.phe","D02","SERC","SERC_063","2017-11-21","2016-03-31","NEON.PLA.D02.SERC.06587","Individual","Mostly shaded","Live",26.6,130.0,10.0,8.7,,,14.8,,"NEON.DOC.014040vH","jporta@BattelleEcology.org","llemmon@field-ops.org",,
"f09e5bf9-5065-4e5d-9209-63d63ddbafd6","SERC_063.phenology.phe","D02","SERC","SERC_063","2017-11-21","2016-03-31","NEON.PLA.D02.SERC.06581","Individual","Mostly shaded","Live",10.5,130.0,4.0,3.9,,,11.3,,"NEON.DOC.014040vH","jporta@BattelleEcology.org","llemmon@field-ops.org",,
"2e6a3cf1-4bd1-4111-82b4-902b9b29f769","SERC_063.phenology.phe","D02","SERC","SERC_063","2017-11-21","2017-10-11","NEON.PLA.D02.SERC.06259","Individual","Full shade","Live",1.2,130.0,1.8,1.8,,,2.6,,"NEON.DOC.014040vH","jporta@BattelleEcology.org","llemmon@field-ops.org",,
"25aba7f3-603b-4a71-9cb1-445b7e0abd37","SERC_063.phenology.phe","D02","SERC","SERC_063","2017-11-21","2016-03-31","NEON.PLA.D02.SERC.06583","Individual","Full shade","Live",2.8,130.0,3.1,1.8,,,4.8,,"NEON.DOC.014040vH","jporta@BattelleEcology.org","llemmon@field-ops.org",,
"2d800114-6805-44f1-8a6b-5718604c36ba","SERC_063.phenology.phe","D02","SERC","SERC_063","2017-11-21","2016-03-31","NEON.PLA.D02.SERC.06591","Individual","Full shade","Live",20.8,130.0,10.5,10.3,,,16.2,,"NEON.DOC.014040vH","jporta@BattelleEcology.org","llemmon@field-ops.org",,
"1b7406b9-d83f-4a1d-8814-693c7063a5a1","SERC_063.phenology.phe","D02","SERC","SERC_063","2017-11-21","2016-03-31","NEON.PLA.D02.SERC.06599","Individual","Full shade","Live",10.9,130.0,6.9,6.7,,,7.9,,"NEON.DOC.014040vH","jporta@BattelleEcology.org","llemmon@field-ops.org",,
"8b70cadf-a040-4b34-883e-530ba6b48db7","SERC_063.phenology.phe","D02","SERC","SERC_063","2017-11-21","2016-03-31","NEON.PLA.D02.SERC.06574","Individual","Full shade","Live",2.6,130.0,2.6,2.1,,,3.9,,"NEON.DOC.014040vH","jporta@BattelleEcology.org","llemmon@field-ops.org",,
"b07b2925-eadb-49a4-9f57-a562e80bf407","SERC_063.phenology.phe","D02","SERC","SERC_063","2017-11-21","2016-03-31","NEON.PLA.D02.SERC.06567","Individual","Full shade","Live",1.8,130.0,2.0,1.5,,,3.1,,"NEON.DOC.014040vH","jporta@BattelleEcology.org","llemmon@field-ops.org",,
"aa35a2c8-b8e4-4708-9837-04d2987dcef2","SERC_063.phenology.phe","D02","SERC","SERC_063","2017-11-21","2016-03-31","NEON.PLA.D02.SERC.06582","Individual","Mostly shaded","Live",24.5,130.0,8.4,7.5,,,12.5,,"NEON.DOC.014040vH","jporta@BattelleEcology.org","llemmon@field-ops.org",,
"3a4d7a43-94cf-415c-9be6-a8893f1c6483","SERC_063.phenology.phe","D02","SERC","SERC_063","2017-11-21","2016-03-31","NEON.PLA.D02.SERC.06575","Individual","Partially shaded","Live",18.8,130.0,5.6,5.3,,,13.0,,"NEON.DOC.014040vH","jporta@BattelleEcology.org","llemmon@field-ops.org",,
"774c9ee8-701c-4597-ab33-11c81c99368a","SERC_063.phenology.phe","D02","SERC","SERC_063","2017-11-21","2016-03-31","NEON.PLA.D02.SERC.06572","Individual","Full shade","Live",1.6,130.0,2.1,1.2,,,3.3,,"NEON.DOC.014040vH","jporta@BattelleEcology.org","llemmon@field-ops.org",,
"04121d2e-af29-4081-971a-8248db71a422","SERC_063.phenology.phe","D02","SERC","SERC_063","2017-11-21","2016-03-31","NEON.PLA.D02.SERC.06570","Individual","Full shade","Live",2.7,130.0,1.8,2.5,,,3.8,,"NEON.DOC.014040vH","jporta@BattelleEcology.org","llemmon@field-ops.org",,
"03d6c130-f13d-4625-b022-284689236003","SERC_063.phenology.phe","D02","SERC","SERC_063","2017-11-21","2016-03-31","NEON.PLA.D02.SERC.06600","Individual","Full shade","Live",13.3,130.0,8.5,7.9,,,9.2,,"NEON.DOC.014040vH","jporta@BattelleEcology.org","llemmon@field-ops.org",,
"bd6725b3-3e6e-4790-812c-f03a49e4a778","SERC_063.phenology.phe","D02","SERC","SERC_063","2017-11-21","2017-12-01","NEON.PLA.D02.SERC.06565","Individual","Full shade","Live",1.8,130.0,2.3,1.6,,,2.8,,"NEON.DOC.014040vH","jporta@BattelleEcology.org","llemmon@field-ops.org",,
"48921b08-972c-45b6-938f-5d82aeafe781","SERC_063.phenology.phe","D02","SERC","SERC_063","2017-11-21","2016-03-31","NEON.PLA.D02.SERC.06551","Individual","Full shade","Live",1.4,130.0,1.7,1.3,,,3.0,,"NEON.DOC.014040vH","jporta@BattelleEcology.org","llemmon@field-ops.org",,
"14771e1f-426b-4f37-8402-18e90e477138","SERC_063.phenology.phe","D02","SERC","SERC_063","2017-11-21","2016-03-31","NEON.PLA.D02.SERC.06563","Individual","Full shade","Live",1.2,130.0,1.7,1.2,,,2.4,,"NEON.DOC.014040vH","jporta@BattelleEcology.org","llemmon@field-ops.org",,
"e9671271-8cfd-4992-ad3f-727e3b045bec","SERC_063.phenology.phe","D02","SERC","SERC_063","2017-11-21","2016-03-31","NEON.PLA.D02.SERC.06552","Individual","Mostly shaded","Live",20.7,130.0,8.6,7.9,,,15.7,,"NEON.DOC.014040vH","jporta@BattelleEcology.org","llemmon@field-ops.org",,
"4cd893d8-0914-4c8c-9544-80eed2cdb904","SERC_063.phenology.phe","D02","SERC","SERC_063","2017-11-21","2016-03-31","NEON.PLA.D02.SERC.06547","Individual","Full shade","Live",1.8,130.0,1.5,1.4,,,3.4,,"NEON.DOC.014040vH","jporta@BattelleEcology.org","llemmon@field-ops.org",,
"14cefccc-3a56-4b57-ac8b-9114e427fb17","SERC_063.phenology.phe","D02","SERC","SERC_063","2017-11-21","2016-03-31","NEON.PLA.D02.SERC.06527","Individual","Full sun","Live",39.5,130.0,11.0,7.7,,,23.8,,"NEON.DOC.014040vH","jporta@BattelleEcology.org","llemmon@field-ops.org",,
"683d8790-9181-4ce7-9e7b-6ca501761174","SERC_063.phenology.phe","D02","SERC","SERC_063","2017-11-21","2016-03-31","NEON.PLA.D02.SERC.06553","Individual","Mostly shaded","Live",4.7,130.0,2.0,1.6,,,6.7,,"NEON.DOC.014040vH","jporta@BattelleEcology.org","llemmon@field-ops.org",,
"9eec24df-b0c2-4b23-936e-8401b17303b7","SERC_063.phenology.phe","D02","SERC","SERC_063","2017-11-21","2016-03-31","NEON.PLA.D02.SERC.06516","Individual","Full shade","Live",3.9,130.0,4.1,3.7,,,5.0,,"NEON.DOC.014040vH","jporta@BattelleEcology.org","llemmon@field-ops.org",,
"46f87b62-dd1a-4f94-b8f8-bf840b9d78db","SERC_063.phenology.phe","D02","SERC","SERC_063","2017-11-21","2016-03-31","NEON.PLA.D02.SERC.06540","Individual","Mostly shaded","Live",19.9,130.0,8.1,6.4,,,14.0,,"NEON.DOC.014040vH","jporta@BattelleEcology.org","llemmon@field-ops.org",,
"50e1a394-801f-4901-8c6e-58f46f0da7bc","SERC_063.phenology.phe","D02","SERC","SERC_063","2017-11-21","2016-03-31","NEON.PLA.D02.SERC.06548","Individual","Partially shaded","Live",39.8,130.0,9.2,9.0,,,19.5,,"NEON.DOC.014040vH","jporta@BattelleEcology.org","llemmon@field-ops.org",,
"dcb8b276-1b65-4471-86f7-84370e2888e6","SERC_063.phenology.phe","D02","SERC","SERC_063","2017-11-21","2016-03-31","NEON.PLA.D02.SERC.06560","Individual","Full shade","Live",1.8,130.0,1.8,1.3,,,2.2,,"NEON.DOC.014040vH","jporta@BattelleEcology.org","llemmon@field-ops.org",,
"2ab94139-ccfd-4110-b69a-748243e81341","SERC_063.phenology.phe","D02","SERC","SERC_063","2017-11-21","2016-03-31","NEON.PLA.D02.SERC.06524","Individual","Partially shaded","Live",27.5,130.0,9.6,8.8,,,14.6,,"NEON.DOC.014040vH","jporta@BattelleEcology.org","llemmon@field-ops.org",,
"b28ed0fa-a7a3-424b-af0b-3a1de836c734","SERC_063.phenology.phe","D02","SERC","SERC_063","2017-11-21","2015-06-19","NEON.PLA.D02.SERC.06159","Individual","Mostly shaded","Live",17.4,130.0,7.3,5.0,,,15.9,,"NEON.DOC.014040vH","jporta@BattelleEcology.org","llemmon@field-ops.org",,
"a65f385b-68c0-4a02-afb2-9c384c8d1d71","SERC_063.phenology.phe","D02","SERC","SERC_063","2017-11-21","2016-03-31","NEON.PLA.D02.SERC.06539","Individual","Mostly shaded","Live",21.9,130.0,11.4,9.4,,,11.8,,"NEON.DOC.014040vH","jporta@BattelleEcology.org","llemmon@field-ops.org",,
"326c3d06-b6fd-4ca4-a3c0-864f5d16211b","SERC_063.phenology.phe","D02","SERC","SERC_063","2017-11-21","2016-03-31","NEON.PLA.D02.SERC.06541","Individual","Full shade","Live",1.5,130.0,1.8,1.6,,,2.5,,"NEON.DOC.014040vH","jporta@BattelleEcology.org","llemmon@field-ops.org",,
"175e8185-9716-4279-bddb-bf45289a1773","SERC_063.phenology.phe","D02","SERC","SERC_063","2017-11-21","2016-03-31","NEON.PLA.D02.SERC.06543","Individual","Partially shaded","Live",13.7,130.0,4.3,3.8,,,13.7,,"NEON.DOC.014040vH","jporta@BattelleEcology.org","llemmon@field-ops.org",,
"3534cfb6-b602-42b2-bf5b-a66a0d500e78","SERC_063.phenology.phe","D02","SERC","SERC_063","2017-11-21","2016-03-31","NEON.PLA.D02.SERC.06533","Individual","Full sun","Live",35.4,130.0,10.1,7.1,,,26.3,,"NEON.DOC.014040vH","jporta@BattelleEcology.org","llemmon@field-ops.org",,
"b0193683-726d-45ba-b5fc-4c291d5c5f1a","SERC_063.phenology.phe","D02","SERC","SERC_063","2017-11-21","2016-03-31","NEON.PLA.D02.SERC.06561","Individual","Full shade","Live",1.1,130.0,2.1,1.9,,,2.1,,"NEON.DOC.014040vH","jporta@BattelleEcology.org","llemmon@field-ops.org",,
"597875b7-c036-4487-8736-e344cee594e7","SERC_063.phenology.phe","D02","SERC","SERC_063","2017-11-21","2016-03-31","NEON.PLA.D02.SERC.06550","Individual","Full shade","Live",4.3,130.0,2.2,1.9,,,6.1,,"NEON.DOC.014040vH","jporta@BattelleEcology.org","llemmon@field-ops.org",,
"54a8521a-3d62-4eea-9241-7bbb1716418e","SERC_063.phenology.phe","D02","SERC","SERC_063","2017-11-21","2016-03-31","NEON.PLA.D02.SERC.06525","Individual","Mostly shaded","Live",15.5,130.0,7.6,6.2,,,10.5,,"NEON.DOC.014040vH","jporta@BattelleEcology.org","llemmon@field-ops.org",,
"ae643da4-54eb-4bfa-8867-5ccc0dfdae8e","SERC_063.phenology.phe","D02","SERC","SERC_063","2017-11-21","2016-03-31","NEON.PLA.D02.SERC.06523","Individual","Mostly shaded","Live",15.3,130.0,7.7,4.4,,,11.0,,"NEON.DOC.014040vH","jporta@BattelleEcology.org","llemmon@field-ops.org",,
"7548e9e6-76fe-4786-abe1-91d047aa283c","SERC_063.phenology.phe","D02","SERC","SERC_063","2017-11-21","2016-03-31","NEON.PLA.D02.SERC.06530","Individual","Full sun","Live",50.3,130.0,8.6,7.4,,,37.3,,"NEON.DOC.014040vH","jporta@BattelleEcology.org","llemmon@field-ops.org",,
"a0a766b2-ad43-40a3-8520-3d80e5dc72a1","SERC_063.phenology.phe","D02","SERC","SERC_063","2017-11-21","2016-03-31","NEON.PLA.D02.SERC.06520","Individual","Mostly shaded","Live",9.5,130.0,7.9,6.1,,,8.2,,"NEON.DOC.014040vH","jporta@BattelleEcology.org","llemmon@field-ops.org",,
"4c1ded2b-c746-4782-9c7d-c7f5b2058996","SERC_063.phenology.phe","D02","SERC","SERC_063","2017-11-21","2016-03-31","NEON.PLA.D02.SERC.06517","Individual","Mostly shaded","Live",9.2,130.0,4.5,4.4,,,9.8,,"NEON.DOC.014040vH","jporta@BattelleEcology.org","llemmon@field-ops.org",,
"0baa02b3-3a38-4b40-9256-d87014312c4a","SERC_063.phenology.phe","D02","SERC","SERC_063","2017-11-21","2016-03-31","NEON.PLA.D02.SERC.06532","Individual","Full sun","Live",53.0,130.0,8.4,7.5,,,33.2,,"NEON.DOC.014040vH","jporta@BattelleEcology.org","llemmon@field-ops.org",,
