uid,namedLocation,domainID,siteID,plotID,date,editedDate,individualID,patchOrIndividual,canopyPosition,plantStatus,stemDiameter,measurementHeight,maxCanopyDiameter,ninetyCanopyDiameter,patchSize,percentCover,height,diseaseType,samplingProtocolVersion,measuredBy,recordedBy,remarks,dataQF
"55363cdc-24a5-42fa-92e4-b6040575f397","SERC_063.phenology.phe","D02","SERC","SERC_063","2019-11-13","2018-11-14","NEON.PLA.D02.SERC.06532","Individual","Partially shaded","Live",54.5,130.0,7.4,4.9,,,33.2,,"NEON.DOC.014040vL","knauer@battelleecology.org","gchapman@neoninc.org",,
"0729390a-3825-48ee-b683-803f59642055","SERC_063.phenology.phe","D02","SERC","SERC_063","2019-11-13","2019-08-21","NEON.PLA.D02.SERC.06680","Individual","Full shade","Live",1.3,130.0,1.7,1.3,,,2.8,,"NEON.DOC.014040vL","knauer@battelleecology.org","gchapman@neoninc.org",,
"b97a7a5d-5044-4349-a69a-f5abb603d3a8","SERC_063.phenology.phe","D02","SERC","SERC_063","2019-11-13","2018-11-09","NEON.PLA.D02.SERC.06570","Individual","Full shade","Live",2.8,130.0,2.1,2.0,,,4.3,,"NEON.DOC.014040vL","knauer@battelleecology.org","gchapman@neoninc.org",,
"a5736543-af73-44b0-b72f-0071319314a1","SERC_063.phenology.phe","D02","SERC","SERC_063","2019-11-13","2018-11-28","NEON.PLA.D02.SERC.06520","Individual","Full shade","Live",10.2,130.0,8.5,5.3,,,9.8,,"NEON.DOC.014040vL","knauer@battelleecology.org","gchapman@neoninc.org",,
"ae7c748f-4527-4964-bdc4-452227f6ad51","SERC_063.phenology.phe","D02","SERC","SERC_063","2019-11-13","2018-11-28","NEON.PLA.D02.SERC.06562","Individual","Mostly shaded","Live",28.7,130.0,7.2,6.6,,,17.5,,"NEON.DOC.014040vL","knauer@battelleecology.org","gchapman@neoninc.org",,
"bd6559a9-e3f4-4851-8510-060eab5c7bc9","SERC_063.phenology.phe","D02","SERC","SERC_063","2019-11-13","2018-11-28","NEON.PLA.D02.SERC.06559","Individual","Mostly shaded","Live",15.4,130.0,7.9,6.2,,,15.9,,"NEON.DOC.014040vL","knauer@battelleecology.org","gchapman@neoninc.org",,
"0ee9366e-3c78-45df-952f-1e9260f57445","SERC_063.phenology.phe","D02","SERC","SERC_063","2019-11-13","2018-11-14","NEON.PLA.D02.SERC.06155","Individual","Mostly shaded","Live",23.3,130.0,7.4,4.3,,,19.9,,"NEON.DOC.014040vL","knauer@battelleecology.org","gchapman@neoninc.org",,
"fd5bd18f-9de7-43f6-90e2-60369bb2f8d2","SERC_063.phenology.phe","D02","SERC","SERC_063","2019-11-13","2018-11-28","NEON.PLA.D02.SERC.06594","Individual","Partially shaded","Live",37.5,130.0,11.2,8.8,,,20.8,,"NEON.DOC.014040vL","knauer@battelleecology.org","gchapman@neoninc.org",,
"2bbbf211-ee6c-46ad-9021-b4c77e189a8e","SERC_063.phenology.phe","D02","SERC","SERC_063","2019-11-13","2018-11-28","NEON.PLA.D02.SERC.06543","Individual","Partially shaded","Live",16.7,130.0,3.6,3.2,,,16.6,,"NEON.DOC.014040vL","knauer@battelleecology.org","gchapman@neoninc.org",,
"2ad2d34a-3a0d-45b2-bf3b-d2ea5b000304","SERC_063.phenology.phe","D02","SERC","SERC_063","2019-11-13","2018-02-12","NEON.PLA.D02.SERC.06568","Individual","Mostly shaded","Live",15.3,130.0,8.1,8.0,,,7.8,,"NEON.DOC.014040vL","knauer@battelleecology.org","gchapman@neoninc.org",,
"8cb2f115-b81e-4f56-9c82-96c82565ce06","SERC_063.phenology.phe","D02","SERC","SERC_063","2019-11-13","2018-11-28","NEON.PLA.D02.SERC.06600","Individual","Mostly shaded","Live",14.0,130.0,7.0,5.7,,,9.6,,"NEON.DOC.014040vL","knauer@battelleecology.org","gchapman@neoninc.org",,
"ac5bb7a3-8e7d-49b5-a11b-282c1d399705","SERC_063.phenology.phe","D02","SERC","SERC_063","2019-11-13","2018-11-28","NEON.PLA.D02.SERC.06519","Individual","Full shade","Live",17.7,130.0,10.7,6.9,,,13.8,,"NEON.DOC.014040vL","knauer@battelleecology.org","gchapman@neoninc.org",,
"d0afdd07-035b-435f-8621-35b40b391141","SERC_063.phenology.phe","D02","SERC","SERC_063","2019-11-13","2018-11-14","NEON.PLA.D02.SERC.06522","Individual","Partially shaded","Live",50.4,130.0,11.5,8.9,,,33.8,,"NEON.DOC.014040vL","knauer@battelleecology.org","gchapman@neoninc.org",,
"94aca91e-2336-45d2-91f4-e0e94278fd1f","SERC_063.phenology.phe","D02","SERC","SERC_063","2019-11-13","2018-11-14","NEON.PLA.D02.SERC.06550","Individual","Mostly shaded","Live",5.0,130.0,2.5,1.8,,,7.6,,"NEON.DOC.014040vL","knauer@battelleecology.org","gchapman@neoninc.org",,
"008b1c94-ef36-4a41-9617-ebe94f25fdaa","SERC_063.phenology.phe","D02","SERC","SERC_063","2019-11-13","2019-10-21","NEON.PLA.D02.SERC.06256","Individual","Full shade","Live, other damage",2.0,130.0,2.0,1.4,,,3.0,,"NEON.DOC.014040vL","knauer@battelleecology.org","gchapman@neoninc.org","Canopy dieback; unknown cause",
"8d92da29-4658-49b3-8e6f-7db3da74c879","SERC_063.phenology.phe","D02","SERC","SERC_063","2019-11-13","2018-02-12","NEON.PLA.D02.SERC.06573","Individual","Partially shaded","Live",13.6,130.0,4.0,3.1,,,13.1,,"NEON.DOC.014040vL","knauer@battelleecology.org","gchapman@neoninc.org",,
"8ddb6fb8-1317-4c6b-bcb1-5b08a42d62ae","SERC_063.phenology.phe","D02","SERC","SERC_063","2019-11-13","2018-11-28","NEON.PLA.D02.SERC.06581","Individual","Mostly shaded","Live",12.1,130.0,3.0,2.8,,,12.6,,"NEON.DOC.014040vL","knauer@battelleecology.org","gchapman@neoninc.org",,
"2b131450-04e6-4803-8f6f-d34e69c01222","SERC_063.phenology.phe","D02","SERC","SERC_063","2019-11-13","2019-11-06","NEON.PLA.D02.SERC.06258","Individual","Full shade","Live, other damage",1.8,10.0,1.3,1.3,,,1.6,,"NEON.DOC.014040vL","knauer@battelleecology.org","gchapman@neoninc.org","Canopy dieback; unknown cause",
"089bc4d5-a0f2-42d0-a040-a1f777429f8b","SERC_063.phenology.phe","D02","SERC","SERC_063","2019-11-13","2018-11-14","NEON.PLA.D02.SERC.06545","Individual","Full shade","Live",1.7,130.0,2.8,2.2,,,2.7,,"NEON.DOC.014040vL","knauer@battelleecology.org","gchapman@neoninc.org",,
"4f625303-63c3-48a7-92c5-e71bc000460d","SERC_063.phenology.phe","D02","SERC","SERC_063","2019-11-13","2018-11-09","NEON.PLA.D02.SERC.06569","Individual","Full shade","Live",1.6,130.0,1.4,1.2,,,3.6,,"NEON.DOC.014040vL","knauer@battelleecology.org","gchapman@neoninc.org",,
"836472c4-42b2-4447-9b34-fe90f677e942","SERC_063.phenology.phe","D02","SERC","SERC_063","2019-11-13","2018-11-14","NEON.PLA.D02.SERC.06536","Individual","Partially shaded","Live",35.4,130.0,3.7,3.4,,,29.1,,"NEON.DOC.014040vL","knauer@battelleecology.org","gchapman@neoninc.org",,
"f63f4c1f-bfe4-4cc3-9b2e-cc0428f23c54","SERC_063.phenology.phe","D02","SERC","SERC_063","2019-11-13","2018-11-14","NEON.PLA.D02.SERC.06533","Individual","Partially shaded","Live",36.2,130.0,8.3,4.4,,,26.9,,"NEON.DOC.014040vL","knauer@battelleecology.org","gchapman@neoninc.org",,
"67c47331-f4d6-47ac-9cdd-4d7cc2ecaa64","SERC_063.phenology.phe","D02","SERC","SERC_063","2019-11-13","2018-11-28","NEON.PLA.D02.SERC.06257","Individual","Mostly shaded","Live",6.4,130.0,1.7,1.5,,,10.1,,"NEON.DOC.014040vL","knauer@battelleecology.org","gchapman@neoninc.org",,
"e7ec912e-8223-40ce-a83c-711c22832e61","SERC_063.phenology.phe","D02","SERC","SERC_063","2019-11-13","2018-11-14","NEON.PLA.D02.SERC.06521","Individual","Partially shaded","Live",48.9,130.0,11.9,7.8,,,27.1,,"NEON.DOC.014040vL","knauer@battelleecology.org","gchapman@neoninc.org",,
"4944e511-73a6-48cd-a1a4-69a620c9ac16","SERC_063.phenology.phe","D02","SERC","SERC_063","2019-11-13","2018-11-09","NEON.PLA.D02.SERC.06546","Individual","Full shade","Live",1.8,130.0,2.4,1.9,,,2.9,,"NEON.DOC.014040vL","knauer@battelleecology.org","gchapman@neoninc.org",,
"9094f083-19d8-4402-9c70-59fe85d0ad2f","SERC_063.phenology.phe","D02","SERC","SERC_063","2019-11-13","2019-10-01","NEON.PLA.D02.SERC.06561","Individual","Full shade","Live, other damage",1.0,130.0,1.6,1.1,,,2.4,,"NEON.DOC.014040vL","knauer@battelleecology.org","gchapman@neoninc.org","Canopy dieback; unknown cause",
"f3bd9bf5-e602-4c69-8fe4-f8532b62ba24","SERC_063.phenology.phe","D02","SERC","SERC_063","2019-11-13","2018-11-28","NEON.PLA.D02.SERC.06553","Individual","Mostly shaded","Live",6.0,130.0,2.1,1.6,,,8.9,,"NEON.DOC.014040vL","knauer@battelleecology.org","gchapman@neoninc.org",,
"d8cced0f-0f98-4f2e-9536-6e429afb72dd","SERC_063.phenology.phe","D02","SERC","SERC_063","2019-11-13","2018-11-21","NEON.PLA.D02.SERC.06534","Individual","Full sun","Live",61.5,130.0,9.5,6.8,,,39.8,,"NEON.DOC.014040vL","knauer@battelleecology.org","gchapman@neoninc.org",,
"7bc379ec-4339-45e8-89fc-a3264b46e8ff","SERC_063.phenology.phe","D02","SERC","SERC_063","2019-11-13","2018-11-14","NEON.PLA.D02.SERC.06517","Individual","Full shade","Live",9.8,130.0,4.0,3.6,,,10.3,,"NEON.DOC.014040vL","knauer@battelleecology.org","gchapman@neoninc.org",,
"3c0042ed-826c-488a-a23b-9b86ef2d3946","SERC_063.phenology.phe","D02","SERC","SERC_063","2019-11-13","2018-11-28","NEON.PLA.D02.SERC.06157","Individual","Full shade","Live",8.4,130.0,5.7,3.6,,,9.8,,"NEON.DOC.014040vL","knauer@battelleecology.org","gchapman@neoninc.org",,
"35b4d582-e654-46c5-89ef-ddc7fbd34085","SERC_072.phenology.phe","D02","SERC","SERC_072","2019-11-13","2019-02-26","NEON.PLA.D02.SERC.06029","Individual","Partially shaded","Live",91.5,130.0,16.0,14.4,,,34.3,,"NEON.DOC.014040vL","knauer@battelleecology.org","gchapman@neoninc.org",,
"3d24574b-cb6e-4ba8-9dfd-137a9da10a5a","SERC_063.phenology.phe","D02","SERC","SERC_063","2019-11-13","2019-04-11","NEON.PLA.D02.SERC.06167","Individual","Full shade","Live",2.3,130.0,3.8,2.4,,,2.5,,"NEON.DOC.014040vL","knauer@battelleecology.org","gchapman@neoninc.org",,
"372c7f16-324c-4c1e-bebc-884ece62d850","SERC_063.phenology.phe","D02","SERC","SERC_063","2019-11-13","2018-11-28","NEON.PLA.D02.SERC.06575","Individual","Partially shaded","Live",22.2,130.0,5.6,5.5,,,16.5,,"NEON.DOC.014040vL","knauer@battelleecology.org","gchapman@neoninc.org",,
"79f007fc-2cbb-40c3-9fb7-253a54564ed1","SERC_063.phenology.phe","D02","SERC","SERC_063","2019-11-13","2018-11-28","NEON.PLA.D02.SERC.06527","Individual","Partially shaded","Live",41.2,130.0,9.7,5.7,,,25.7,,"NEON.DOC.014040vL","knauer@battelleecology.org","gchapman@neoninc.org",,
"2813e638-8f64-416b-bd2d-771213da2c20","SERC_063.phenology.phe","D02","SERC","SERC_063","2019-11-13","2018-02-12","NEON.PLA.D02.SERC.06576","Individual","Partially shaded","Live",21.7,130.0,8.1,7.4,,,12.1,,"NEON.DOC.014040vL","knauer@battelleecology.org","gchapman@neoninc.org",,
"7d49885f-31dd-4b71-8798-5cd1d4e10191","SERC_063.phenology.phe","D02","SERC","SERC_063","2019-11-13","2018-02-16","NEON.PLA.D02.SERC.06539","Individual","Mostly shaded","Live",23.2,130.0,10.6,9.6,,,12.3,,"NEON.DOC.014040vL","knauer@battelleecology.org","gchapman@neoninc.org",,
"1b35858c-08d3-4558-81a3-715459773865","SERC_063.phenology.phe","D02","SERC","SERC_063","2019-11-13","2018-11-14","NEON.PLA.D02.SERC.06516","Individual","Full shade","Live",4.0,130.0,4.0,2.9,,,5.7,,"NEON.DOC.014040vL","knauer@battelleecology.org","gchapman@neoninc.org",,
"ea79db96-4434-4a02-a38d-2f28b0742d98","SERC_063.phenology.phe","D02","SERC","SERC_063","2019-11-13","2019-10-31","NEON.PLA.D02.SERC.06254","Individual","Full shade","Live",1.0,130.0,2.5,1.9,,,2.1,,"NEON.DOC.014040vL","knauer@battelleecology.org","gchapman@neoninc.org",,
"e951d711-f2a2-465f-b4b8-bb890ff337d5","SERC_072.phenology.phe","D02","SERC","SERC_072","2019-11-13","2019-02-26","NEON.PLA.D02.SERC.06028","Individual","Full sun","Live",70.5,130.0,13.4,10.2,,,35.1,,"NEON.DOC.014040vL","knauer@battelleecology.org","gchapman@neoninc.org",,
"d88788bf-6867-4b96-9332-81964b3352cc","SERC_063.phenology.phe","D02","SERC","SERC_063","2019-11-13","2018-11-14","NEON.PLA.D02.SERC.06515","Individual","Full sun","Live",45.0,130.0,5.3,4.8,,,28.3,,"NEON.DOC.014040vL","knauer@battelleecology.org","gchapman@neoninc.org",,
"684a1c83-cbd3-4c3e-9da4-93b7aa0a57f2","SERC_063.phenology.phe","D02","SERC","SERC_063","2019-11-13","2018-11-28","NEON.PLA.D02.SERC.06596","Individual","Mostly shaded","Live",19.5,130.0,8.7,5.7,,,16.0,,"NEON.DOC.014040vL","knauer@battelleecology.org","gchapman@neoninc.org",,
"abb6fd9e-fd84-4a7f-9662-0e83ca4c29c2","SERC_063.phenology.phe","D02","SERC","SERC_063","2019-11-13","2018-11-14","NEON.PLA.D02.SERC.06165","Individual","Full shade","Live",1.9,130.0,2.7,2.2,,,2.9,,"NEON.DOC.014040vL","knauer@battelleecology.org","gchapman@neoninc.org",,
"1e41ed9e-eb03-4156-a518-46bf841ba111","SERC_063.phenology.phe","D02","SERC","SERC_063","2019-11-13","2018-11-09","NEON.PLA.D02.SERC.06567","Individual","Full shade","Live",2.2,130.0,2.4,2.2,,,3.8,,"NEON.DOC.014040vL","knauer@battelleecology.org","gchapman@neoninc.org",,
"0e640d5b-5f21-4b1a-82b4-7fd5d5413404","SERC_063.phenology.phe","D02","SERC","SERC_063","2019-11-13","2019-11-06","NEON.PLA.D02.SERC.06163","Individual","Full shade","Live, physically damaged",2.8,130.0,3.4,2.3,,,1.7,,"NEON.DOC.014040vL","knauer@battelleecology.org","gchapman@neoninc.org","Crown and bole damage due to windthrow",
"d1bd9234-75e6-4edb-8e18-c6d01e8deac6","SERC_063.phenology.phe","D02","SERC","SERC_063","2019-11-13","2018-11-14","NEON.PLA.D02.SERC.06572","Individual","Full shade","Live",1.8,130.0,1.9,1.7,,,3.2,,"NEON.DOC.014040vL","knauer@battelleecology.org","gchapman@neoninc.org",,
"a4430301-9f34-40e2-8084-3dbe79c72c91","SERC_063.phenology.phe","D02","SERC","SERC_063","2019-11-13","2018-02-16","NEON.PLA.D02.SERC.06525","Individual","Mostly shaded","Live",17.0,130.0,7.0,4.9,,,11.2,,"NEON.DOC.014040vL","knauer@battelleecology.org","gchapman@neoninc.org",,
"77cb95c4-ca24-4691-86ef-c3e54e51dca7","SERC_063.phenology.phe","D02","SERC","SERC_063","2019-11-13","2018-11-28","NEON.PLA.D02.SERC.06599","Individual","Mostly shaded","Live",11.5,130.0,7.0,6.3,,,9.4,,"NEON.DOC.014040vL","knauer@battelleecology.org","gchapman@neoninc.org",,
"2a897a5b-491d-4659-b780-7f932e384f5f","SERC_063.phenology.phe","D02","SERC","SERC_063","2019-11-13","2018-11-28","NEON.PLA.D02.SERC.06597","Individual","Mostly shaded","Live",23.0,130.0,9.2,8.7,,,17.0,,"NEON.DOC.014040vL","knauer@battelleecology.org","gchapman@neoninc.org",,
"c6e5dc3f-0e88-4688-9f6e-9c3fe50e3bc1","SERC_063.phenology.phe","D02","SERC","SERC_063","2019-11-13","2019-08-21","NEON.PLA.D02.SERC.06681","Individual","Full shade","Live",2.3,130.0,2.8,1.9,,,4.6,,"NEON.DOC.014040vL","knauer@battelleecology.org","gchapman@neoninc.org",,
"7dba0c90-3253-46c7-b9de-5c8b6620b4da","SERC_063.phenology.phe","D02","SERC","SERC_063","2019-11-13","2019-11-06","NEON.PLA.D02.SERC.06547","Individual","Full shade","Live",1.8,130.0,1.8,1.2,,,4.0,,"NEON.DOC.014040vL","knauer@battelleecology.org","gchapman@neoninc.org",,
"716480f6-63e2-4b98-9adf-fcff7028101b","SERC_063.phenology.phe","D02","SERC","SERC_063","2019-11-13","2018-11-28","NEON.PLA.D02.SERC.06549","Individual","Mostly shaded","Live",36.2,130.0,11.5,9.0,,,20.2,,"NEON.DOC.014040vL","knauer@battelleecology.org","gchapman@neoninc.org",,
"67c9d5d2-d79d-42af-9f9b-e64fc77f36ff","SERC_063.phenology.phe","D02","SERC","SERC_063","2019-11-13","2018-02-12","NEON.PLA.D02.SERC.06556","Individual","Mostly shaded","Live",38.3,130.0,9.1,8.8,,,21.2,,"NEON.DOC.014040vL","knauer@battelleecology.org","gchapman@neoninc.org",,
"1fec1c8f-83c8-4627-a38b-008485aaa1de","SERC_063.phenology.phe","D02","SERC","SERC_063","2019-11-13","2018-11-28","NEON.PLA.D02.SERC.06523","Individual","Mostly shaded","Live",16.0,130.0,6.3,5.6,,,12.1,,"NEON.DOC.014040vL","knauer@battelleecology.org","gchapman@neoninc.org",,
"8053be0b-792c-430d-a416-eabb178cf4ef","SERC_063.phenology.phe","D02","SERC","SERC_063","2019-11-13","2018-11-28","NEON.PLA.D02.SERC.06582","Individual","Mostly shaded","Live",26.3,130.0,8.0,7.1,,,14.8,,"NEON.DOC.014040vL","knauer@battelleecology.org","gchapman@neoninc.org",,
"bcc1a47b-d52b-465a-b8b1-598fe7926ad6","SERC_063.phenology.phe","D02","SERC","SERC_063","2019-11-13","2018-11-28","NEON.PLA.D02.SERC.06592","Individual","Full shade","Live",5.4,130.0,4.0,3.6,,,5.3,,"NEON.DOC.014040vL","knauer@battelleecology.org","gchapman@neoninc.org",,
"08c87137-7e93-4684-84f9-8c29f9f32f45","SERC_063.phenology.phe","D02","SERC","SERC_063","2019-11-13","2019-10-31","NEON.PLA.D02.SERC.06182","Individual","Full shade","Live",1.2,130.0,1.5,1.2,,,2.5,,"NEON.DOC.014040vL","knauer@battelleecology.org","gchapman@neoninc.org",,
"1f1af719-82ac-4d2b-a4db-27123836ba58","SERC_063.phenology.phe","D02","SERC","SERC_063","2019-11-13","2018-11-21","NEON.PLA.D02.SERC.06154","Individual","Mostly shaded","Live",5.2,130.0,3.2,2.9,,,7.7,,"NEON.DOC.014040vL","knauer@battelleecology.org","gchapman@neoninc.org",,
"9206cf72-041a-4a2c-ae51-04290ed6a14b","SERC_063.phenology.phe","D02","SERC","SERC_063","2019-11-13","2018-11-09","NEON.PLA.D02.SERC.06538","Individual","Full shade","Live",2.5,130.0,2.6,1.8,,,4.5,,"NEON.DOC.014040vL","knauer@battelleecology.org","gchapman@neoninc.org",,
"75d79e5e-de86-4d47-a09c-8d8e4d4b6c70","SERC_063.phenology.phe","D02","SERC","SERC_063","2019-11-13","2018-02-16","NEON.PLA.D02.SERC.06526","Individual","Full shade","Live",24.3,130.0,7.8,6.9,,,18.2,,"NEON.DOC.014040vL","knauer@battelleecology.org","gchapman@neoninc.org",,
"50cf04a8-59d1-4409-a2f0-c34e7663ed03","SERC_063.phenology.phe","D02","SERC","SERC_063","2019-11-13","2018-11-14","NEON.PLA.D02.SERC.06152","Individual","Partially shaded","Live",33.7,130.0,8.8,6.8,,,26.6,,"NEON.DOC.014040vL","knauer@battelleecology.org","gchapman@neoninc.org",,
"e1ad377c-2833-4215-9a28-a7836a65490d","SERC_063.phenology.phe","D02","SERC","SERC_063","2019-11-13","2018-11-28","NEON.PLA.D02.SERC.06548","Individual","Partially shaded","Live",42.5,130.0,7.5,7.4,,,23.8,,"NEON.DOC.014040vL","knauer@battelleecology.org","gchapman@neoninc.org",,
"97c832f8-d969-408f-9d3e-12b5d9acf375","SERC_063.phenology.phe","D02","SERC","SERC_063","2019-11-13","2018-11-28","NEON.PLA.D02.SERC.06540","Individual","Partially shaded","Live",23.4,130.0,7.3,4.9,,,16.6,,"NEON.DOC.014040vL","knauer@battelleecology.org","gchapman@neoninc.org",,
"b56047f7-250b-4d5a-962d-dec58c1820c8","SERC_063.phenology.phe","D02","SERC","SERC_063","2019-11-13","2019-11-06","NEON.PLA.D02.SERC.06566","Individual","Mostly shaded","Live",2.0,130.0,2.5,2.4,,,3.1,,"NEON.DOC.014040vL","knauer@battelleecology.org","gchapman@neoninc.org",,
"e235bf03-8edb-4658-8d9b-0e693d84d6c3","SERC_063.phenology.phe","D02","SERC","SERC_063","2019-11-13","2018-11-14","NEON.PLA.D02.SERC.06259","Individual","Full shade","Live",1.3,130.0,1.6,1.4,,,2.8,,"NEON.DOC.014040vL","knauer@battelleecology.org","gchapman@neoninc.org",,
"1dc0e9cc-5574-48e6-ac8d-bf812cdfc7cd","SERC_063.phenology.phe","D02","SERC","SERC_063","2019-11-13","2018-11-14","NEON.PLA.D02.SERC.06558","Individual","Full shade","Live",1.9,130.0,2.6,2.1,,,2.7,,"NEON.DOC.014040vL","knauer@battelleecology.org","gchapman@neoninc.org",,
"00b0ac16-998b-4a4e-851a-e0ae6f05caa7","SERC_063.phenology.phe","D02","SERC","SERC_063","2019-11-13","2019-11-06","NEON.PLA.D02.SERC.06551","Individual","Full shade","Live",1.5,130.0,1.6,1.3,,,3.0,,"NEON.DOC.014040vL","knauer@battelleecology.org","gchapman@neoninc.org",,
"1adf2dab-25e7-4ab0-8202-cbb85106b0b6","SERC_063.phenology.phe","D02","SERC","SERC_063","2019-11-13","2018-11-09","NEON.PLA.D02.SERC.06162","Individual","Full shade","Live",1.4,130.0,1.7,1.0,,,2.9,,"NEON.DOC.014040vL","knauer@battelleecology.org","gchapman@neoninc.org",,
"75c91c99-c64c-4eb1-95e5-cfad1dcebc01","SERC_063.phenology.phe","D02","SERC","SERC_063","2019-11-13","2018-02-12","NEON.PLA.D02.SERC.06593","Individual","Mostly shaded","Live",27.5,130.0,10.3,8.1,,,21.2,,"NEON.DOC.014040vL","knauer@battelleecology.org","gchapman@neoninc.org",,
"ef9a240e-6cde-4153-9358-02c5237f8d57","SERC_063.phenology.phe","D02","SERC","SERC_063","2019-11-13","2018-11-28","NEON.PLA.D02.SERC.06276","Individual","Mostly shaded","Live",9.0,130.0,3.5,2.3,,,11.9,,"NEON.DOC.014040vL","knauer@battelleecology.org","gchapman@neoninc.org",,
"625c749f-1ba1-4845-aaa6-d3a90eec59b2","SERC_063.phenology.phe","D02","SERC","SERC_063","2019-11-13","2019-10-31","NEON.PLA.D02.SERC.06164","Individual","Full shade","Live",1.1,130.0,1.3,1.2,,,2.0,,"NEON.DOC.014040vL","knauer@battelleecology.org","gchapman@neoninc.org",,
"06b5f168-001b-45b6-ae4b-7643beeb3795","SERC_063.phenology.phe","D02","SERC","SERC_063","2019-11-13","2019-10-21","NEON.PLA.D02.SERC.06563","Individual","Full shade","Live, other damage",1.3,130.0,2.1,1.3,,,2.4,,"NEON.DOC.014040vL","knauer@battelleecology.org","gchapman@neoninc.org","Canopy dieback; unknown cause",
"94550ecf-a275-4f02-84d0-8b0f6543f3ae","SERC_063.phenology.phe","D02","SERC","SERC_063","2019-11-13","2018-02-16","NEON.PLA.D02.SERC.06261","Individual","Full shade","Live",19.4,130.0,8.1,6.1,,,14.7,,"NEON.DOC.014040vL","knauer@battelleecology.org","gchapman@neoninc.org",,
"a7957252-6e4c-4dbc-976a-89236cc74f9c","SERC_063.phenology.phe","D02","SERC","SERC_063","2019-11-13","2018-11-14","NEON.PLA.D02.SERC.06589","Individual","Partially shaded","Live",41.6,130.0,8.4,7.9,,,25.2,,"NEON.DOC.014040vL","knauer@battelleecology.org","gchapman@neoninc.org",,
"68578b9a-ba6c-43ba-a291-7349e5bb5eca","SERC_063.phenology.phe","D02","SERC","SERC_063","2019-11-13","2018-11-28","NEON.PLA.D02.SERC.06571","Individual","Partially shaded","Live",24.4,130.0,5.1,3.8,,,19.6,,"NEON.DOC.014040vL","knauer@battelleecology.org","gchapman@neoninc.org",,
"1ebd90eb-e86a-4e2a-9e1a-bf86986858ae","SERC_072.phenology.phe","D02","SERC","SERC_072","2019-11-13","2019-02-26","NEON.PLA.D02.SERC.06026","Individual","Full sun","Live",84.9,130.0,15.2,13.9,,,35.0,,"NEON.DOC.014040vL","knauer@battelleecology.org","gchapman@neoninc.org",,
"6ee40166-b33c-406a-be98-e5b47b217cf9","SERC_063.phenology.phe","D02","SERC","SERC_063","2019-11-13","2018-11-28","NEON.PLA.D02.SERC.06585","Individual","Partially shaded","Live",9.4,130.0,3.0,2.6,,,14.0,,"NEON.DOC.014040vL","knauer@battelleecology.org","gchapman@neoninc.org",,
"13653791-b5e3-4688-a317-f521922c5636","SERC_072.phenology.phe","D02","SERC","SERC_072","2019-11-13","2019-02-26","NEON.PLA.D02.SERC.06027","Individual","Full sun","Live",107.9,130.0,16.1,10.5,,,39.0,,"NEON.DOC.014040vL","knauer@battelleecology.org","gchapman@neoninc.org",,
"7446522f-368c-4a4a-8030-b226774c159b","SERC_063.phenology.phe","D02","SERC","SERC_063","2019-11-13","2018-02-16","NEON.PLA.D02.SERC.06524","Individual","Partially shaded","Live",29.5,130.0,8.4,7.6,,,15.9,,"NEON.DOC.014040vL","knauer@battelleecology.org","gchapman@neoninc.org",,
"bf1028a3-b4b8-4c86-bcaa-2d304073ce4e","SERC_063.phenology.phe","D02","SERC","SERC_063","2019-11-13","2018-11-28","NEON.PLA.D02.SERC.06590","Individual","Full shade","Live",10.1,130.0,3.9,3.8,,,7.8,,"NEON.DOC.014040vL","knauer@battelleecology.org","gchapman@neoninc.org",,
"1b43e25e-f594-4b9b-b5de-a1b219bc15f0","SERC_063.phenology.phe","D02","SERC","SERC_063","2019-11-13","2018-11-09","NEON.PLA.D02.SERC.06541","Individual","Full shade","Live, other damage",1.5,130.0,2.0,1.2,,,3.0,,"NEON.DOC.014040vL","knauer@battelleecology.org","gchapman@neoninc.org","Canopy dieback; unknown cause",
"7d903554-d890-44ed-8bd6-3bb857d4fdc8","SERC_063.phenology.phe","D02","SERC","SERC_063","2019-11-13","2018-02-12","NEON.PLA.D02.SERC.06595","Individual","Full sun","Live",40.8,130.0,10.9,9.4,,,25.6,,"NEON.DOC.014040vL","knauer@battelleecology.org","gchapman@neoninc.org",,
"2cec2d63-fe6d-41cf-9c46-5278faebc788","SERC_063.phenology.phe","D02","SERC","SERC_063","2019-11-13","2018-11-28","NEON.PLA.D02.SERC.06552","Individual","Mostly shaded","Live",22.2,130.0,7.8,7.3,,,16.1,,"NEON.DOC.014040vL","knauer@battelleecology.org","gchapman@neoninc.org",,
"33561273-857b-4456-ab47-028aa550f538","SERC_063.phenology.phe","D02","SERC","SERC_063","2019-11-13","2019-11-06","NEON.PLA.D02.SERC.06535","Individual","Full shade","Live",1.8,130.0,2.9,2.8,,,2.2,,"NEON.DOC.014040vL","knauer@battelleecology.org","gchapman@neoninc.org","New bole is largest",
"225e75ce-eddc-4567-80d4-fa5fca832683","SERC_063.phenology.phe","D02","SERC","SERC_063","2019-11-13","2018-02-12","NEON.PLA.D02.SERC.06587","Individual","Mostly shaded","Live",28.3,130.0,9.7,8.1,,,15.8,,"NEON.DOC.014040vL","knauer@battelleecology.org","gchapman@neoninc.org",,
"e81f7c01-f7b2-4ef9-9a02-9d5251d50c83","SERC_063.phenology.phe","D02","SERC","SERC_063","2019-11-13","2019-11-06","NEON.PLA.D02.SERC.06260","Individual","Full shade","Live",1.9,130.0,3.0,1.6,,,2.6,,"NEON.DOC.014040vL","knauer@battelleecology.org","gchapman@neoninc.org",,
"02947264-2b1d-4dbb-90e4-fbd3ae3499a7","SERC_063.phenology.phe","D02","SERC","SERC_063","2019-11-13","2018-11-28","NEON.PLA.D02.SERC.06586","Individual","Mostly shaded","Live",19.6,130.0,8.0,6.6,,,11.5,,"NEON.DOC.014040vL","knauer@battelleecology.org","gchapman@neoninc.org",,
"3d24779b-c891-42f0-8efb-e2ae16602dc4","SERC_063.phenology.phe","D02","SERC","SERC_063","2019-11-13","2018-11-28","NEON.PLA.D02.SERC.06159","Individual","Partially shaded","Live",20.3,130.0,5.4,4.2,,,18.6,,"NEON.DOC.014040vL","knauer@battelleecology.org","gchapman@neoninc.org",,
"640f5062-10f0-4349-afc1-5c84316914b0","SERC_063.phenology.phe","D02","SERC","SERC_063","2019-11-13","2018-11-28","NEON.PLA.D02.SERC.06555","Individual","Full shade","Live",9.1,130.0,6.2,5.8,,,7.6,,"NEON.DOC.014040vL","knauer@battelleecology.org","gchapman@neoninc.org",,
"73596485-88ae-48b7-be4b-4d44d287b65f","SERC_072.phenology.phe","D02","SERC","SERC_072","2019-11-13","2019-02-26","NEON.PLA.D02.SERC.06024","Individual","Partially shaded","Live",69.2,130.0,16.3,14.0,,,33.8,,"NEON.DOC.014040vL","knauer@battelleecology.org","gchapman@neoninc.org",,
"970fb0b3-a9f9-40ed-a0ed-7a68c93b39ce","SERC_063.phenology.phe","D02","SERC","SERC_063","2019-11-13","2018-02-12","NEON.PLA.D02.SERC.06588","Individual","Mostly shaded","Live",32.5,130.0,10.4,8.1,,,19.9,,"NEON.DOC.014040vL","knauer@battelleecology.org","gchapman@neoninc.org",,
"207b90c2-0f72-4b95-9396-8b63b0a29050","SERC_063.phenology.phe","D02","SERC","SERC_063","2019-11-13","2018-02-12","NEON.PLA.D02.SERC.06591","Individual","Full shade","Live",21.0,130.0,8.7,8.5,,,17.6,,"NEON.DOC.014040vL","knauer@battelleecology.org","gchapman@neoninc.org",,
"3238ab9f-e75f-404f-95a2-deb4521a3aba","SERC_063.phenology.phe","D02","SERC","SERC_063","2019-11-13","2018-11-14","NEON.PLA.D02.SERC.06530","Individual","Full sun","Live",51.1,130.0,7.3,5.4,,,33.3,,"NEON.DOC.014040vL","knauer@battelleecology.org","gchapman@neoninc.org",,
"8f3949e5-cfd1-4caf-aa8f-0c37d45f38c6","SERC_072.phenology.phe","D02","SERC","SERC_072","2019-11-13","2019-02-26","NEON.PLA.D02.SERC.06025","Individual","Partially shaded","Live",74.0,130.0,18.6,13.3,,,33.2,,"NEON.DOC.014040vL","knauer@battelleecology.org","gchapman@neoninc.org",,
"a37ab417-90ce-4e0c-829b-a8e6b7d7ff34","SERC_063.phenology.phe","D02","SERC","SERC_063","2019-11-13","2018-11-14","NEON.PLA.D02.SERC.06598","Individual","Full sun","Live",29.2,130.0,6.5,5.9,,,21.3,,"NEON.DOC.014040vL","knauer@battelleecology.org","gchapman@neoninc.org",,
"3c9f15d5-e5a8-4e39-a775-b97e207848a3","SERC_063.phenology.phe","D02","SERC","SERC_063","2019-11-13","2018-11-21","NEON.PLA.D02.SERC.06544","Individual","Partially shaded","Live",13.2,130.0,3.2,2.7,,,15.7,,"NEON.DOC.014040vL","knauer@battelleecology.org","gchapman@neoninc.org",,
"ac017d3a-265a-45b2-a061-fdd0b8c064ec","SERC_063.phenology.phe","D02","SERC","SERC_063","2019-11-13","2019-04-01","NEON.PLA.D02.SERC.06683","Individual","Full shade","Live",1.9,130.0,1.7,1.3,,,3.2,,"NEON.DOC.014040vL","knauer@battelleecology.org","gchapman@neoninc.org",,
