uid,namedLocation,domainID,siteID,plotID,date,editedDate,dayOfYear,individualID,phenophaseName,phenophaseStatus,phenophaseIntensityDefinition,phenophaseIntensity,samplingProtocolVersion,measuredBy,recordedBy,remarks,dataQF
"8bc0ee0d-9d91-4227-8c6b-e091d62ac8bb","SCBI_060.phenology.phe","D02","SCBI","SCBI_060","2017-02-24","2017-04-03",55,"NEON.PLA.D02.SCBI.06139","Falling leaves","no",,,,"gchapman@neoninc.org","llemmon@neoninc.org",,"legacyData"
"63e9301a-8183-4feb-bf02-26c2e86a1919","SCBI_060.phenology.phe","D02","SCBI","SCBI_060","2017-02-24","2017-04-03",55,"NEON.PLA.D02.SCBI.06074","Falling leaves","no",,,,"gchapman@neoninc.org","llemmon@neoninc.org",,"legacyData"
"db42bc55-88a9-47da-882e-2ac7d8091291","SCBI_060.phenology.phe","D02","SCBI","SCBI_060","2017-02-24","2017-04-03",55,"NEON.PLA.D02.SCBI.06106","Increasing leaf size","no",,,,"gchapman@neoninc.org","llemmon@neoninc.org",,"legacyData"
"d4e2f720-812c-4e8c-8f11-341e54b0b116","SCBI_060.phenology.phe","D02","SCBI","SCBI_060","2017-02-24","2017-04-03",55,"NEON.PLA.D02.SCBI.06106","Leaves","no",,,,"gchapman@neoninc.org","llemmon@neoninc.org",,"legacyData"
"3e393ea7-4c4a-4455-93ba-6b939f8ed6e1","SCBI_060.phenology.phe","D02","SCBI","SCBI_060","2017-02-24","2017-04-03",55,"NEON.PLA.D02.SCBI.06076","Open flowers","no",,,,"gchapman@neoninc.org","llemmon@neoninc.org",,"legacyData"
"800de9c6-e642-4571-9a3f-5c7b34d2765f","SCBI_060.phenology.phe","D02","SCBI","SCBI_060","2017-02-24","2017-04-03",55,"NEON.PLA.D02.SCBI.06075","Breaking leaf buds","no",,,,"gchapman@neoninc.org","llemmon@neoninc.org",,"legacyData"
"bb12d897-2c17-408b-a20e-176c3f0ccc79","SCBI_060.phenology.phe","D02","SCBI","SCBI_060","2017-02-24","2017-04-03",55,"NEON.PLA.D02.SCBI.06131","Colored leaves","no",,,,"gchapman@neoninc.org","llemmon@neoninc.org",,"legacyData"
"fd1af0c6-a234-4d38-aa2e-5cfc2840cd10","SCBI_060.phenology.phe","D02","SCBI","SCBI_060","2017-02-24","2017-04-03",55,"NEON.PLA.D02.SCBI.06149","Initial growth","no",,,,"gchapman@neoninc.org","llemmon@neoninc.org",,"legacyData"
"223dceba-d5e3-4689-84a9-81074f63e53d","SCBI_060.phenology.phe","D02","SCBI","SCBI_060","2017-02-24","2017-04-03",55,"NEON.PLA.D02.SCBI.06085","Leaves","no",,,,"gchapman@neoninc.org","llemmon@neoninc.org",,"legacyData"
"2fac2ffe-d7f1-42de-9a1b-c6914ba7697c","SCBI_060.phenology.phe","D02","SCBI","SCBI_060","2017-02-24","2017-04-03",55,"NEON.PLA.D02.SCBI.06073","Open flowers","no",,,,"gchapman@neoninc.org","llemmon@neoninc.org",,"legacyData"
"6c6964c6-e693-4b45-a88a-5672d8ed9865","SCBI_060.phenology.phe","D02","SCBI","SCBI_060","2017-02-24","2017-04-03",55,"NEON.PLA.D02.SCBI.06075","Colored leaves","no",,,,"gchapman@neoninc.org","llemmon@neoninc.org",,"legacyData"
"3d357f1a-63a4-4703-a1ab-7726692447ba","SCBI_060.phenology.phe","D02","SCBI","SCBI_060","2017-02-24","2017-04-03",55,"NEON.PLA.D02.SCBI.06086","Leaves","no",,,,"gchapman@neoninc.org","llemmon@neoninc.org",,"legacyData"
"3b566ef0-df82-49da-af7a-27e4da5c061f","SCBI_060.phenology.phe","D02","SCBI","SCBI_060","2017-02-24","2017-04-03",55,"NEON.PLA.D02.SCBI.06069","Breaking leaf buds","no",,,,"gchapman@neoninc.org","llemmon@neoninc.org",,"legacyData"
"d3e5a2b6-e172-414e-b539-32aeebd0c856","SCBI_060.phenology.phe","D02","SCBI","SCBI_060","2017-02-24","2017-04-03",55,"NEON.PLA.D02.SCBI.06105","Leaves","no",,,,"gchapman@neoninc.org","llemmon@neoninc.org",,"legacyData"
"40eb3b78-3f95-49e8-b584-f9a4ebadbb8f","SCBI_060.phenology.phe","D02","SCBI","SCBI_060","2017-02-24","2017-04-03",55,"NEON.PLA.D02.SCBI.06105","Increasing leaf size","no",,,,"gchapman@neoninc.org","llemmon@neoninc.org",,"legacyData"
"52e374e7-087f-4169-b1ff-bc2b90e83f70","SCBI_060.phenology.phe","D02","SCBI","SCBI_060","2017-02-24","2017-04-03",55,"NEON.PLA.D02.SCBI.06131","Open flowers","no",,,,"gchapman@neoninc.org","llemmon@neoninc.org",,"legacyData"
"40ebd874-fed8-4393-a9cb-e0a808a347a7","SCBI_060.phenology.phe","D02","SCBI","SCBI_060","2017-02-24","2017-04-03",55,"NEON.PLA.D02.SCBI.06137","Initial growth","no",,,,"gchapman@neoninc.org","llemmon@neoninc.org",,"legacyData"
"99490d73-a6be-448d-941e-63a6c6bbd0f8","SCBI_060.phenology.phe","D02","SCBI","SCBI_060","2017-02-24","2017-04-03",55,"NEON.PLA.D02.SCBI.06106","Colored leaves","no",,,,"gchapman@neoninc.org","llemmon@neoninc.org",,"legacyData"
"1425f94c-ac39-4778-86f1-2b5df0a59fb3","SCBI_060.phenology.phe","D02","SCBI","SCBI_060","2017-02-24","2017-04-03",55,"NEON.PLA.D02.SCBI.06137","Leaves","no",,,,"gchapman@neoninc.org","llemmon@neoninc.org",,"legacyData"
"39d3369b-9e2c-4ff1-aab1-1ee8bbbf6e48","SCBI_060.phenology.phe","D02","SCBI","SCBI_060","2017-02-24","2017-04-03",55,"NEON.PLA.D02.SCBI.06079","Open flowers","no",,,,"gchapman@neoninc.org","llemmon@neoninc.org",,"legacyData"
"62288826-6f45-4942-a680-ab4819a7db13","SCBI_060.phenology.phe","D02","SCBI","SCBI_060","2017-02-24","2017-04-03",55,"NEON.PLA.D02.SCBI.06131","Leaves","no",,,,"gchapman@neoninc.org","llemmon@neoninc.org",,"legacyData"
"db6ddfe0-a9b1-4e55-8df0-71843c09d21b","SCBI_060.phenology.phe","D02","SCBI","SCBI_060","2017-02-24","2017-04-03",55,"NEON.PLA.D02.SCBI.06149","Open flowers","no",,,,"gchapman@neoninc.org","llemmon@neoninc.org",,"legacyData"
"d099cd34-76ae-433c-bb7f-0c55e2463233","SCBI_060.phenology.phe","D02","SCBI","SCBI_060","2017-02-24","2017-04-03",55,"NEON.PLA.D02.SCBI.06134","Initial growth","no",,,,"gchapman@neoninc.org","llemmon@neoninc.org",,"legacyData"
"0ca43f6e-967c-4ce5-9e18-326a8ef1dfe6","SCBI_060.phenology.phe","D02","SCBI","SCBI_060","2017-02-24","2017-04-03",55,"NEON.PLA.D02.SCBI.06086","Breaking leaf buds","no",,,,"gchapman@neoninc.org","llemmon@neoninc.org",,"legacyData"
"0bf88430-fae3-4b81-abaf-0517906557d3","SCBI_060.phenology.phe","D02","SCBI","SCBI_060","2017-02-24","2017-04-03",55,"NEON.PLA.D02.SCBI.06084","Initial growth","no",,,,"gchapman@neoninc.org","llemmon@neoninc.org",,"legacyData"
"397b43d9-660f-45f6-9e5f-65873b2ad6af","SCBI_060.phenology.phe","D02","SCBI","SCBI_060","2017-02-24","2017-04-03",55,"NEON.PLA.D02.SCBI.06085","Open flowers","no",,,,"gchapman@neoninc.org","llemmon@neoninc.org",,"legacyData"
"0a323a42-39ef-44fb-995c-4f9d677eeaff","SCBI_060.phenology.phe","D02","SCBI","SCBI_060","2017-02-24","2017-04-03",55,"NEON.PLA.D02.SCBI.06134","Open flowers","no",,,,"gchapman@neoninc.org","llemmon@neoninc.org",,"legacyData"
"3be193dc-2f41-4518-a376-3f12b260ae96","SCBI_060.phenology.phe","D02","SCBI","SCBI_060","2017-02-24","2017-04-03",55,"NEON.PLA.D02.SCBI.06084","Leaves","no",,,,"gchapman@neoninc.org","llemmon@neoninc.org",,"legacyData"
"93e2a5dc-473a-4b75-b965-b4f3a606f49f","SCBI_060.phenology.phe","D02","SCBI","SCBI_060","2017-02-24","2017-04-03",55,"NEON.PLA.D02.SCBI.06134","Leaves","no",,,,"gchapman@neoninc.org","llemmon@neoninc.org",,"legacyData"
"3d10f6e1-1ba0-4414-ab6f-d85a94cb2d3b","SCBI_060.phenology.phe","D02","SCBI","SCBI_060","2017-02-24","2017-04-03",55,"NEON.PLA.D02.SCBI.06083","Initial growth","no",,,,"gchapman@neoninc.org","llemmon@neoninc.org",,"legacyData"
"dab7d494-71de-4e37-a158-24924951011c","SCBI_060.phenology.phe","D02","SCBI","SCBI_060","2017-02-24","2017-04-03",55,"NEON.PLA.D02.SCBI.06086","Colored leaves","no",,,,"gchapman@neoninc.org","llemmon@neoninc.org",,"legacyData"
"2b031b14-589d-4998-a58a-2d36f4ae431a","SCBI_060.phenology.phe","D02","SCBI","SCBI_060","2017-02-24","2017-04-03",55,"NEON.PLA.D02.SCBI.06106","Breaking leaf buds","no",,,,"gchapman@neoninc.org","llemmon@neoninc.org",,"legacyData"
"23c70be9-e177-42fe-9be3-c89e1aa7c85f","SCBI_060.phenology.phe","D02","SCBI","SCBI_060","2017-02-24","2017-04-03",55,"NEON.PLA.D02.SCBI.06085","Colored leaves","no",,,,"gchapman@neoninc.org","llemmon@neoninc.org",,"legacyData"
"1b518c4b-a199-48ba-8c71-47501198475f","SCBI_060.phenology.phe","D02","SCBI","SCBI_060","2017-02-24","2017-04-03",55,"NEON.PLA.D02.SCBI.06131","Increasing leaf size","no",,,,"gchapman@neoninc.org","llemmon@neoninc.org",,"legacyData"
"312d8249-a77c-4a81-8e02-fb1194c264b5","SCBI_060.phenology.phe","D02","SCBI","SCBI_060","2017-02-24","2017-04-03",55,"NEON.PLA.D02.SCBI.06149","Leaves","no",,,,"gchapman@neoninc.org","llemmon@neoninc.org",,"legacyData"
"f1a72bfb-73ee-475f-992c-136c3f4d7927","SCBI_060.phenology.phe","D02","SCBI","SCBI_060","2017-02-24","2017-04-03",55,"NEON.PLA.D02.SCBI.06085","Breaking leaf buds","no",,,,"gchapman@neoninc.org","llemmon@neoninc.org",,"legacyData"
"c93bdb88-91c4-43e8-a957-237b3722d5bf","SCBI_060.phenology.phe","D02","SCBI","SCBI_060","2017-02-24","2017-04-03",55,"NEON.PLA.D02.SCBI.06085","Increasing leaf size","no",,,,"gchapman@neoninc.org","llemmon@neoninc.org",,"legacyData"
"73652bfd-523b-4c22-bd39-492c93678e5c","SCBI_060.phenology.phe","D02","SCBI","SCBI_060","2017-02-24","2017-04-03",55,"NEON.PLA.D02.SCBI.06086","Falling leaves","no",,,,"gchapman@neoninc.org","llemmon@neoninc.org",,"legacyData"
"02a2efc6-9d29-473a-a285-86ec36fe5f55","SCBI_060.phenology.phe","D02","SCBI","SCBI_060","2017-02-24","2017-04-03",55,"NEON.PLA.D02.SCBI.06105","Falling leaves","no",,,,"gchapman@neoninc.org","llemmon@neoninc.org",,"legacyData"
"3a9d8364-212b-461b-930a-3bdc2840d971","SCBI_060.phenology.phe","D02","SCBI","SCBI_060","2017-02-24","2017-04-03",55,"NEON.PLA.D02.SCBI.06108","Breaking leaf buds","no",,,,"gchapman@neoninc.org","llemmon@neoninc.org",,"legacyData"
"cd64a5c4-d166-4d7e-bc21-6800f0c0503e","SCBI_060.phenology.phe","D02","SCBI","SCBI_060","2017-02-24","2017-04-03",55,"NEON.PLA.D02.SCBI.06108","Leaves","no",,,,"gchapman@neoninc.org","llemmon@neoninc.org",,"legacyData"
"c061732c-2179-4931-b507-ea3b46372592","SCBI_060.phenology.phe","D02","SCBI","SCBI_060","2017-02-24","2017-04-03",55,"NEON.PLA.D02.SCBI.06114","Falling leaves","no",,,,"gchapman@neoninc.org","llemmon@neoninc.org",,"legacyData"
"819abdd9-8c6a-4f38-b33c-e5d4dd683dc0","SCBI_060.phenology.phe","D02","SCBI","SCBI_060","2017-02-24","2017-04-03",55,"NEON.PLA.D02.SCBI.06105","Breaking leaf buds","no",,,,"gchapman@neoninc.org","llemmon@neoninc.org",,"legacyData"
"941351c0-c9d5-438f-bcae-cf29d07ba426","SCBI_060.phenology.phe","D02","SCBI","SCBI_060","2017-02-24","2017-04-03",55,"NEON.PLA.D02.SCBI.06081","Open flowers","no",,,,"gchapman@neoninc.org","llemmon@neoninc.org",,"legacyData"
"b342a097-8459-42d7-b6e5-dc6d73f1e7ea","SCBI_060.phenology.phe","D02","SCBI","SCBI_060","2017-02-24","2017-04-03",55,"NEON.PLA.D02.SCBI.06069","Falling leaves","no",,,,"gchapman@neoninc.org","llemmon@neoninc.org",,"legacyData"
"c6659288-73d4-4764-82a5-527c61987512","SCBI_060.phenology.phe","D02","SCBI","SCBI_060","2017-02-24","2017-04-03",55,"NEON.PLA.D02.SCBI.06113","Colored leaves","no",,,,"gchapman@neoninc.org","llemmon@neoninc.org",,"legacyData"
"c8eb73f2-e6a3-4839-90a7-5cf0744fa1c6","SCBI_060.phenology.phe","D02","SCBI","SCBI_060","2017-02-24","2017-04-03",55,"NEON.PLA.D02.SCBI.06138","Breaking leaf buds","no",,,,"gchapman@neoninc.org","llemmon@neoninc.org",,"legacyData"
"d19b6f94-b4b6-4354-b469-fa715c6c96e1","SCBI_060.phenology.phe","D02","SCBI","SCBI_060","2017-02-24","2017-04-03",55,"NEON.PLA.D02.SCBI.06138","Increasing leaf size","no",,,,"gchapman@neoninc.org","llemmon@neoninc.org",,"legacyData"
"c87efc58-6b88-4ca9-8a89-fc2bdf9c140d","SCBI_060.phenology.phe","D02","SCBI","SCBI_060","2017-02-24","2017-04-03",55,"NEON.PLA.D02.SCBI.06113","Increasing leaf size","no",,,,"gchapman@neoninc.org","llemmon@neoninc.org",,"legacyData"
"4841b0a2-6aed-41c9-9089-753636220fe0","SCBI_060.phenology.phe","D02","SCBI","SCBI_060","2017-02-24","2017-04-03",55,"NEON.PLA.D02.SCBI.06109","Falling leaves","no",,,,"gchapman@neoninc.org","llemmon@neoninc.org",,"legacyData"
"52eda327-38eb-46f0-bea2-be63777302e3","SCBI_060.phenology.phe","D02","SCBI","SCBI_060","2017-02-24","2017-04-03",55,"NEON.PLA.D02.SCBI.06114","Leaves","no",,,,"gchapman@neoninc.org","llemmon@neoninc.org",,"legacyData"
"368fec06-da22-41ee-b473-d5452b30cc22","SCBI_060.phenology.phe","D02","SCBI","SCBI_060","2017-02-24","2017-04-03",55,"NEON.PLA.D02.SCBI.06113","Falling leaves","no",,,,"gchapman@neoninc.org","llemmon@neoninc.org",,"legacyData"
"51988eab-f24e-44b2-a8f1-11d023cabc1c","SCBI_060.phenology.phe","D02","SCBI","SCBI_060","2017-02-24","2017-04-03",55,"NEON.PLA.D02.SCBI.06112","Leaves","no",,,,"gchapman@neoninc.org","llemmon@neoninc.org",,"legacyData"
"949a8a76-90e3-402e-88cd-b853e322b29a","SCBI_060.phenology.phe","D02","SCBI","SCBI_060","2017-02-24","2017-04-03",55,"NEON.PLA.D02.SCBI.06108","Increasing leaf size","no",,,,"gchapman@neoninc.org","llemmon@neoninc.org",,"legacyData"
"280e3db9-e12c-431c-84fb-826ff8b679d1","SCBI_060.phenology.phe","D02","SCBI","SCBI_060","2017-02-24","2017-04-03",55,"NEON.PLA.D02.SCBI.06066","Open flowers","no",,,,"gchapman@neoninc.org","llemmon@neoninc.org",,"legacyData"
"0e78da92-867f-487a-ac20-e24c70b70e82","SCBI_060.phenology.phe","D02","SCBI","SCBI_060","2017-02-24","2017-04-03",55,"NEON.PLA.D02.SCBI.06081","Initial growth","no",,,,"gchapman@neoninc.org","llemmon@neoninc.org",,"legacyData"
"22e62a5d-7471-4888-9677-728e08a7254d","SCBI_060.phenology.phe","D02","SCBI","SCBI_060","2017-02-24","2017-04-03",55,"NEON.PLA.D02.SCBI.06105","Open flowers","no",,,,"gchapman@neoninc.org","llemmon@neoninc.org",,"legacyData"
"220a03b1-62fa-4d81-a4cd-cb7352c603d3","SCBI_060.phenology.phe","D02","SCBI","SCBI_060","2017-02-24","2017-04-03",55,"NEON.PLA.D02.SCBI.06138","Falling leaves","no",,,,"gchapman@neoninc.org","llemmon@neoninc.org",,"legacyData"
"7fa07996-a4ca-4b75-bae2-b13ee1928fcf","SCBI_060.phenology.phe","D02","SCBI","SCBI_060","2017-02-24","2017-04-03",55,"NEON.PLA.D02.SCBI.06066","Breaking leaf buds","no",,,,"gchapman@neoninc.org","llemmon@neoninc.org",,"legacyData"
"70754f80-52af-463a-b211-c7cc89ed70c2","SCBI_060.phenology.phe","D02","SCBI","SCBI_060","2017-02-24","2017-04-03",55,"NEON.PLA.D02.SCBI.06106","Falling leaves","no",,,,"gchapman@neoninc.org","llemmon@neoninc.org",,"legacyData"
"b986c2ab-e113-4848-8cae-7eeabf08f725","SCBI_060.phenology.phe","D02","SCBI","SCBI_060","2017-02-24","2017-04-03",55,"NEON.PLA.D02.SCBI.06106","Open flowers","no",,,,"gchapman@neoninc.org","llemmon@neoninc.org",,"legacyData"
"5e920465-18cd-4fd4-b850-bbf075e2146d","SCBI_060.phenology.phe","D02","SCBI","SCBI_060","2017-02-24","2017-04-03",55,"NEON.PLA.D02.SCBI.06113","Breaking leaf buds","no",,,,"gchapman@neoninc.org","llemmon@neoninc.org",,"legacyData"
"0250561d-2be1-4291-b047-57c137663901","SCBI_060.phenology.phe","D02","SCBI","SCBI_060","2017-02-24","2017-04-03",55,"NEON.PLA.D02.SCBI.06138","Open flowers","no",,,,"gchapman@neoninc.org","llemmon@neoninc.org",,"legacyData"
"ff3e99ce-0482-4204-b80b-15fd3f48a11b","SCBI_060.phenology.phe","D02","SCBI","SCBI_060","2017-02-24","2017-04-03",55,"NEON.PLA.D02.SCBI.06131","Falling leaves","no",,,,"gchapman@neoninc.org","llemmon@neoninc.org",,"legacyData"
"6f2336c9-9396-4946-b327-2737573320d3","SCBI_060.phenology.phe","D02","SCBI","SCBI_060","2017-02-24","2017-04-03",55,"NEON.PLA.D02.SCBI.06112","Falling leaves","no",,,,"gchapman@neoninc.org","llemmon@neoninc.org",,"legacyData"
"d46b1212-d8ca-47e8-802c-950db3d54ea7","SCBI_060.phenology.phe","D02","SCBI","SCBI_060","2017-02-24","2017-04-03",55,"NEON.PLA.D02.SCBI.06108","Colored leaves","no",,,,"gchapman@neoninc.org","llemmon@neoninc.org",,"legacyData"
"a1c7be32-f3bb-4dd2-a1a7-7937bebfd758","SCBI_060.phenology.phe","D02","SCBI","SCBI_060","2017-02-24","2017-04-03",55,"NEON.PLA.D02.SCBI.06072","Falling leaves","no",,,,"gchapman@neoninc.org","llemmon@neoninc.org",,"legacyData"
"0f1002bc-f487-4c36-81c1-535990bbb46f","SCBI_060.phenology.phe","D02","SCBI","SCBI_060","2017-02-24","2017-04-03",55,"NEON.PLA.D02.SCBI.06109","Breaking leaf buds","no",,,,"gchapman@neoninc.org","llemmon@neoninc.org",,"legacyData"
"cb315b2a-a65f-429a-8396-8505a7e2967f","SCBI_060.phenology.phe","D02","SCBI","SCBI_060","2017-02-24","2017-04-03",55,"NEON.PLA.D02.SCBI.06077","Leaves","no",,,,"gchapman@neoninc.org","llemmon@neoninc.org",,"legacyData"
"68ce288b-be64-434c-a11f-071c3008222f","SCBI_060.phenology.phe","D02","SCBI","SCBI_060","2017-02-24","2017-04-03",55,"NEON.PLA.D02.SCBI.06114","Breaking leaf buds","no",,,,"gchapman@neoninc.org","llemmon@neoninc.org",,"legacyData"
"8324625a-d76d-4edb-8d10-d628c3857cd6","SCBI_060.phenology.phe","D02","SCBI","SCBI_060","2017-02-24","2017-04-03",55,"NEON.PLA.D02.SCBI.06078","Breaking leaf buds","no",,,,"gchapman@neoninc.org","llemmon@neoninc.org",,"legacyData"
"c5489a25-32d5-4cef-9404-d3844bd04aa6","SCBI_060.phenology.phe","D02","SCBI","SCBI_060","2017-02-24","2017-04-03",55,"NEON.PLA.D02.SCBI.06109","Increasing leaf size","no",,,,"gchapman@neoninc.org","llemmon@neoninc.org",,"legacyData"
"04adc974-57d7-4bdb-932a-70bffb988039","SCBI_060.phenology.phe","D02","SCBI","SCBI_060","2017-02-24","2017-04-03",55,"NEON.PLA.D02.SCBI.06084","Open flowers","no",,,,"gchapman@neoninc.org","llemmon@neoninc.org",,"legacyData"
"0ebc599f-a9cc-4b46-a62b-cb55186facb8","SCBI_060.phenology.phe","D02","SCBI","SCBI_060","2017-02-24","2017-04-03",55,"NEON.PLA.D02.SCBI.06074","Leaves","no",,,,"gchapman@neoninc.org","llemmon@neoninc.org",,"legacyData"
"cb4878da-b9e5-4de1-aa1a-4bf5ba0fe3d5","SCBI_060.phenology.phe","D02","SCBI","SCBI_060","2017-02-24","2017-04-03",55,"NEON.PLA.D02.SCBI.06071","Increasing leaf size","no",,,,"gchapman@neoninc.org","llemmon@neoninc.org",,"legacyData"
"813e3e4d-bc88-48b1-9cdf-d2a5afd54988","SCBI_060.phenology.phe","D02","SCBI","SCBI_060","2017-02-24","2017-04-03",55,"NEON.PLA.D02.SCBI.06072","Colored leaves","no",,,,"gchapman@neoninc.org","llemmon@neoninc.org",,"legacyData"
"8ff2fb25-a865-4e70-80a2-81f679889d99","SCBI_060.phenology.phe","D02","SCBI","SCBI_060","2017-02-24","2017-04-03",55,"NEON.PLA.D02.SCBI.06073","Colored leaves","no",,,,"gchapman@neoninc.org","llemmon@neoninc.org",,"legacyData"
"796a368f-9cfd-407f-888c-f97eb4bb9f12","SCBI_060.phenology.phe","D02","SCBI","SCBI_060","2017-02-24","2017-04-03",55,"NEON.PLA.D02.SCBI.06108","Open flowers","no",,,,"gchapman@neoninc.org","llemmon@neoninc.org",,"legacyData"
"08e685c1-c9de-4486-81ec-1f21e6660b18","SCBI_060.phenology.phe","D02","SCBI","SCBI_060","2017-02-24","2017-04-03",55,"NEON.PLA.D02.SCBI.06079","Increasing leaf size","no",,,,"gchapman@neoninc.org","llemmon@neoninc.org",,"legacyData"
"40b6dc86-f57a-4a2c-aae7-e7519a84d24f","SCBI_060.phenology.phe","D02","SCBI","SCBI_060","2017-02-24","2017-04-03",55,"NEON.PLA.D02.SCBI.06120","Increasing leaf size","no",,,,"gchapman@neoninc.org","llemmon@neoninc.org",,"legacyData"
"4254c748-19c6-4545-9af0-3ebbb5009e58","SCBI_060.phenology.phe","D02","SCBI","SCBI_060","2017-02-24","2017-04-03",55,"NEON.PLA.D02.SCBI.06068","Colored leaves","no",,,,"gchapman@neoninc.org","llemmon@neoninc.org",,"legacyData"
"5f9ba681-afde-411e-beb0-a3079d12447d","SCBI_060.phenology.phe","D02","SCBI","SCBI_060","2017-02-24","2017-04-03",55,"NEON.PLA.D02.SCBI.06138","Leaves","no",,,,"gchapman@neoninc.org","llemmon@neoninc.org",,"legacyData"
"d5183d7d-c24a-4313-af6b-031b44ca69f1","SCBI_060.phenology.phe","D02","SCBI","SCBI_060","2017-02-24","2017-04-03",55,"NEON.PLA.D02.SCBI.06114","Colored leaves","no",,,,"gchapman@neoninc.org","llemmon@neoninc.org",,"legacyData"
"620a84be-4f8e-4672-a84f-5a4853b2b994","SCBI_060.phenology.phe","D02","SCBI","SCBI_060","2017-02-24","2017-04-03",55,"NEON.PLA.D02.SCBI.06072","Breaking leaf buds","no",,,,"gchapman@neoninc.org","llemmon@neoninc.org",,"legacyData"
"c8d0dc7a-1ebb-44bb-add7-51d15cd4e7f8","SCBI_060.phenology.phe","D02","SCBI","SCBI_060","2017-02-24","2017-04-03",55,"NEON.PLA.D02.SCBI.06075","Leaves","no",,,,"gchapman@neoninc.org","llemmon@neoninc.org",,"legacyData"
"0a68054f-5d08-47ea-9117-a4ee02aecc75","SCBI_060.phenology.phe","D02","SCBI","SCBI_060","2017-02-24","2017-04-03",55,"NEON.PLA.D02.SCBI.06062","Falling leaves","no",,,,"gchapman@neoninc.org","llemmon@neoninc.org",,"legacyData"
"56954dc5-5e4d-42aa-a9c0-37c8947431ac","SCBI_060.phenology.phe","D02","SCBI","SCBI_060","2017-02-24","2017-04-03",55,"NEON.PLA.D02.SCBI.06112","Colored leaves","no",,,,"gchapman@neoninc.org","llemmon@neoninc.org",,"legacyData"
"6c49d125-b18f-4392-a9e1-f06e9f0624d9","SCBI_060.phenology.phe","D02","SCBI","SCBI_060","2017-02-24","2017-04-03",55,"NEON.PLA.D02.SCBI.06063","Initial growth","no",,,,"gchapman@neoninc.org","llemmon@neoninc.org",,"legacyData"
"82ccfd63-f3b8-49f5-88b6-d877c79147ad","SCBI_060.phenology.phe","D02","SCBI","SCBI_060","2017-02-24","2017-04-03",55,"NEON.PLA.D02.SCBI.06082","Initial growth","no",,,,"gchapman@neoninc.org","llemmon@neoninc.org",,"legacyData"
"2961c999-41ec-49b6-aff0-4b1e306e11ec","SCBI_060.phenology.phe","D02","SCBI","SCBI_060","2017-02-24","2017-04-03",55,"NEON.PLA.D02.SCBI.06109","Leaves","no",,,,"gchapman@neoninc.org","llemmon@neoninc.org",,"legacyData"
"a0fa8032-6ad0-4563-adea-77aaecba7cd2","SCBI_060.phenology.phe","D02","SCBI","SCBI_060","2017-02-24","2017-04-03",55,"NEON.PLA.D02.SCBI.06115","Open flowers","no",,,,"gchapman@neoninc.org","llemmon@neoninc.org",,"legacyData"
"f844ae83-a9d6-4d1f-b08f-c8a3335d9db3","SCBI_060.phenology.phe","D02","SCBI","SCBI_060","2017-02-24","2017-04-03",55,"NEON.PLA.D02.SCBI.06075","Open flowers","no",,,,"gchapman@neoninc.org","llemmon@neoninc.org",,"legacyData"
"a53bdf13-2c32-4fcb-b134-2872d6c2dd3d","SCBI_060.phenology.phe","D02","SCBI","SCBI_060","2017-02-24","2017-04-03",55,"NEON.PLA.D02.SCBI.06077","Falling leaves","no",,,,"gchapman@neoninc.org","llemmon@neoninc.org",,"legacyData"
"4a0159aa-5d80-4c2a-a77b-81a2975463bc","SCBI_060.phenology.phe","D02","SCBI","SCBI_060","2017-02-24","2017-04-03",55,"NEON.PLA.D02.SCBI.06068","Increasing leaf size","no",,,,"gchapman@neoninc.org","llemmon@neoninc.org",,"legacyData"
"d09bd137-1f75-4f51-b643-f91a3e87684a","SCBI_060.phenology.phe","D02","SCBI","SCBI_060","2017-02-24","2017-04-03",55,"NEON.PLA.D02.SCBI.06139","Colored leaves","no",,,,"gchapman@neoninc.org","llemmon@neoninc.org",,"legacyData"
"375f772c-49a1-417c-8950-4261676c23c3","SCBI_060.phenology.phe","D02","SCBI","SCBI_060","2017-02-24","2017-04-03",55,"NEON.PLA.D02.SCBI.06070","Leaves","no",,,,"gchapman@neoninc.org","llemmon@neoninc.org",,"legacyData"
"14e96a12-ca6f-411b-ae9c-14b57f49cc59","SCBI_060.phenology.phe","D02","SCBI","SCBI_060","2017-02-24","2017-04-03",55,"NEON.PLA.D02.SCBI.06140","Falling leaves","no",,,,"gchapman@neoninc.org","llemmon@neoninc.org",,"legacyData"
"e2a11599-9549-4178-86b7-854cb57bd927","SCBI_060.phenology.phe","D02","SCBI","SCBI_060","2017-02-24","2017-04-03",55,"NEON.PLA.D02.SCBI.06069","Open flowers","no",,,,"gchapman@neoninc.org","llemmon@neoninc.org",,"legacyData"
"00fcc55e-d538-47a2-82af-2aa6b8e87b24","SCBI_060.phenology.phe","D02","SCBI","SCBI_060","2017-02-24","2017-04-03",55,"NEON.PLA.D02.SCBI.06120","Breaking leaf buds","no",,,,"gchapman@neoninc.org","llemmon@neoninc.org",,"legacyData"
"d0145f63-11ae-4202-be2e-c376e2443159","SCBI_060.phenology.phe","D02","SCBI","SCBI_060","2017-02-24","2017-04-03",55,"NEON.PLA.D02.SCBI.06109","Colored leaves","no",,,,"gchapman@neoninc.org","llemmon@neoninc.org",,"legacyData"
"28c4220f-e89f-4716-8cb4-54d504559d07","SCBI_060.phenology.phe","D02","SCBI","SCBI_060","2017-02-24","2017-04-03",55,"NEON.PLA.D02.SCBI.06108","Falling leaves","no",,,,"gchapman@neoninc.org","llemmon@neoninc.org",,"legacyData"
"0e5aec3c-cd25-446b-b64b-0c1ae183f3d3","SCBI_060.phenology.phe","D02","SCBI","SCBI_060","2017-02-24","2017-04-03",55,"NEON.PLA.D02.SCBI.06131","Breaking leaf buds","no",,,,"gchapman@neoninc.org","llemmon@neoninc.org",,"legacyData"
"13b89f31-f13b-4d77-8564-e9446f55fd2c","SCBI_060.phenology.phe","D02","SCBI","SCBI_060","2017-02-24","2017-04-03",55,"NEON.PLA.D02.SCBI.06086","Increasing leaf size","no",,,,"gchapman@neoninc.org","llemmon@neoninc.org",,"legacyData"
"d79e16c1-2852-45f8-b2d5-47d6f4db7d83","SCBI_060.phenology.phe","D02","SCBI","SCBI_060","2017-02-24","2017-04-03",55,"NEON.PLA.D02.SCBI.06112","Breaking leaf buds","no",,,,"gchapman@neoninc.org","llemmon@neoninc.org",,"legacyData"
"bc3cb980-d78d-4800-8983-03d9a6b77522","SCBI_060.phenology.phe","D02","SCBI","SCBI_060","2017-02-24","2017-04-03",55,"NEON.PLA.D02.SCBI.06115","Falling leaves","no",,,,"gchapman@neoninc.org","llemmon@neoninc.org",,"legacyData"
"c56c669c-ad23-4d78-83c7-0e62887c8f75","SCBI_060.phenology.phe","D02","SCBI","SCBI_060","2017-02-24","2017-04-03",55,"NEON.PLA.D02.SCBI.06082","Leaves","no",,,,"gchapman@neoninc.org","llemmon@neoninc.org",,"legacyData"
"5043d5ab-bcf9-46c5-a3fa-18efc043b806","SCBI_060.phenology.phe","D02","SCBI","SCBI_060","2017-02-24","2017-04-03",55,"NEON.PLA.D02.SCBI.06138","Colored leaves","no",,,,"gchapman@neoninc.org","llemmon@neoninc.org",,"legacyData"
"e8df5efb-5616-4028-a7d7-b1b5e8fbd566","SCBI_060.phenology.phe","D02","SCBI","SCBI_060","2017-02-24","2017-04-03",55,"NEON.PLA.D02.SCBI.06113","Leaves","no",,,,"gchapman@neoninc.org","llemmon@neoninc.org",,"legacyData"
"ab0f3f8a-bb10-41de-831b-02afff982014","SCBI_060.phenology.phe","D02","SCBI","SCBI_060","2017-02-24","2017-04-03",55,"NEON.PLA.D02.SCBI.06077","Breaking leaf buds","no",,,,"gchapman@neoninc.org","llemmon@neoninc.org",,"legacyData"
"e96ffcb7-883e-4fac-a9d2-6ab0d56aeec9","SCBI_060.phenology.phe","D02","SCBI","SCBI_060","2017-02-24","2017-04-03",55,"NEON.PLA.D02.SCBI.06078","Open flowers","no",,,,"gchapman@neoninc.org","llemmon@neoninc.org",,"legacyData"
"01a722ae-6334-469a-8e75-2f85ac6adcf7","SCBI_060.phenology.phe","D02","SCBI","SCBI_060","2017-02-24","2017-04-03",55,"NEON.PLA.D02.SCBI.06072","Leaves","no",,,,"gchapman@neoninc.org","llemmon@neoninc.org",,"legacyData"
"a536caa7-4ce1-4e27-858e-95fa8879a24b","SCBI_060.phenology.phe","D02","SCBI","SCBI_060","2017-02-24","2017-04-03",55,"NEON.PLA.D02.SCBI.06075","Increasing leaf size","no",,,,"gchapman@neoninc.org","llemmon@neoninc.org",,"legacyData"
"764e3ec2-b85a-43bf-9ee7-856f82588c02","SCBI_060.phenology.phe","D02","SCBI","SCBI_060","2017-02-24","2017-04-03",55,"NEON.PLA.D02.SCBI.06074","Breaking leaf buds","no",,,,"gchapman@neoninc.org","llemmon@neoninc.org",,"legacyData"
"15ae4cb2-3e85-4625-b0a0-3f01f329212f","SCBI_060.phenology.phe","D02","SCBI","SCBI_060","2017-02-24","2017-04-03",55,"NEON.PLA.D02.SCBI.06114","Open flowers","no",,,,"gchapman@neoninc.org","llemmon@neoninc.org",,"legacyData"
"a677ba69-680a-406f-826b-97ceb465990e","SCBI_060.phenology.phe","D02","SCBI","SCBI_060","2017-02-24","2017-04-03",55,"NEON.PLA.D02.SCBI.06112","Open flowers","no",,,,"gchapman@neoninc.org","llemmon@neoninc.org",,"legacyData"
"1b994db0-f72f-43ee-a40f-401251ac9ab6","SCBI_060.phenology.phe","D02","SCBI","SCBI_060","2017-02-24","2017-04-03",55,"NEON.PLA.D02.SCBI.06115","Leaves","no",,,,"gchapman@neoninc.org","llemmon@neoninc.org",,"legacyData"
"4dddf7cc-76e7-4e1a-8cab-61670467fd74","SCBI_060.phenology.phe","D02","SCBI","SCBI_060","2017-02-24","2017-04-03",55,"NEON.PLA.D02.SCBI.06140","Increasing leaf size","no",,,,"gchapman@neoninc.org","llemmon@neoninc.org",,"legacyData"
"cc1a5133-8105-440d-8410-0e1d6270b73f","SCBI_060.phenology.phe","D02","SCBI","SCBI_060","2017-02-24","2017-04-03",55,"NEON.PLA.D02.SCBI.06115","Colored leaves","no",,,,"gchapman@neoninc.org","llemmon@neoninc.org",,"legacyData"
"9a513bc7-5eb5-4d33-bb2a-5f200a3c329f","SCBI_060.phenology.phe","D02","SCBI","SCBI_060","2017-02-24","2017-04-03",55,"NEON.PLA.D02.SCBI.06115","Breaking leaf buds","no",,,,"gchapman@neoninc.org","llemmon@neoninc.org",,"legacyData"
"dfebbc9d-ae36-4c5f-b8d7-a9d0c212037c","SCBI_060.phenology.phe","D02","SCBI","SCBI_060","2017-02-24","2017-04-03",55,"NEON.PLA.D02.SCBI.06082","Open flowers","no",,,,"gchapman@neoninc.org","llemmon@neoninc.org",,"legacyData"
"ba7bdbb2-b34b-4bca-aa1d-37ddaf0ba64c","SCBI_060.phenology.phe","D02","SCBI","SCBI_060","2017-02-24","2017-04-03",55,"NEON.PLA.D02.SCBI.06067","Open flowers","no",,,,"gchapman@neoninc.org","llemmon@neoninc.org",,"legacyData"
"9de2257c-e418-40c7-8c61-4f9141e960b1","SCBI_060.phenology.phe","D02","SCBI","SCBI_060","2017-02-24","2017-04-03",55,"NEON.PLA.D02.SCBI.06070","Open flowers","no",,,,"gchapman@neoninc.org","llemmon@neoninc.org",,"legacyData"
"1bef1f36-c5fd-4e5c-8be5-044a6ff3a10b","SCBI_060.phenology.phe","D02","SCBI","SCBI_060","2017-02-24","2017-04-03",55,"NEON.PLA.D02.SCBI.06077","Increasing leaf size","no",,,,"gchapman@neoninc.org","llemmon@neoninc.org",,"legacyData"
"9af5aef6-abdd-42b9-8ed2-06d0ec86a0e2","SCBI_060.phenology.phe","D02","SCBI","SCBI_060","2017-02-24","2017-04-03",55,"NEON.PLA.D02.SCBI.06076","Falling leaves","no",,,,"gchapman@neoninc.org","llemmon@neoninc.org",,"legacyData"
"038ac7d1-7b40-4513-84f4-59e103e179b9","SCBI_060.phenology.phe","D02","SCBI","SCBI_060","2017-02-24","2017-04-03",55,"NEON.PLA.D02.SCBI.06077","Colored leaves","no",,,,"gchapman@neoninc.org","llemmon@neoninc.org",,"legacyData"
"27863631-e75e-451f-8183-c2058c8f666c","SCBI_060.phenology.phe","D02","SCBI","SCBI_060","2017-02-24","2017-04-03",55,"NEON.PLA.D02.SCBI.06078","Falling leaves","no",,,,"gchapman@neoninc.org","llemmon@neoninc.org",,"legacyData"
"f6c08756-f4a5-4ad1-966a-a9e05a75cf2f","SCBI_060.phenology.phe","D02","SCBI","SCBI_060","2017-02-24","2017-04-03",55,"NEON.PLA.D02.SCBI.06120","Leaves","no",,,,"gchapman@neoninc.org","llemmon@neoninc.org",,"legacyData"
"4b73e3d2-5002-4b2a-9b02-b60993d2f844","SCBI_060.phenology.phe","D02","SCBI","SCBI_060","2017-02-24","2017-04-03",55,"NEON.PLA.D02.SCBI.06062","Open flowers","no",,,,"gchapman@neoninc.org","llemmon@neoninc.org",,"legacyData"
"8583a03a-57b3-4711-b44b-268389d1eaa5","SCBI_060.phenology.phe","D02","SCBI","SCBI_060","2017-02-24","2017-04-03",55,"NEON.PLA.D02.SCBI.06079","Breaking leaf buds","no",,,,"gchapman@neoninc.org","llemmon@neoninc.org",,"legacyData"
"9378aae1-66d5-4b37-952b-d92c43a3e31c","SCBI_060.phenology.phe","D02","SCBI","SCBI_060","2017-02-24","2017-04-03",55,"NEON.PLA.D02.SCBI.06085","Falling leaves","no",,,,"gchapman@neoninc.org","llemmon@neoninc.org",,"legacyData"
"6d819af9-7e47-4243-b257-90accecfcd39","SCBI_060.phenology.phe","D02","SCBI","SCBI_060","2017-02-24","2017-04-03",55,"NEON.PLA.D02.SCBI.06076","Leaves","no",,,,"gchapman@neoninc.org","llemmon@neoninc.org",,"legacyData"
"38ace807-f6d0-463e-a244-304ded7b0f9d","SCBI_060.phenology.phe","D02","SCBI","SCBI_060","2017-02-24","2017-04-03",55,"NEON.PLA.D02.SCBI.06115","Increasing leaf size","no",,,,"gchapman@neoninc.org","llemmon@neoninc.org",,"legacyData"
"bb441858-2a1d-4ec2-8bef-fc9a2325baa1","SCBI_060.phenology.phe","D02","SCBI","SCBI_060","2017-02-24","2017-04-03",55,"NEON.PLA.D02.SCBI.06114","Increasing leaf size","no",,,,"gchapman@neoninc.org","llemmon@neoninc.org",,"legacyData"
"0df444c2-59fd-4631-958f-b154aefafe14","SCBI_060.phenology.phe","D02","SCBI","SCBI_060","2017-02-24","2017-04-03",55,"NEON.PLA.D02.SCBI.06120","Open flowers","no",,,,"gchapman@neoninc.org","llemmon@neoninc.org",,"legacyData"
"5d1ecde3-cf14-4ab5-9a5c-d50d7ed94f96","SCBI_060.phenology.phe","D02","SCBI","SCBI_060","2017-02-24","2017-04-03",55,"NEON.PLA.D02.SCBI.06139","Breaking leaf buds","no",,,,"gchapman@neoninc.org","llemmon@neoninc.org",,"legacyData"
"d60b7232-a58a-4b8d-bb4c-50fec5da1394","SCBI_060.phenology.phe","D02","SCBI","SCBI_060","2017-02-24","2017-04-03",55,"NEON.PLA.D02.SCBI.06078","Colored leaves","no",,,,"gchapman@neoninc.org","llemmon@neoninc.org",,"legacyData"
"587d6487-a5cc-4634-a0b8-a74f4610cf5a","SCBI_060.phenology.phe","D02","SCBI","SCBI_060","2017-02-24","2017-04-03",55,"NEON.PLA.D02.SCBI.06083","Leaves","no",,,,"gchapman@neoninc.org","llemmon@neoninc.org",,"legacyData"
"dd1d6890-4819-4da8-902f-9b512c3fb5cd","SCBI_060.phenology.phe","D02","SCBI","SCBI_060","2017-02-24","2017-04-03",55,"NEON.PLA.D02.SCBI.06076","Breaking leaf buds","no",,,,"gchapman@neoninc.org","llemmon@neoninc.org",,"legacyData"
"ee7d4694-82c3-4d9d-b0da-844553bddaa0","SCBI_060.phenology.phe","D02","SCBI","SCBI_060","2017-02-24","2017-04-03",55,"NEON.PLA.D02.SCBI.06105","Colored leaves","no",,,,"gchapman@neoninc.org","llemmon@neoninc.org",,"legacyData"
"c2b397ff-136b-4a5f-b37b-bf8e6360f3f7","SCBI_060.phenology.phe","D02","SCBI","SCBI_060","2017-02-24","2017-04-03",55,"NEON.PLA.D02.SCBI.06109","Open flowers","no",,,,"gchapman@neoninc.org","llemmon@neoninc.org",,"legacyData"
"689d292c-0034-4cc6-adf5-cd22a5515c1e","SCBI_060.phenology.phe","D02","SCBI","SCBI_060","2017-02-24","2017-04-03",55,"NEON.PLA.D02.SCBI.06120","Falling leaves","no",,,,"gchapman@neoninc.org","llemmon@neoninc.org",,"legacyData"
"7a2b5bc9-d5ae-40fe-89f2-576ff40f21eb","SCBI_060.phenology.phe","D02","SCBI","SCBI_060","2017-02-24","2017-04-03",55,"NEON.PLA.D02.SCBI.06086","Open flowers","no",,,,"gchapman@neoninc.org","llemmon@neoninc.org",,"legacyData"
"f156e475-e08d-48c4-bdb1-e288a8b462f5","SCBI_060.phenology.phe","D02","SCBI","SCBI_060","2017-02-24","2017-04-03",55,"NEON.PLA.D02.SCBI.06073","Leaves","no",,,,"gchapman@neoninc.org","llemmon@neoninc.org",,"legacyData"
"f88ee1b1-9a00-44e8-856b-1ea899611a1c","SCBI_060.phenology.phe","D02","SCBI","SCBI_060","2017-02-24","2017-04-03",55,"NEON.PLA.D02.SCBI.06113","Open flowers","no",,,,"gchapman@neoninc.org","llemmon@neoninc.org",,"legacyData"
"ddbc3938-d4bf-47d5-8c65-af395546d292","SCBI_060.phenology.phe","D02","SCBI","SCBI_060","2017-02-24","2017-04-03",55,"NEON.PLA.D02.SCBI.06137","Open flowers","no",,,,"gchapman@neoninc.org","llemmon@neoninc.org",,"legacyData"
"0f749c31-0404-4b0a-8bf7-3e62dc7dcc27","SCBI_060.phenology.phe","D02","SCBI","SCBI_060","2017-02-24","2017-04-03",55,"NEON.PLA.D02.SCBI.06120","Colored leaves","no",,,,"gchapman@neoninc.org","llemmon@neoninc.org",,"legacyData"
"f024b43e-2849-4258-8d0b-837fd8be569c","SCBI_060.phenology.phe","D02","SCBI","SCBI_060","2017-02-24","2017-04-03",55,"NEON.PLA.D02.SCBI.06083","Open flowers","no",,,,"gchapman@neoninc.org","llemmon@neoninc.org",,"legacyData"
"bd43672b-d1af-4ef3-a27b-edd4fc0208cc","SCBI_060.phenology.phe","D02","SCBI","SCBI_060","2017-02-24","2017-04-03",55,"NEON.PLA.D02.SCBI.06062","Leaves","no",,,,"gchapman@neoninc.org","llemmon@neoninc.org",,"legacyData"
"0342611b-55c5-46c8-9f1e-fa36d24e7a14","SCBI_060.phenology.phe","D02","SCBI","SCBI_060","2017-02-24","2017-04-03",55,"NEON.PLA.D02.SCBI.06140","Open flowers","no",,,,"gchapman@neoninc.org","llemmon@neoninc.org",,"legacyData"
"a1667d58-7348-4cd2-ac87-0f533adabf83","SCBI_060.phenology.phe","D02","SCBI","SCBI_060","2017-02-24","2017-04-03",55,"NEON.PLA.D02.SCBI.06072","Increasing leaf size","no",,,,"gchapman@neoninc.org","llemmon@neoninc.org",,"legacyData"
"21735719-be25-4b23-bb27-5785003358b4","SCBI_060.phenology.phe","D02","SCBI","SCBI_060","2017-02-24","2017-04-03",55,"NEON.PLA.D02.SCBI.06067","Falling leaves","no",,,,"gchapman@neoninc.org","llemmon@neoninc.org",,"legacyData"
"9866866d-3c8b-4bbc-a48f-18bac08d0f21","SCBI_060.phenology.phe","D02","SCBI","SCBI_060","2017-02-24","2017-04-03",55,"NEON.PLA.D02.SCBI.06054","Leaves","no",,,,"gchapman@neoninc.org","llemmon@neoninc.org",,"legacyData"
"b333398c-6b30-4e55-88dd-49ffe67aa5f9","SCBI_060.phenology.phe","D02","SCBI","SCBI_060","2017-02-24","2017-04-03",55,"NEON.PLA.D02.SCBI.06068","Falling leaves","no",,,,"gchapman@neoninc.org","llemmon@neoninc.org",,"legacyData"
"f0cefce7-8545-451f-908a-8fe1878bd13e","SCBI_060.phenology.phe","D02","SCBI","SCBI_060","2017-02-24","2017-04-03",55,"NEON.PLA.D02.SCBI.06066","Leaves","no",,,,"gchapman@neoninc.org","llemmon@neoninc.org",,"legacyData"
"bdef7cad-bd42-4ab1-9d71-1c321623883f","SCBI_060.phenology.phe","D02","SCBI","SCBI_060","2017-02-24","2017-04-03",55,"NEON.PLA.D02.SCBI.06056","Falling leaves","no",,,,"gchapman@neoninc.org","llemmon@neoninc.org",,"legacyData"
"f8493a9e-b201-4c5b-a9ee-f98dd15d63e6","SCBI_060.phenology.phe","D02","SCBI","SCBI_060","2017-02-24","2017-04-03",55,"NEON.PLA.D02.SCBI.06122","Increasing leaf size","no",,,,"gchapman@neoninc.org","llemmon@neoninc.org",,"legacyData"
"777bf92e-40b1-4858-96f4-ec101cb01553","SCBI_060.phenology.phe","D02","SCBI","SCBI_060","2017-02-24","2017-04-03",55,"NEON.PLA.D02.SCBI.06132","Breaking leaf buds","no",,,,"gchapman@neoninc.org","llemmon@neoninc.org",,"legacyData"
"494aa29f-16f8-4b95-9edf-f268c0839660","SCBI_060.phenology.phe","D02","SCBI","SCBI_060","2017-02-24","2017-04-03",55,"NEON.PLA.D02.SCBI.06074","Open flowers","no",,,,"gchapman@neoninc.org","llemmon@neoninc.org",,"legacyData"
"0700c3eb-79e7-40aa-becc-d45d489214d4","SCBI_060.phenology.phe","D02","SCBI","SCBI_060","2017-02-24","2017-04-03",55,"NEON.PLA.D02.SCBI.06047","Increasing leaf size","no",,,,"gchapman@neoninc.org","llemmon@neoninc.org",,"legacyData"
"c3e444f4-707c-4059-bc98-df75ab654d9c","SCBI_060.phenology.phe","D02","SCBI","SCBI_060","2017-02-24","2017-04-03",55,"NEON.PLA.D02.SCBI.06123","Leaves","no",,,,"gchapman@neoninc.org","llemmon@neoninc.org",,"legacyData"
"86a4df9e-a8f4-4e99-a0e0-4dde4397a879","SCBI_060.phenology.phe","D02","SCBI","SCBI_060","2017-02-24","2017-04-03",55,"NEON.PLA.D02.SCBI.06050","Open flowers","no",,,,"gchapman@neoninc.org","llemmon@neoninc.org",,"legacyData"
"d12be481-6d6b-47b8-9a65-7af8f0134f7f","SCBI_060.phenology.phe","D02","SCBI","SCBI_060","2017-02-24","2017-04-03",55,"NEON.PLA.D02.SCBI.06141","Leaves","no",,,,"gchapman@neoninc.org","llemmon@neoninc.org",,"legacyData"
"a111152f-0a60-4923-9287-d2fddca60308","SCBI_060.phenology.phe","D02","SCBI","SCBI_060","2017-02-24","2017-04-03",55,"NEON.PLA.D02.SCBI.06125","Leaves","no",,,,"gchapman@neoninc.org","llemmon@neoninc.org",,"legacyData"
"fe37a5d7-fa49-4c0c-a11a-1da97ac87898","SCBI_060.phenology.phe","D02","SCBI","SCBI_060","2017-02-24","2017-04-03",55,"NEON.PLA.D02.SCBI.06062","Breaking leaf buds","no",,,,"gchapman@neoninc.org","llemmon@neoninc.org",,"legacyData"
"2f8b5f1d-e0f2-4038-a1dd-f26e21ccf746","SCBI_060.phenology.phe","D02","SCBI","SCBI_060","2017-02-24","2017-04-03",55,"NEON.PLA.D02.SCBI.06061","Colored leaves","no",,,,"gchapman@neoninc.org","llemmon@neoninc.org",,"legacyData"
"c0a5d58d-1075-4cbb-b05e-b8a2297a2d80","SCBI_060.phenology.phe","D02","SCBI","SCBI_060","2017-02-24","2017-04-03",55,"NEON.PLA.D02.SCBI.06049","Initial growth","no",,,,"gchapman@neoninc.org","llemmon@neoninc.org",,"legacyData"
"78c22446-20e9-49bd-9b09-7eb439f0aaab","SCBI_060.phenology.phe","D02","SCBI","SCBI_060","2017-02-24","2017-04-03",55,"NEON.PLA.D02.SCBI.06143","Initial growth","no",,,,"gchapman@neoninc.org","llemmon@neoninc.org",,"legacyData"
"8aefb0d4-dc5d-4a0c-bee6-b97281bb8b00","SCBI_060.phenology.phe","D02","SCBI","SCBI_060","2017-02-24","2017-04-03",55,"NEON.PLA.D02.SCBI.06141","Open flowers","no",,,,"gchapman@neoninc.org","llemmon@neoninc.org",,"legacyData"
"22b8f91a-7213-4807-87e6-2641683f8c0b","SCBI_060.phenology.phe","D02","SCBI","SCBI_060","2017-02-24","2017-04-03",55,"NEON.PLA.D02.SCBI.06076","Colored leaves","no",,,,"gchapman@neoninc.org","llemmon@neoninc.org",,"legacyData"
"3d3cfb8d-f427-4910-a6f6-32686ea0dcad","SCBI_060.phenology.phe","D02","SCBI","SCBI_060","2017-02-24","2017-04-03",55,"NEON.PLA.D02.SCBI.06067","Breaking leaf buds","no",,,,"gchapman@neoninc.org","llemmon@neoninc.org",,"legacyData"
"d5717849-3516-4231-8892-bbc60a2b76a1","SCBI_060.phenology.phe","D02","SCBI","SCBI_060","2017-02-24","2017-04-03",55,"NEON.PLA.D02.SCBI.06054","Increasing leaf size","no",,,,"gchapman@neoninc.org","llemmon@neoninc.org",,"legacyData"
"9e119151-3046-4218-b78a-ed8491c731e8","SCBI_060.phenology.phe","D02","SCBI","SCBI_060","2017-02-24","2017-04-03",55,"NEON.PLA.D02.SCBI.06074","Colored leaves","no",,,,"gchapman@neoninc.org","llemmon@neoninc.org",,"legacyData"
"e72c73c9-fd72-4979-9b0c-f9fe1d39087a","SCBI_060.phenology.phe","D02","SCBI","SCBI_060","2017-02-24","2017-04-03",55,"NEON.PLA.D02.SCBI.06054","Colored leaves","no",,,,"gchapman@neoninc.org","llemmon@neoninc.org",,"legacyData"
"00eb3652-8f54-4111-b506-5c45c8bfb34b","SCBI_060.phenology.phe","D02","SCBI","SCBI_060","2017-02-24","2017-04-03",55,"NEON.PLA.D02.SCBI.06069","Leaves","no",,,,"gchapman@neoninc.org","llemmon@neoninc.org",,"legacyData"
"99ea2ef3-9df0-4b59-acb2-a0ee076b71f1","SCBI_060.phenology.phe","D02","SCBI","SCBI_060","2017-02-24","2017-04-03",55,"NEON.PLA.D02.SCBI.06073","Breaking leaf buds","no",,,,"gchapman@neoninc.org","llemmon@neoninc.org",,"legacyData"
"8b7b5e0c-bce0-4844-856b-47abe343c715","SCBI_060.phenology.phe","D02","SCBI","SCBI_060","2017-02-24","2017-04-03",55,"NEON.PLA.D02.SCBI.06066","Falling leaves","no",,,,"gchapman@neoninc.org","llemmon@neoninc.org",,"legacyData"
"8d39f562-fd29-4972-8294-a109f47d76dd","SCBI_060.phenology.phe","D02","SCBI","SCBI_060","2017-02-24","2017-04-03",55,"NEON.PLA.D02.SCBI.06068","Open flowers","no",,,,"gchapman@neoninc.org","llemmon@neoninc.org",,"legacyData"
"34592326-521c-4bca-912d-640f68c97f29","SCBI_060.phenology.phe","D02","SCBI","SCBI_060","2017-02-24","2017-04-03",55,"NEON.PLA.D02.SCBI.06079","Leaves","no",,,,"gchapman@neoninc.org","llemmon@neoninc.org",,"legacyData"
"ffeeb541-5cc8-43b3-84b6-660534f6d6fc","SCBI_060.phenology.phe","D02","SCBI","SCBI_060","2017-02-24","2017-04-03",55,"NEON.PLA.D02.SCBI.06071","Colored leaves","no",,,,"gchapman@neoninc.org","llemmon@neoninc.org",,"legacyData"
"bb85f546-bd04-47f2-8657-88cc1559a882","SCBI_060.phenology.phe","D02","SCBI","SCBI_060","2017-02-24","2017-04-03",55,"NEON.PLA.D02.SCBI.06072","Open flowers","no",,,,"gchapman@neoninc.org","llemmon@neoninc.org",,"legacyData"
"1464bbf2-48d4-4b84-a5e6-b3d3860bf025","SCBI_060.phenology.phe","D02","SCBI","SCBI_060","2017-02-24","2017-04-03",55,"NEON.PLA.D02.SCBI.06061","Breaking leaf buds","no",,,,"gchapman@neoninc.org","llemmon@neoninc.org",,"legacyData"
"1e063d6f-1424-48e3-a2ea-f4c1391f38da","SCBI_060.phenology.phe","D02","SCBI","SCBI_060","2017-02-24","2017-04-03",55,"NEON.PLA.D02.SCBI.06071","Breaking leaf buds","no",,,,"gchapman@neoninc.org","llemmon@neoninc.org",,"legacyData"
"f73c6b9a-c5e0-4138-a68b-e08ec3d14a14","SCBI_060.phenology.phe","D02","SCBI","SCBI_060","2017-02-24","2017-04-03",55,"NEON.PLA.D02.SCBI.06139","Open flowers","no",,,,"gchapman@neoninc.org","llemmon@neoninc.org",,"legacyData"
"18716057-84b1-4b49-a8bb-4f43984758c9","SCBI_060.phenology.phe","D02","SCBI","SCBI_060","2017-02-24","2017-04-03",55,"NEON.PLA.D02.SCBI.06081","Leaves","no",,,,"gchapman@neoninc.org","llemmon@neoninc.org",,"legacyData"
"9db15183-1b6a-42ef-8872-d63ff388429c","SCBI_060.phenology.phe","D02","SCBI","SCBI_060","2017-02-24","2017-04-03",55,"NEON.PLA.D02.SCBI.06076","Increasing leaf size","no",,,,"gchapman@neoninc.org","llemmon@neoninc.org",,"legacyData"
"3c724510-3e59-4ea7-a4c7-ec10efe6750e","SCBI_060.phenology.phe","D02","SCBI","SCBI_060","2017-02-24","2017-04-03",55,"NEON.PLA.D02.SCBI.06073","Increasing leaf size","no",,,,"gchapman@neoninc.org","llemmon@neoninc.org",,"legacyData"
"9b0d763b-d8aa-45e0-a7f5-2b104ccc4361","SCBI_060.phenology.phe","D02","SCBI","SCBI_060","2017-02-24","2017-04-03",55,"NEON.PLA.D02.SCBI.06055","Increasing leaf size","no",,,,"gchapman@neoninc.org","llemmon@neoninc.org",,"legacyData"
"b8dca6d9-9a42-496a-b89e-f900da9fd738","SCBI_060.phenology.phe","D02","SCBI","SCBI_060","2017-02-24","2017-04-03",55,"NEON.PLA.D02.SCBI.06060","Leaves","no",,,,"gchapman@neoninc.org","llemmon@neoninc.org",,"legacyData"
"f3ea881d-501b-4e96-ae7c-35d3a9c78e09","SCBI_060.phenology.phe","D02","SCBI","SCBI_060","2017-02-24","2017-04-03",55,"NEON.PLA.D02.SCBI.06077","Open flowers","no",,,,"gchapman@neoninc.org","llemmon@neoninc.org",,"legacyData"
"d9ec5f96-3a8e-4e87-9880-8c205d0a8fbb","SCBI_060.phenology.phe","D02","SCBI","SCBI_060","2017-02-24","2017-04-03",55,"NEON.PLA.D02.SCBI.06063","Leaves","no",,,,"gchapman@neoninc.org","llemmon@neoninc.org",,"legacyData"
"c336025c-5289-4daf-991c-bfbcd1bb8e03","SCBI_060.phenology.phe","D02","SCBI","SCBI_060","2017-02-24","2017-04-03",55,"NEON.PLA.D02.SCBI.06122","Falling leaves","no",,,,"gchapman@neoninc.org","llemmon@neoninc.org",,"legacyData"
"96c6a284-b4c6-43ad-b677-6dcb7382f94b","SCBI_060.phenology.phe","D02","SCBI","SCBI_060","2017-02-24","2017-04-03",55,"NEON.PLA.D02.SCBI.06078","Increasing leaf size","no",,,,"gchapman@neoninc.org","llemmon@neoninc.org",,"legacyData"
"cd8444dc-7262-49b6-9190-ecc3121bcf2e","SCBI_060.phenology.phe","D02","SCBI","SCBI_060","2017-02-24","2017-04-03",55,"NEON.PLA.D02.SCBI.06070","Breaking leaf buds","no",,,,"gchapman@neoninc.org","llemmon@neoninc.org",,"legacyData"
"bc0d211f-c8b0-456a-a4b9-3cc4a8c6985b","SCBI_060.phenology.phe","D02","SCBI","SCBI_060","2017-02-24","2017-04-03",55,"NEON.PLA.D02.SCBI.06071","Leaves","no",,,,"gchapman@neoninc.org","llemmon@neoninc.org",,"legacyData"
"7d75d40a-6785-4011-9094-e1cd4bf3e952","SCBI_060.phenology.phe","D02","SCBI","SCBI_060","2017-02-24","2017-04-03",55,"NEON.PLA.D02.SCBI.06079","Falling leaves","no",,,,"gchapman@neoninc.org","llemmon@neoninc.org",,"legacyData"
"dcd68abd-fbf6-4411-8673-8be85164d605","SCBI_060.phenology.phe","D02","SCBI","SCBI_060","2017-02-24","2017-04-03",55,"NEON.PLA.D02.SCBI.06075","Falling leaves","no",,,,"gchapman@neoninc.org","llemmon@neoninc.org",,"legacyData"
"cc079778-41c5-45a4-9e1e-5ac43534d3ca","SCBI_060.phenology.phe","D02","SCBI","SCBI_060","2017-02-24","2017-04-03",55,"NEON.PLA.D02.SCBI.06112","Increasing leaf size","no",,,,"gchapman@neoninc.org","llemmon@neoninc.org",,"legacyData"
"53d85285-f7e4-429a-bd73-b985c911f77a","SCBI_060.phenology.phe","D02","SCBI","SCBI_060","2017-02-24","2017-04-03",55,"NEON.PLA.D02.SCBI.06143","Leaves","no",,,,"gchapman@neoninc.org","llemmon@neoninc.org",,"legacyData"
"3aa1829e-6508-43ab-8a99-06468b2c96db","SCBI_060.phenology.phe","D02","SCBI","SCBI_060","2017-02-24","2017-04-03",55,"NEON.PLA.D02.SCBI.06074","Increasing leaf size","no",,,,"gchapman@neoninc.org","llemmon@neoninc.org",,"legacyData"
"0f202a9e-7382-4ff0-9ae3-896f30bea83b","SCBI_060.phenology.phe","D02","SCBI","SCBI_060","2017-02-24","2017-04-03",55,"NEON.PLA.D02.SCBI.06068","Breaking leaf buds","no",,,,"gchapman@neoninc.org","llemmon@neoninc.org",,"legacyData"
"eb280a5a-091e-49dc-9724-1641fc597e93","SCBI_060.phenology.phe","D02","SCBI","SCBI_060","2017-02-24","2017-04-03",55,"NEON.PLA.D02.SCBI.06055","Leaves","no",,,,"gchapman@neoninc.org","llemmon@neoninc.org",,"legacyData"
"16f8a3e8-ba22-4d6f-bb48-7af880de67f1","SCBI_060.phenology.phe","D02","SCBI","SCBI_060","2017-02-24","2017-04-03",55,"NEON.PLA.D02.SCBI.06126","Breaking leaf buds","no",,,,"gchapman@neoninc.org","llemmon@neoninc.org",,"legacyData"
"2fb0de84-af7b-4066-95fa-55a5c30b27e2","SCBI_060.phenology.phe","D02","SCBI","SCBI_060","2017-02-24","2017-04-03",55,"NEON.PLA.D02.SCBI.06061","Open flowers","no",,,,"gchapman@neoninc.org","llemmon@neoninc.org",,"legacyData"
"6d1b8f49-4643-4602-a633-a56a402a919c","SCBI_060.phenology.phe","D02","SCBI","SCBI_060","2017-02-24","2017-04-03",55,"NEON.PLA.D02.SCBI.06052","Initial growth","no",,,,"gchapman@neoninc.org","llemmon@neoninc.org",,"legacyData"
"0a6fce2b-5812-4fc2-9445-c6aad40483bb","SCBI_060.phenology.phe","D02","SCBI","SCBI_060","2017-02-24","2017-04-03",55,"NEON.PLA.D02.SCBI.06047","Open flowers","no",,,,"gchapman@neoninc.org","llemmon@neoninc.org",,"legacyData"
"8bf5af02-12b8-4c8b-bac3-985fe14d03b2","SCBI_060.phenology.phe","D02","SCBI","SCBI_060","2017-02-24","2017-04-03",55,"NEON.PLA.D02.SCBI.06060","Increasing leaf size","no",,,,"gchapman@neoninc.org","llemmon@neoninc.org",,"legacyData"
"8a66c9fe-e4d5-497c-8752-e493119edae6","SCBI_060.phenology.phe","D02","SCBI","SCBI_060","2017-02-24","2017-04-03",55,"NEON.PLA.D02.SCBI.06057","Breaking leaf buds","no",,,,"gchapman@neoninc.org","llemmon@neoninc.org",,"legacyData"
"96eeaff3-32cd-4fa6-a52a-4b9616ba81d7","SCBI_060.phenology.phe","D02","SCBI","SCBI_060","2017-02-24","2017-04-03",55,"NEON.PLA.D02.SCBI.06142","Open flowers","no",,,,"gchapman@neoninc.org","llemmon@neoninc.org",,"legacyData"
"cf96aa6b-0af3-4bff-8322-688d4b988a35","SCBI_060.phenology.phe","D02","SCBI","SCBI_060","2017-02-24","2017-04-03",55,"NEON.PLA.D02.SCBI.06053","Initial growth","no",,,,"gchapman@neoninc.org","llemmon@neoninc.org",,"legacyData"
"a9f3d6d3-c4db-4482-b339-0a1d66cfb704","SCBI_060.phenology.phe","D02","SCBI","SCBI_060","2017-02-24","2017-04-03",55,"NEON.PLA.D02.SCBI.06060","Falling leaves","no",,,,"gchapman@neoninc.org","llemmon@neoninc.org",,"legacyData"
"0e66409b-6cad-45d9-accb-7079d55e4457","SCBI_060.phenology.phe","D02","SCBI","SCBI_060","2017-02-24","2017-04-03",55,"NEON.PLA.D02.SCBI.06070","Increasing leaf size","no",,,,"gchapman@neoninc.org","llemmon@neoninc.org",,"legacyData"
"b2695d18-991d-4393-a439-2152338beabd","SCBI_060.phenology.phe","D02","SCBI","SCBI_060","2017-02-24","2017-04-03",55,"NEON.PLA.D02.SCBI.06065","Initial growth","no",,,,"gchapman@neoninc.org","llemmon@neoninc.org",,"legacyData"
"6447bebc-a2c7-4892-822f-eca840d4adf8","SCBI_060.phenology.phe","D02","SCBI","SCBI_060","2017-02-24","2017-04-03",55,"NEON.PLA.D02.SCBI.06062","Increasing leaf size","no",,,,"gchapman@neoninc.org","llemmon@neoninc.org",,"legacyData"
"52e382ae-ff80-48b3-bf60-6bbe6bf96801","SCBI_060.phenology.phe","D02","SCBI","SCBI_060","2017-02-24","2017-04-03",55,"NEON.PLA.D02.SCBI.06139","Increasing leaf size","no",,,,"gchapman@neoninc.org","llemmon@neoninc.org",,"legacyData"
"54db63cd-60ee-4144-8045-7a45aa25883e","SCBI_060.phenology.phe","D02","SCBI","SCBI_060","2017-02-24","2017-04-03",55,"NEON.PLA.D02.SCBI.06057","Leaves","no",,,,"gchapman@neoninc.org","llemmon@neoninc.org",,"legacyData"
"2cf2a439-f04d-4c80-b512-0a12b9cab2c5","SCBI_060.phenology.phe","D02","SCBI","SCBI_060","2017-02-24","2017-04-03",55,"NEON.PLA.D02.SCBI.06079","Colored leaves","no",,,,"gchapman@neoninc.org","llemmon@neoninc.org",,"legacyData"
"f9cfa657-0533-4ba6-aa97-f7bf612759e2","SCBI_060.phenology.phe","D02","SCBI","SCBI_060","2017-02-24","2017-04-03",55,"NEON.PLA.D02.SCBI.06061","Falling leaves","no",,,,"gchapman@neoninc.org","llemmon@neoninc.org",,"legacyData"
"039f6cbb-9c35-474e-b4be-a9226c1dafb7","SCBI_060.phenology.phe","D02","SCBI","SCBI_060","2017-02-24","2017-04-03",55,"NEON.PLA.D02.SCBI.06139","Leaves","no",,,,"gchapman@neoninc.org","llemmon@neoninc.org",,"legacyData"
"587ef309-d36d-40be-a7d1-3cc3154ee245","SCBI_060.phenology.phe","D02","SCBI","SCBI_060","2017-02-24","2017-04-03",55,"NEON.PLA.D02.SCBI.06060","Open flowers","no",,,,"gchapman@neoninc.org","llemmon@neoninc.org",,"legacyData"
"b3adaa5f-246a-4b7d-8852-cf2047190a35","SCBI_060.phenology.phe","D02","SCBI","SCBI_060","2017-02-24","2017-04-03",55,"NEON.PLA.D02.SCBI.06066","Increasing leaf size","no",,,,"gchapman@neoninc.org","llemmon@neoninc.org",,"legacyData"
"5bd73874-ca15-4ba6-b464-756ba56ab527","SCBI_060.phenology.phe","D02","SCBI","SCBI_060","2017-02-24","2017-04-03",55,"NEON.PLA.D02.SCBI.06142","Initial growth","no",,,,"gchapman@neoninc.org","llemmon@neoninc.org",,"legacyData"
"592509c3-377d-459f-8e5d-3901d536a338","SCBI_060.phenology.phe","D02","SCBI","SCBI_060","2017-02-24","2017-04-03",55,"NEON.PLA.D02.SCBI.06056","Increasing leaf size","no",,,,"gchapman@neoninc.org","llemmon@neoninc.org",,"legacyData"
"9a5a03ca-2f60-4bdd-b314-410db2b18b84","SCBI_060.phenology.phe","D02","SCBI","SCBI_060","2017-02-24","2017-04-03",55,"NEON.PLA.D02.SCBI.06078","Leaves","no",,,,"gchapman@neoninc.org","llemmon@neoninc.org",,"legacyData"
"a2daf4fa-5981-4503-9583-37c550926a36","SCBI_060.phenology.phe","D02","SCBI","SCBI_060","2017-02-24","2017-04-03",55,"NEON.PLA.D02.SCBI.06122","Colored leaves","no",,,,"gchapman@neoninc.org","llemmon@neoninc.org",,"legacyData"
"42298e34-bdb2-4483-93ed-313ddbe4c51c","SCBI_060.phenology.phe","D02","SCBI","SCBI_060","2017-02-24","2017-04-03",55,"NEON.PLA.D02.SCBI.06071","Falling leaves","no",,,,"gchapman@neoninc.org","llemmon@neoninc.org",,"legacyData"
"b64d0f0f-eb9d-470a-8c25-133bddfa5f10","SCBI_060.phenology.phe","D02","SCBI","SCBI_060","2017-02-24","2017-04-03",55,"NEON.PLA.D02.SCBI.06099","Initial growth","no",,,,"gchapman@neoninc.org","llemmon@neoninc.org",,"legacyData"
"1e7b2801-4952-4b72-b5eb-7627644fc106","SCBI_060.phenology.phe","D02","SCBI","SCBI_060","2017-02-24","2017-04-03",55,"NEON.PLA.D02.SCBI.06094","Leaves","no",,,,"gchapman@neoninc.org","llemmon@neoninc.org",,"legacyData"
"97984b71-de65-411b-99b4-2b6dd9a470c3","SCBI_060.phenology.phe","D02","SCBI","SCBI_060","2017-02-24","2017-04-03",55,"NEON.PLA.D02.SCBI.06097","Open flowers","no",,,,"gchapman@neoninc.org","llemmon@neoninc.org",,"legacyData"
"c503dfdf-a06a-440c-9352-575eebdf9345","SCBI_060.phenology.phe","D02","SCBI","SCBI_060","2017-02-24","2017-04-03",55,"NEON.PLA.D02.SCBI.06089","Breaking leaf buds","no",,,,"gchapman@neoninc.org","llemmon@neoninc.org",,"legacyData"
"68b0e9d6-77dc-4c51-9270-3862f4e52a1f","SCBI_060.phenology.phe","D02","SCBI","SCBI_060","2017-02-24","2017-04-03",55,"NEON.PLA.D02.SCBI.06089","Open flowers","no",,,,"gchapman@neoninc.org","llemmon@neoninc.org",,"legacyData"
"555fb717-b7b0-43de-a507-9f7b0359f335","SCBI_060.phenology.phe","D02","SCBI","SCBI_060","2017-02-24","2017-04-03",55,"NEON.PLA.D02.SCBI.06102","Falling leaves","no",,,,"gchapman@neoninc.org","llemmon@neoninc.org",,"legacyData"
"ce176253-fec6-4e9b-a402-4a087057309e","SCBI_060.phenology.phe","D02","SCBI","SCBI_060","2017-02-24","2017-04-03",55,"NEON.PLA.D02.SCBI.06090","Falling leaves","no",,,,"gchapman@neoninc.org","llemmon@neoninc.org",,"legacyData"
"41ddf4e3-9abf-403d-90e1-b9ec804ad10b","SCBI_060.phenology.phe","D02","SCBI","SCBI_060","2017-02-24","2017-04-03",55,"NEON.PLA.D02.SCBI.06095","Initial growth","no",,,,"gchapman@neoninc.org","llemmon@neoninc.org",,"legacyData"
"e7c4bc66-b185-420f-81a2-dbfec734cb70","SCBI_060.phenology.phe","D02","SCBI","SCBI_060","2017-02-24","2017-04-03",55,"NEON.PLA.D02.SCBI.06091","Open flowers","no",,,,"gchapman@neoninc.org","llemmon@neoninc.org",,"legacyData"
"65411240-70ee-4399-8322-82c00880e1f3","SCBI_060.phenology.phe","D02","SCBI","SCBI_060","2017-02-24","2017-04-03",55,"NEON.PLA.D02.SCBI.06135","Falling leaves","no",,,,"gchapman@neoninc.org","llemmon@neoninc.org",,"legacyData"
"beb3927f-3a74-40c7-b9db-b9f4e325b98b","SCBI_060.phenology.phe","D02","SCBI","SCBI_060","2017-02-24","2017-04-03",55,"NEON.PLA.D02.SCBI.06148","Increasing leaf size","no",,,,"gchapman@neoninc.org","llemmon@neoninc.org",,"legacyData"
"ae9a5ef6-430b-4ff7-bbd6-af8498ea69c6","SCBI_060.phenology.phe","D02","SCBI","SCBI_060","2017-02-24","2017-04-03",55,"NEON.PLA.D02.SCBI.06136","Open flowers","no",,,,"gchapman@neoninc.org","llemmon@neoninc.org",,"legacyData"
"6c8200a2-5996-46d6-9a0e-764ebf79bb65","SCBI_060.phenology.phe","D02","SCBI","SCBI_060","2017-02-24","2017-04-03",55,"NEON.PLA.D02.SCBI.06090","Leaves","no",,,,"gchapman@neoninc.org","llemmon@neoninc.org",,"legacyData"
"778774a8-e6dc-40c9-9af4-61b850c8e820","SCBI_060.phenology.phe","D02","SCBI","SCBI_060","2017-02-24","2017-04-03",55,"NEON.PLA.D02.SCBI.06090","Open flowers","no",,,,"gchapman@neoninc.org","llemmon@neoninc.org",,"legacyData"
"f8c7ce3f-9e9b-46fe-a664-592a00f73495","SCBI_060.phenology.phe","D02","SCBI","SCBI_060","2017-02-24","2017-04-03",55,"NEON.PLA.D02.SCBI.06133","Breaking leaf buds","no",,,,"gchapman@neoninc.org","llemmon@neoninc.org",,"legacyData"
"454971d3-62ea-4e99-86b8-d9e9c38d4ae5","SCBI_060.phenology.phe","D02","SCBI","SCBI_060","2017-02-24","2017-04-03",55,"NEON.PLA.D02.SCBI.06092","Colored leaves","no",,,,"gchapman@neoninc.org","llemmon@neoninc.org",,"legacyData"
"2ddf631d-4e30-43a8-bdb6-60ddb5857238","SCBI_060.phenology.phe","D02","SCBI","SCBI_060","2017-02-24","2017-04-03",55,"NEON.PLA.D02.SCBI.06093","Colored leaves","no",,,,"gchapman@neoninc.org","llemmon@neoninc.org",,"legacyData"
"d5ea0220-c824-4a52-b347-04daa1397c88","SCBI_060.phenology.phe","D02","SCBI","SCBI_060","2017-02-24","2017-04-03",55,"NEON.PLA.D02.SCBI.06095","Leaves","no",,,,"gchapman@neoninc.org","llemmon@neoninc.org",,"legacyData"
"b7228a93-3c28-49f3-92ad-05658f616444","SCBI_060.phenology.phe","D02","SCBI","SCBI_060","2017-02-24","2017-04-03",55,"NEON.PLA.D02.SCBI.06135","Leaves","no",,,,"gchapman@neoninc.org","llemmon@neoninc.org",,"legacyData"
"bbc9a63c-6ffb-4974-8043-3b66b56c362f","SCBI_060.phenology.phe","D02","SCBI","SCBI_060","2017-02-24","2017-04-03",55,"NEON.PLA.D02.SCBI.06089","Colored leaves","no",,,,"gchapman@neoninc.org","llemmon@neoninc.org",,"legacyData"
"1d83f8d6-7377-4538-9450-7fc060afabc1","SCBI_060.phenology.phe","D02","SCBI","SCBI_060","2017-02-24","2017-04-03",55,"NEON.PLA.D02.SCBI.06088","Open flowers","no",,,,"gchapman@neoninc.org","llemmon@neoninc.org",,"legacyData"
"5726e5fb-9e2d-488d-9c03-9e9c7e2771be","SCBI_060.phenology.phe","D02","SCBI","SCBI_060","2017-02-24","2017-04-03",55,"NEON.PLA.D02.SCBI.06092","Open flowers","no",,,,"gchapman@neoninc.org","llemmon@neoninc.org",,"legacyData"
"378c5c3d-c98b-42a4-ba78-4ac8ee03bc0a","SCBI_060.phenology.phe","D02","SCBI","SCBI_060","2017-02-24","2017-04-03",55,"NEON.PLA.D02.SCBI.06092","Breaking leaf buds","no",,,,"gchapman@neoninc.org","llemmon@neoninc.org",,"legacyData"
"4fb49fb9-eb85-43ae-9ebd-eebf2316fb95","SCBI_060.phenology.phe","D02","SCBI","SCBI_060","2017-02-24","2017-04-03",55,"NEON.PLA.D02.SCBI.06090","Colored leaves","no",,,,"gchapman@neoninc.org","llemmon@neoninc.org",,"legacyData"
"e428e18c-afb2-4200-8796-eb83f3ab761d","SCBI_060.phenology.phe","D02","SCBI","SCBI_060","2017-02-24","2017-04-03",55,"NEON.PLA.D02.SCBI.06104","Falling leaves","no",,,,"gchapman@neoninc.org","llemmon@neoninc.org",,"legacyData"
"e5913b0f-4031-41ef-8d0e-1c4e86c0c4e5","SCBI_060.phenology.phe","D02","SCBI","SCBI_060","2017-02-24","2017-04-03",55,"NEON.PLA.D02.SCBI.06088","Leaves","no",,,,"gchapman@neoninc.org","llemmon@neoninc.org",,"legacyData"
"60efdd6d-19f9-4c2b-89f7-cc034543cbdd","SCBI_060.phenology.phe","D02","SCBI","SCBI_060","2017-02-24","2017-04-03",55,"NEON.PLA.D02.SCBI.06097","Initial growth","no",,,,"gchapman@neoninc.org","llemmon@neoninc.org",,"legacyData"
"268642f3-af69-4b45-a30b-a8e687e6abb9","SCBI_060.phenology.phe","D02","SCBI","SCBI_060","2017-02-24","2017-04-03",55,"NEON.PLA.D02.SCBI.06089","Leaves","no",,,,"gchapman@neoninc.org","llemmon@neoninc.org",,"legacyData"
"02e93ded-c4a4-45d6-8c49-051e30704bd3","SCBI_060.phenology.phe","D02","SCBI","SCBI_060","2017-02-24","2017-04-03",55,"NEON.PLA.D02.SCBI.06094","Initial growth","no",,,,"gchapman@neoninc.org","llemmon@neoninc.org",,"legacyData"
"b5f71963-5480-42bc-bbeb-e1ce8ca5aaac","SCBI_060.phenology.phe","D02","SCBI","SCBI_060","2017-02-24","2017-04-03",55,"NEON.PLA.D02.SCBI.06148","Open flowers","no",,,,"gchapman@neoninc.org","llemmon@neoninc.org",,"legacyData"
"0dceec0e-a1bc-4ba3-89f1-298055febbd5","SCBI_060.phenology.phe","D02","SCBI","SCBI_060","2017-02-24","2017-04-03",55,"NEON.PLA.D02.SCBI.06089","Increasing leaf size","no",,,,"gchapman@neoninc.org","llemmon@neoninc.org",,"legacyData"
"0ad505ac-1ef0-44a6-b85a-2625af2f711c","SCBI_060.phenology.phe","D02","SCBI","SCBI_060","2017-02-24","2017-04-03",55,"NEON.PLA.D02.SCBI.06089","Falling leaves","no",,,,"gchapman@neoninc.org","llemmon@neoninc.org",,"legacyData"
"f6abc2f3-b3f4-4cb7-8244-605af72d0613","SCBI_060.phenology.phe","D02","SCBI","SCBI_060","2017-02-24","2017-04-03",55,"NEON.PLA.D02.SCBI.06094","Open flowers","no",,,,"gchapman@neoninc.org","llemmon@neoninc.org",,"legacyData"
"01649039-d78d-4e96-8ca1-d1833b105b67","SCBI_060.phenology.phe","D02","SCBI","SCBI_060","2017-02-24","2017-04-03",55,"NEON.PLA.D02.SCBI.06093","Increasing leaf size","no",,,,"gchapman@neoninc.org","llemmon@neoninc.org",,"legacyData"
"32b94001-68e4-423c-aef3-de3c3ada9c12","SCBI_060.phenology.phe","D02","SCBI","SCBI_060","2017-02-24","2017-04-03",55,"NEON.PLA.D02.SCBI.06148","Colored leaves","no",,,,"gchapman@neoninc.org","llemmon@neoninc.org",,"legacyData"
"60035a5e-4ef8-4010-bb11-3781a3ed30be","SCBI_060.phenology.phe","D02","SCBI","SCBI_060","2017-02-24","2017-04-03",55,"NEON.PLA.D02.SCBI.06091","Leaves","no",,,,"gchapman@neoninc.org","llemmon@neoninc.org",,"legacyData"
"928d0ed0-212d-4530-a03e-81d583e7117f","SCBI_060.phenology.phe","D02","SCBI","SCBI_060","2017-02-24","2017-04-03",55,"NEON.PLA.D02.SCBI.06093","Falling leaves","no",,,,"gchapman@neoninc.org","llemmon@neoninc.org",,"legacyData"
"9cc9822b-8227-46a4-b27e-2e102ac51f43","SCBI_060.phenology.phe","D02","SCBI","SCBI_060","2017-02-24","2017-04-03",55,"NEON.PLA.D02.SCBI.06093","Open flowers","no",,,,"gchapman@neoninc.org","llemmon@neoninc.org",,"legacyData"
"0f95ceea-052b-47c5-a743-ac8ddbaaf439","SCBI_060.phenology.phe","D02","SCBI","SCBI_060","2017-02-24","2017-04-03",55,"NEON.PLA.D02.SCBI.06148","Falling leaves","no",,,,"gchapman@neoninc.org","llemmon@neoninc.org",,"legacyData"
"ac2ed262-fde3-4b0a-86b2-84382a762c43","SCBI_060.phenology.phe","D02","SCBI","SCBI_060","2017-02-24","2017-04-03",55,"NEON.PLA.D02.SCBI.06088","Initial growth","no",,,,"gchapman@neoninc.org","llemmon@neoninc.org",,"legacyData"
"29a01f70-cde8-4ef8-bcc6-ecfca805c201","SCBI_060.phenology.phe","D02","SCBI","SCBI_060","2017-02-24","2017-04-03",55,"NEON.PLA.D02.SCBI.06104","Breaking leaf buds","no",,,,"gchapman@neoninc.org","llemmon@neoninc.org",,"legacyData"
"b6a213d6-5a54-4571-943c-e284ef3eed5c","SCBI_060.phenology.phe","D02","SCBI","SCBI_060","2017-02-24","2017-04-03",55,"NEON.PLA.D02.SCBI.06104","Leaves","no",,,,"gchapman@neoninc.org","llemmon@neoninc.org",,"legacyData"
"d0aeeac0-c174-4d53-b41a-95834db376a9","SCBI_060.phenology.phe","D02","SCBI","SCBI_060","2017-02-24","2017-04-03",55,"NEON.PLA.D02.SCBI.06104","Colored leaves","no",,,,"gchapman@neoninc.org","llemmon@neoninc.org",,"legacyData"
"3750f4c9-b4f4-4e6b-9e51-6c01924a5bb9","SCBI_060.phenology.phe","D02","SCBI","SCBI_060","2017-02-24","2017-04-03",55,"NEON.PLA.D02.SCBI.06136","Leaves","no",,,,"gchapman@neoninc.org","llemmon@neoninc.org",,"legacyData"
"94267a54-d28b-4359-9eea-1a06bd05d905","SCBI_060.phenology.phe","D02","SCBI","SCBI_060","2017-02-24","2017-04-03",55,"NEON.PLA.D02.SCBI.06104","Increasing leaf size","no",,,,"gchapman@neoninc.org","llemmon@neoninc.org",,"legacyData"
"1d80fe3e-30cf-48d9-a773-106ce0978d09","SCBI_060.phenology.phe","D02","SCBI","SCBI_060","2017-02-24","2017-04-03",55,"NEON.PLA.D02.SCBI.06135","Colored leaves","no",,,,"gchapman@neoninc.org","llemmon@neoninc.org",,"legacyData"
"f5b2c253-f9fc-47a6-a330-a3c0f28f5755","SCBI_060.phenology.phe","D02","SCBI","SCBI_060","2017-02-24","2017-04-03",55,"NEON.PLA.D02.SCBI.06054","Breaking leaf buds","no",,,,"gchapman@neoninc.org","llemmon@neoninc.org",,"legacyData"
"9f098fc5-e267-4c98-b4b3-c4d28e3f7dde","SCBI_060.phenology.phe","D02","SCBI","SCBI_060","2017-02-24","2017-04-03",55,"NEON.PLA.D02.SCBI.06060","Breaking leaf buds","no",,,,"gchapman@neoninc.org","llemmon@neoninc.org",,"legacyData"
"6197873d-8dd3-4d2d-9732-d6a5f5463383","SCBI_060.phenology.phe","D02","SCBI","SCBI_060","2017-02-24","2017-04-03",55,"NEON.PLA.D02.SCBI.06101","Falling leaves","no",,,,"gchapman@neoninc.org","llemmon@neoninc.org",,"legacyData"
"164417f0-4f2a-4a86-918e-d4a4dcf98f52","SCBI_060.phenology.phe","D02","SCBI","SCBI_060","2017-02-24","2017-04-03",55,"NEON.PLA.D02.SCBI.06071","Open flowers","no",,,,"gchapman@neoninc.org","llemmon@neoninc.org",,"legacyData"
"b80ce885-792d-4d29-8a53-f48a79f6b9d9","SCBI_060.phenology.phe","D02","SCBI","SCBI_060","2017-02-24","2017-04-03",55,"NEON.PLA.D02.SCBI.06052","Open flowers","no",,,,"gchapman@neoninc.org","llemmon@neoninc.org",,"legacyData"
"0022bc93-11a6-4ab6-a4f2-c6dda1cd8608","SCBI_060.phenology.phe","D02","SCBI","SCBI_060","2017-02-24","2017-04-03",55,"NEON.PLA.D02.SCBI.06130","Falling leaves","no",,,,"gchapman@neoninc.org","llemmon@neoninc.org",,"legacyData"
"1c8ef0fd-f717-4d30-b064-bb67bf55035a","SCBI_060.phenology.phe","D02","SCBI","SCBI_060","2017-02-24","2017-04-03",55,"NEON.PLA.D02.SCBI.06060","Colored leaves","no",,,,"gchapman@neoninc.org","llemmon@neoninc.org",,"legacyData"
"0027e5be-62b4-4ef7-8174-d314397d9a9d","SCBI_060.phenology.phe","D02","SCBI","SCBI_060","2017-02-24","2017-04-03",55,"NEON.PLA.D02.SCBI.06122","Breaking leaf buds","no",,,,"gchapman@neoninc.org","llemmon@neoninc.org",,"legacyData"
"05327926-1d4c-48d4-b2a1-85f47cd1ef4b","SCBI_060.phenology.phe","D02","SCBI","SCBI_060","2017-02-24","2017-04-03",55,"NEON.PLA.D02.SCBI.06070","Colored leaves","no",,,,"gchapman@neoninc.org","llemmon@neoninc.org",,"legacyData"
"4a94925e-6187-44ba-8b64-23a02af63b99","SCBI_060.phenology.phe","D02","SCBI","SCBI_060","2017-02-24","2017-04-03",55,"NEON.PLA.D02.SCBI.06101","Breaking leaf buds","no",,,,"gchapman@neoninc.org","llemmon@neoninc.org",,"legacyData"
"5b1f7544-2e25-4a15-bb68-5628aa0f9cc1","SCBI_060.phenology.phe","D02","SCBI","SCBI_060","2017-02-24","2017-04-03",55,"NEON.PLA.D02.SCBI.06101","Leaves","no",,,,"gchapman@neoninc.org","llemmon@neoninc.org",,"legacyData"
"8ca971ac-d99e-46f5-ba99-b385454b46a6","SCBI_060.phenology.phe","D02","SCBI","SCBI_060","2017-02-24","2017-04-03",55,"NEON.PLA.D02.SCBI.06146","Open flowers","no",,,,"gchapman@neoninc.org","llemmon@neoninc.org",,"legacyData"
"81002497-c2ba-48a4-b2a8-033c0b8d1011","SCBI_060.phenology.phe","D02","SCBI","SCBI_060","2017-02-24","2017-04-03",55,"NEON.PLA.D02.SCBI.06146","Falling leaves","no",,,,"gchapman@neoninc.org","llemmon@neoninc.org",,"legacyData"
"9c85e3a4-20ed-4c07-824f-be6017ab6d3c","SCBI_060.phenology.phe","D02","SCBI","SCBI_060","2017-02-24","2017-04-03",55,"NEON.PLA.D02.SCBI.06055","Breaking leaf buds","no",,,,"gchapman@neoninc.org","llemmon@neoninc.org",,"legacyData"
"82cc8ef9-88c9-4aef-8d62-5a44fb34f00d","SCBI_060.phenology.phe","D02","SCBI","SCBI_060","2017-02-24","2017-04-03",55,"NEON.PLA.D02.SCBI.06053","Open flowers","no",,,,"gchapman@neoninc.org","llemmon@neoninc.org",,"legacyData"
"2d012ab1-2195-41ec-9df3-38a4bb96a98b","SCBI_060.phenology.phe","D02","SCBI","SCBI_060","2017-02-24","2017-04-03",55,"NEON.PLA.D02.SCBI.06066","Colored leaves","no",,,,"gchapman@neoninc.org","llemmon@neoninc.org",,"legacyData"
"68a1cb9a-650d-4420-81b1-d28e616a4254","SCBI_060.phenology.phe","D02","SCBI","SCBI_060","2017-02-24","2017-04-03",55,"NEON.PLA.D02.SCBI.06052","Leaves","no",,,,"gchapman@neoninc.org","llemmon@neoninc.org",,"legacyData"
"4b3b0f7b-9d0a-4f5b-ad88-d21287b2cf95","SCBI_060.phenology.phe","D02","SCBI","SCBI_060","2017-02-24","2017-04-03",55,"NEON.PLA.D02.SCBI.06101","Open flowers","no",,,,"gchapman@neoninc.org","llemmon@neoninc.org",,"legacyData"
"286052cf-a04a-4059-b427-5b131c3200b7","SCBI_060.phenology.phe","D02","SCBI","SCBI_060","2017-02-24","2017-04-03",55,"NEON.PLA.D02.SCBI.06067","Colored leaves","no",,,,"gchapman@neoninc.org","llemmon@neoninc.org",,"legacyData"
"1a5050a8-5d4c-4707-9c80-5013c066bf5a","SCBI_060.phenology.phe","D02","SCBI","SCBI_060","2017-02-24","2017-04-03",55,"NEON.PLA.D02.SCBI.06064","Leaves","no",,,,"gchapman@neoninc.org","llemmon@neoninc.org",,"legacyData"
"ba2ac1cf-fd1d-41ca-8342-a9657a1e35ed","SCBI_060.phenology.phe","D02","SCBI","SCBI_060","2017-02-24","2017-04-03",55,"NEON.PLA.D02.SCBI.06057","Colored leaves","no",,,,"gchapman@neoninc.org","llemmon@neoninc.org",,"legacyData"
"13877866-af8c-4aa2-b96f-d323190f10d0","SCBI_060.phenology.phe","D02","SCBI","SCBI_060","2017-02-24","2017-04-03",55,"NEON.PLA.D02.SCBI.06065","Open flowers","no",,,,"gchapman@neoninc.org","llemmon@neoninc.org",,"legacyData"
"ad5b35fe-6ff1-45fe-a21e-21055b1d011f","SCBI_060.phenology.phe","D02","SCBI","SCBI_060","2017-02-24","2017-04-03",55,"NEON.PLA.D02.SCBI.06140","Colored leaves","no",,,,"gchapman@neoninc.org","llemmon@neoninc.org",,"legacyData"
"fa837e4b-e6db-4363-b65c-9dc8f691ad4d","SCBI_060.phenology.phe","D02","SCBI","SCBI_060","2017-02-24","2017-04-03",55,"NEON.PLA.D02.SCBI.06068","Leaves","no",,,,"gchapman@neoninc.org","llemmon@neoninc.org",,"legacyData"
"2c2cd779-ee69-4795-82a7-27633904e2ff","SCBI_060.phenology.phe","D02","SCBI","SCBI_060","2017-02-24","2017-04-03",55,"NEON.PLA.D02.SCBI.06129","Breaking leaf buds","no",,,,"gchapman@neoninc.org","llemmon@neoninc.org",,"legacyData"
"8be74f9d-3713-4ed5-b2ec-9a7e997d0fc9","SCBI_060.phenology.phe","D02","SCBI","SCBI_060","2017-02-24","2017-04-03",55,"NEON.PLA.D02.SCBI.06069","Increasing leaf size","no",,,,"gchapman@neoninc.org","llemmon@neoninc.org",,"legacyData"
"902ccb2f-cf27-444c-a37f-28ebb2ca8d44","SCBI_060.phenology.phe","D02","SCBI","SCBI_060","2017-02-24","2017-04-03",55,"NEON.PLA.D02.SCBI.06062","Colored leaves","no",,,,"gchapman@neoninc.org","llemmon@neoninc.org",,"legacyData"
"6a6a242c-b7d4-4cbc-a822-e872f86a823a","SCBI_060.phenology.phe","D02","SCBI","SCBI_060","2017-02-24","2017-04-03",55,"NEON.PLA.D02.SCBI.06070","Falling leaves","no",,,,"gchapman@neoninc.org","llemmon@neoninc.org",,"legacyData"
"82082816-56b6-40e4-b12b-d0f837eed1c0","SCBI_060.phenology.phe","D02","SCBI","SCBI_060","2017-02-24","2017-04-03",55,"NEON.PLA.D02.SCBI.06073","Falling leaves","no",,,,"gchapman@neoninc.org","llemmon@neoninc.org",,"legacyData"
"9d51b382-8b6d-4639-af90-cfa2a44084ca","SCBI_060.phenology.phe","D02","SCBI","SCBI_060","2017-02-24","2017-04-03",55,"NEON.PLA.D02.SCBI.06129","Open flowers","no",,,,"gchapman@neoninc.org","llemmon@neoninc.org",,"legacyData"
"3aff9ac3-d5d4-4190-aa69-355cc00f98b8","SCBI_060.phenology.phe","D02","SCBI","SCBI_060","2017-02-24","2017-04-03",55,"NEON.PLA.D02.SCBI.06142","Leaves","no",,,,"gchapman@neoninc.org","llemmon@neoninc.org",,"legacyData"
"1292bc1c-919c-47f9-81a0-b5f1fb01cf1b","SCBI_060.phenology.phe","D02","SCBI","SCBI_060","2017-02-24","2017-04-03",55,"NEON.PLA.D02.SCBI.06146","Breaking leaf buds","no",,,,"gchapman@neoninc.org","llemmon@neoninc.org",,"legacyData"
"24900d21-6e57-4d65-a7d8-7fa205409f6f","SCBI_060.phenology.phe","D02","SCBI","SCBI_060","2017-02-24","2017-04-03",55,"NEON.PLA.D02.SCBI.06069","Colored leaves","no",,,,"gchapman@neoninc.org","llemmon@neoninc.org",,"legacyData"
"e1836bb5-ebba-4cc5-887c-1240f9de9302","SCBI_060.phenology.phe","D02","SCBI","SCBI_060","2017-02-24","2017-04-03",55,"NEON.PLA.D02.SCBI.06140","Breaking leaf buds","no",,,,"gchapman@neoninc.org","llemmon@neoninc.org",,"legacyData"
"857d56ad-e868-4f8b-9b60-e7c170892ed1","SCBI_060.phenology.phe","D02","SCBI","SCBI_060","2017-02-24","2017-04-03",55,"NEON.PLA.D02.SCBI.06047","Breaking leaf buds","no",,,,"gchapman@neoninc.org","llemmon@neoninc.org",,"legacyData"
"cd47ccd7-9cb4-4974-ad76-b22faae48c37","SCBI_060.phenology.phe","D02","SCBI","SCBI_060","2017-02-24","2017-04-03",55,"NEON.PLA.D02.SCBI.06055","Open flowers","no",,,,"gchapman@neoninc.org","llemmon@neoninc.org",,"legacyData"
"ff9b720c-c9f8-45cb-a501-8d00b91925e5","SCBI_060.phenology.phe","D02","SCBI","SCBI_060","2017-02-24","2017-04-03",55,"NEON.PLA.D02.SCBI.06047","Colored leaves","no",,,,"gchapman@neoninc.org","llemmon@neoninc.org",,"legacyData"
"e325880d-b472-490e-b6db-a405f93a3346","SCBI_060.phenology.phe","D02","SCBI","SCBI_060","2017-02-24","2017-04-03",55,"NEON.PLA.D02.SCBI.06126","Falling leaves","no",,,,"gchapman@neoninc.org","llemmon@neoninc.org",,"legacyData"
"5e43f041-57f6-4234-9edc-f6c685393756","SCBI_060.phenology.phe","D02","SCBI","SCBI_060","2017-02-24","2017-04-03",55,"NEON.PLA.D02.SCBI.06126","Colored leaves","no",,,,"gchapman@neoninc.org","llemmon@neoninc.org",,"legacyData"
"65fddbf9-7689-4ef6-9c59-d2cf4bf860f4","SCBI_060.phenology.phe","D02","SCBI","SCBI_060","2017-02-24","2017-04-03",55,"NEON.PLA.D02.SCBI.06125","Colored leaves","no",,,,"gchapman@neoninc.org","llemmon@neoninc.org",,"legacyData"
"536f2a60-cd27-4e03-81b0-62577b2bcba7","SCBI_060.phenology.phe","D02","SCBI","SCBI_060","2017-02-24","2017-04-03",55,"NEON.PLA.D02.SCBI.06064","Open flowers","no",,,,"gchapman@neoninc.org","llemmon@neoninc.org",,"legacyData"
"57e920da-b446-48c0-8ea1-10f4fb5af82d","SCBI_060.phenology.phe","D02","SCBI","SCBI_060","2017-02-24","2017-04-03",55,"NEON.PLA.D02.SCBI.06067","Leaves","no",,,,"gchapman@neoninc.org","llemmon@neoninc.org",,"legacyData"
"2adba318-41d6-4b23-a514-79e9234872ed","SCBI_060.phenology.phe","D02","SCBI","SCBI_060","2017-02-24","2017-04-03",55,"NEON.PLA.D02.SCBI.06056","Open flowers","no",,,,"gchapman@neoninc.org","llemmon@neoninc.org",,"legacyData"
"088e84fc-8ac3-4f12-bffe-4a865195a2aa","SCBI_060.phenology.phe","D02","SCBI","SCBI_060","2017-02-24","2017-04-03",55,"NEON.PLA.D02.SCBI.06061","Increasing leaf size","no",,,,"gchapman@neoninc.org","llemmon@neoninc.org",,"legacyData"
"a6aed227-ec35-4e9f-8da3-68b5ec0f50b0","SCBI_060.phenology.phe","D02","SCBI","SCBI_060","2017-02-24","2017-04-03",55,"NEON.PLA.D02.SCBI.06126","Increasing leaf size","no",,,,"gchapman@neoninc.org","llemmon@neoninc.org",,"legacyData"
"4a5c32a5-9e98-414b-9a9e-281dde37b562","SCBI_060.phenology.phe","D02","SCBI","SCBI_060","2017-02-24","2017-04-03",55,"NEON.PLA.D02.SCBI.06063","Open flowers","no",,,,"gchapman@neoninc.org","llemmon@neoninc.org",,"legacyData"
"4d48e338-082f-436a-b6b4-5666b5c99ce7","SCBI_060.phenology.phe","D02","SCBI","SCBI_060","2017-02-24","2017-04-03",55,"NEON.PLA.D02.SCBI.06044","Initial growth","no",,,,"gchapman@neoninc.org","llemmon@neoninc.org",,"legacyData"
"14161d8e-2044-4486-b490-dfe79908ae06","SCBI_060.phenology.phe","D02","SCBI","SCBI_060","2017-02-24","2017-04-03",55,"NEON.PLA.D02.SCBI.06057","Increasing leaf size","no",,,,"gchapman@neoninc.org","llemmon@neoninc.org",,"legacyData"
"2858d865-90c9-455a-8f9b-5a61da987759","SCBI_060.phenology.phe","D02","SCBI","SCBI_060","2017-02-24","2017-04-03",55,"NEON.PLA.D02.SCBI.06145","Colored leaves","no",,,,"gchapman@neoninc.org","llemmon@neoninc.org",,"legacyData"
"675eb672-21ac-4345-a7aa-9392ce26b5ab","SCBI_060.phenology.phe","D02","SCBI","SCBI_060","2017-02-24","2017-04-03",55,"NEON.PLA.D02.SCBI.06054","Falling leaves","no",,,,"gchapman@neoninc.org","llemmon@neoninc.org",,"legacyData"
"cecbbca4-2e08-4e1b-bcf5-f98d61bcd490","SCBI_060.phenology.phe","D02","SCBI","SCBI_060","2017-02-24","2017-04-03",55,"NEON.PLA.D02.SCBI.06145","Increasing leaf size","no",,,,"gchapman@neoninc.org","llemmon@neoninc.org",,"legacyData"
"d6777dcd-2857-4917-926f-1145a7c6b6cc","SCBI_060.phenology.phe","D02","SCBI","SCBI_060","2017-02-24","2017-04-03",55,"NEON.PLA.D02.SCBI.06144","Leaves","no",,,,"gchapman@neoninc.org","llemmon@neoninc.org",,"legacyData"
"d227c5cf-9f9a-40a8-bcd8-bada043a8d53","SCBI_060.phenology.phe","D02","SCBI","SCBI_060","2017-02-24","2017-04-03",55,"NEON.PLA.D02.SCBI.06144","Open flowers","no",,,,"gchapman@neoninc.org","llemmon@neoninc.org",,"legacyData"
"0d71d9b0-4995-4ce3-ad0d-9ea9f7474567","SCBI_060.phenology.phe","D02","SCBI","SCBI_060","2017-02-24","2017-04-03",55,"NEON.PLA.D02.SCBI.06054","Open flowers","no",,,,"gchapman@neoninc.org","llemmon@neoninc.org",,"legacyData"
"1a983431-2c8c-47bb-b271-2479580b408b","SCBI_060.phenology.phe","D02","SCBI","SCBI_060","2017-02-24","2017-04-03",55,"NEON.PLA.D02.SCBI.06055","Falling leaves","no",,,,"gchapman@neoninc.org","llemmon@neoninc.org",,"legacyData"
"cd38c5fc-74f4-43e9-aaf9-0ca64bff2923","SCBI_060.phenology.phe","D02","SCBI","SCBI_060","2017-02-24","2017-04-03",55,"NEON.PLA.D02.SCBI.06128","Leaves","no",,,,"gchapman@neoninc.org","llemmon@neoninc.org",,"legacyData"
"86d379de-8d26-44c1-842e-9233764c850d","SCBI_060.phenology.phe","D02","SCBI","SCBI_060","2017-02-24","2017-04-03",55,"NEON.PLA.D02.SCBI.06145","Falling leaves","no",,,,"gchapman@neoninc.org","llemmon@neoninc.org",,"legacyData"
"ca39c1b2-4b80-4e82-82e9-61830aad8e51","SCBI_060.phenology.phe","D02","SCBI","SCBI_060","2017-02-24","2017-04-03",55,"NEON.PLA.D02.SCBI.06056","Leaves","no",,,,"gchapman@neoninc.org","llemmon@neoninc.org",,"legacyData"
"d776f0f9-529e-4cca-a7a0-6fe90e51d189","SCBI_060.phenology.phe","D02","SCBI","SCBI_060","2017-02-24","2017-04-03",55,"NEON.PLA.D02.SCBI.06145","Breaking leaf buds","no",,,,"gchapman@neoninc.org","llemmon@neoninc.org",,"legacyData"
"00fa0666-b7a3-4dfa-9d6e-f0374b29ecaf","SCBI_060.phenology.phe","D02","SCBI","SCBI_060","2017-02-24","2017-04-03",55,"NEON.PLA.D02.SCBI.06123","Open flowers","no",,,,"gchapman@neoninc.org","llemmon@neoninc.org",,"legacyData"
"31e52606-43d2-4205-8333-590ec986d04c","SCBI_060.phenology.phe","D02","SCBI","SCBI_060","2017-02-24","2017-04-03",55,"NEON.PLA.D02.SCBI.06055","Colored leaves","no",,,,"gchapman@neoninc.org","llemmon@neoninc.org",,"legacyData"
"c6feed68-5543-4435-bb9e-ac392816550f","SCBI_060.phenology.phe","D02","SCBI","SCBI_060","2017-02-24","2017-04-03",55,"NEON.PLA.D02.SCBI.06050","Leaves","no",,,,"gchapman@neoninc.org","llemmon@neoninc.org",,"legacyData"
"b213e727-13cb-423b-9ef2-67755233276f","SCBI_060.phenology.phe","D02","SCBI","SCBI_060","2017-02-24","2017-04-03",55,"NEON.PLA.D02.SCBI.06125","Breaking leaf buds","no",,,,"gchapman@neoninc.org","llemmon@neoninc.org",,"legacyData"
"02b42c86-6108-4125-9c8c-6ebd0eabd825","SCBI_060.phenology.phe","D02","SCBI","SCBI_060","2017-02-24","2017-04-03",55,"NEON.PLA.D02.SCBI.06127","Open flowers","no",,,,"gchapman@neoninc.org","llemmon@neoninc.org",,"legacyData"
"de547f21-e8b1-450b-9e8a-51e5e20f08a2","SCBI_060.phenology.phe","D02","SCBI","SCBI_060","2017-02-24","2017-04-03",55,"NEON.PLA.D02.SCBI.06127","Colored leaves","no",,,,"gchapman@neoninc.org","llemmon@neoninc.org",,"legacyData"
"593e510f-ae6f-4674-a5c7-cd9905bc9300","SCBI_060.phenology.phe","D02","SCBI","SCBI_060","2017-02-24","2017-04-03",55,"NEON.PLA.D02.SCBI.06141","Initial growth","no",,,,"gchapman@neoninc.org","llemmon@neoninc.org",,"legacyData"
"5965179b-274a-43fa-abe7-a25febb84169","SCBI_060.phenology.phe","D02","SCBI","SCBI_060","2017-02-24","2017-04-03",55,"NEON.PLA.D02.SCBI.06047","Leaves","no",,,,"gchapman@neoninc.org","llemmon@neoninc.org",,"legacyData"
"d092b56a-86d7-49b3-9e51-89d74c160687","SCBI_060.phenology.phe","D02","SCBI","SCBI_060","2017-02-24","2017-04-03",55,"NEON.PLA.D02.SCBI.06042","Open flowers","no",,,,"gchapman@neoninc.org","llemmon@neoninc.org",,"legacyData"
"f8900ef9-6401-489f-9664-b944deaa164e","SCBI_060.phenology.phe","D02","SCBI","SCBI_060","2017-02-24","2017-04-03",55,"NEON.PLA.D02.SCBI.06061","Leaves","no",,,,"gchapman@neoninc.org","llemmon@neoninc.org",,"legacyData"
"cc052fbd-2cd1-4f36-a0a7-e23b16a09d78","SCBI_060.phenology.phe","D02","SCBI","SCBI_060","2017-02-24","2017-04-03",55,"NEON.PLA.D02.SCBI.06126","Leaves","no",,,,"gchapman@neoninc.org","llemmon@neoninc.org",,"legacyData"
"fb3170a4-8729-450f-9f77-8fe29473039f","SCBI_060.phenology.phe","D02","SCBI","SCBI_060","2017-02-24","2017-04-03",55,"NEON.PLA.D02.SCBI.06057","Falling leaves","no",,,,"gchapman@neoninc.org","llemmon@neoninc.org",,"legacyData"
"c8e07aef-4ab9-4775-ba1c-62346d2a71be","SCBI_060.phenology.phe","D02","SCBI","SCBI_060","2017-02-24","2017-04-03",55,"NEON.PLA.D02.SCBI.06127","Falling leaves","no",,,,"gchapman@neoninc.org","llemmon@neoninc.org",,"legacyData"
"eede4da1-c76f-423b-b4bb-37c12cd69535","SCBI_060.phenology.phe","D02","SCBI","SCBI_060","2017-02-24","2017-04-03",55,"NEON.PLA.D02.SCBI.06140","Leaves","no",,,,"gchapman@neoninc.org","llemmon@neoninc.org",,"legacyData"
"89b87a9b-5d77-494f-bddc-6bcb50d9a7ff","SCBI_060.phenology.phe","D02","SCBI","SCBI_060","2017-02-24","2017-04-03",55,"NEON.PLA.D02.SCBI.06057","Open flowers","no",,,,"gchapman@neoninc.org","llemmon@neoninc.org",,"legacyData"
"10340808-7b38-4721-8fc7-e0cdcbe05350","SCBI_060.phenology.phe","D02","SCBI","SCBI_060","2017-02-24","2017-04-03",55,"NEON.PLA.D02.SCBI.06064","Initial growth","no",,,,"gchapman@neoninc.org","llemmon@neoninc.org",,"legacyData"
"1fab34fa-dd92-434c-b7b5-032a3f2cdffd","SCBI_060.phenology.phe","D02","SCBI","SCBI_060","2017-02-24","2017-04-03",55,"NEON.PLA.D02.SCBI.06145","Leaves","no",,,,"gchapman@neoninc.org","llemmon@neoninc.org",,"legacyData"
"2dcca60b-1bd9-41d5-b3bb-09b5f0596b78","SCBI_060.phenology.phe","D02","SCBI","SCBI_060","2017-02-24","2017-04-03",55,"NEON.PLA.D02.SCBI.06125","Falling leaves","no",,,,"gchapman@neoninc.org","llemmon@neoninc.org",,"legacyData"
"0a8de93c-5624-4af7-b2aa-e8314649728d","SCBI_060.phenology.phe","D02","SCBI","SCBI_060","2017-02-24","2017-04-03",55,"NEON.PLA.D02.SCBI.06127","Leaves","no",,,,"gchapman@neoninc.org","llemmon@neoninc.org",,"legacyData"
"7077f5ba-8c4a-48b6-8dda-33408c0181b1","SCBI_060.phenology.phe","D02","SCBI","SCBI_060","2017-02-24","2017-04-03",55,"NEON.PLA.D02.SCBI.06065","Leaves","no",,,,"gchapman@neoninc.org","llemmon@neoninc.org",,"legacyData"
"77fce0e9-1ffe-486e-8877-6f020f6a011f","SCBI_060.phenology.phe","D02","SCBI","SCBI_060","2017-02-24","2017-04-03",55,"NEON.PLA.D02.SCBI.06125","Increasing leaf size","no",,,,"gchapman@neoninc.org","llemmon@neoninc.org",,"legacyData"
"570e1e33-0ed5-4763-a29c-a2d3148a2ffb","SCBI_060.phenology.phe","D02","SCBI","SCBI_060","2017-02-24","2017-04-03",55,"NEON.PLA.D02.SCBI.06127","Increasing leaf size","no",,,,"gchapman@neoninc.org","llemmon@neoninc.org",,"legacyData"
"13b60e5e-8518-40be-a5ef-c0636e4aeded","SCBI_060.phenology.phe","D02","SCBI","SCBI_060","2017-02-24","2017-04-03",55,"NEON.PLA.D02.SCBI.06123","Breaking leaf buds","no",,,,"gchapman@neoninc.org","llemmon@neoninc.org",,"legacyData"
"7fbd84f4-d26c-45e5-bc24-f9b70af8de35","SCBI_060.phenology.phe","D02","SCBI","SCBI_060","2017-02-24","2017-04-03",55,"NEON.PLA.D02.SCBI.06126","Open flowers","no",,,,"gchapman@neoninc.org","llemmon@neoninc.org",,"legacyData"
"782070d5-76b8-482f-a57a-b36407f6e5fd","SCBI_060.phenology.phe","D02","SCBI","SCBI_060","2017-02-24","2017-04-03",55,"NEON.PLA.D02.SCBI.06067","Increasing leaf size","no",,,,"gchapman@neoninc.org","llemmon@neoninc.org",,"legacyData"
"9e1705ec-9e65-4746-aca3-06180da219f4","SCBI_060.phenology.phe","D02","SCBI","SCBI_060","2017-02-24","2017-04-03",55,"NEON.PLA.D02.SCBI.06041","Leaves","no",,,,"gchapman@neoninc.org","llemmon@neoninc.org",,"legacyData"
"1d49d839-6d37-41a9-a9ed-941a476482d8","SCBI_060.phenology.phe","D02","SCBI","SCBI_060","2017-02-24","2017-04-03",55,"NEON.PLA.D02.SCBI.06098","Initial growth","no",,,,"gchapman@neoninc.org","llemmon@neoninc.org",,"legacyData"
"768d10a6-3ab6-4af1-be8b-fd224954f2a2","SCBI_060.phenology.phe","D02","SCBI","SCBI_060","2017-02-24","2017-04-03",55,"NEON.PLA.D02.SCBI.06123","Colored leaves","no",,,,"gchapman@neoninc.org","llemmon@neoninc.org",,"legacyData"
"9e1bfc74-5515-422b-a10d-d5608a1c04ed","SCBI_060.phenology.phe","D02","SCBI","SCBI_060","2017-02-24","2017-04-03",55,"NEON.PLA.D02.SCBI.06145","Open flowers","no",,,,"gchapman@neoninc.org","llemmon@neoninc.org",,"legacyData"
"4ff020f5-2b9a-4398-8467-4607512cb1a6","SCBI_060.phenology.phe","D02","SCBI","SCBI_060","2017-02-24","2017-04-03",55,"NEON.PLA.D02.SCBI.06128","Falling leaves","no",,,,"gchapman@neoninc.org","llemmon@neoninc.org",,"legacyData"
"47c750e9-a881-4185-b517-b5dc979e46f9","SCBI_060.phenology.phe","D02","SCBI","SCBI_060","2017-02-24","2017-04-03",55,"NEON.PLA.D02.SCBI.06123","Increasing leaf size","no",,,,"gchapman@neoninc.org","llemmon@neoninc.org",,"legacyData"
"67019970-9e85-424f-99a7-438f00abc667","SCBI_060.phenology.phe","D02","SCBI","SCBI_060","2017-02-24","2017-04-03",55,"NEON.PLA.D02.SCBI.06123","Falling leaves","no",,,,"gchapman@neoninc.org","llemmon@neoninc.org",,"legacyData"
"6bad1256-f75a-4766-b165-c9a3c554fb1d","SCBI_060.phenology.phe","D02","SCBI","SCBI_060","2017-02-24","2017-04-03",55,"NEON.PLA.D02.SCBI.06130","Breaking leaf buds","no",,,,"gchapman@neoninc.org","llemmon@neoninc.org",,"legacyData"
"24e41c5c-ab3d-42bc-8a2f-09e483927839","SCBI_060.phenology.phe","D02","SCBI","SCBI_060","2017-02-24","2017-04-03",55,"NEON.PLA.D02.SCBI.06098","Open flowers","no",,,,"gchapman@neoninc.org","llemmon@neoninc.org",,"legacyData"
"ef72c39f-fb96-4f95-adcc-b6066e3775d2","SCBI_060.phenology.phe","D02","SCBI","SCBI_060","2017-02-24","2017-04-03",55,"NEON.PLA.D02.SCBI.06132","Increasing leaf size","no",,,,"gchapman@neoninc.org","llemmon@neoninc.org",,"legacyData"
"986cab64-d230-472d-a410-3ad19897b87c","SCBI_060.phenology.phe","D02","SCBI","SCBI_060","2017-02-24","2017-04-03",55,"NEON.PLA.D02.SCBI.06125","Open flowers","no",,,,"gchapman@neoninc.org","llemmon@neoninc.org",,"legacyData"
"4de4d26b-c2bb-4485-815c-4365cd77957c","SCBI_060.phenology.phe","D02","SCBI","SCBI_060","2017-02-24","2017-04-03",55,"NEON.PLA.D02.SCBI.06097","Leaves","no",,,,"gchapman@neoninc.org","llemmon@neoninc.org",,"legacyData"
"0670cfe9-89c1-4a49-8221-e03532482768","SCBI_060.phenology.phe","D02","SCBI","SCBI_060","2017-02-24","2017-04-03",55,"NEON.PLA.D02.SCBI.06129","Colored leaves","no",,,,"gchapman@neoninc.org","llemmon@neoninc.org",,"legacyData"
"b518fe1c-5d68-4f82-a5cd-dad141f8c80a","SCBI_060.phenology.phe","D02","SCBI","SCBI_060","2017-02-24","2017-04-03",55,"NEON.PLA.D02.SCBI.06146","Leaves","no",,,,"gchapman@neoninc.org","llemmon@neoninc.org",,"legacyData"
"55915c3b-da86-4312-ba86-62a22726af6d","SCBI_060.phenology.phe","D02","SCBI","SCBI_060","2017-02-24","2017-04-03",55,"NEON.PLA.D02.SCBI.06042","Leaves","no",,,,"gchapman@neoninc.org","llemmon@neoninc.org",,"legacyData"
"40073ddb-4703-4983-af1a-900d9e138a7b","SCBI_060.phenology.phe","D02","SCBI","SCBI_060","2017-02-24","2017-04-03",55,"NEON.PLA.D02.SCBI.06102","Breaking leaf buds","no",,,,"gchapman@neoninc.org","llemmon@neoninc.org",,"legacyData"
"21aed540-1df8-4b18-b145-7a04db0c7c6d","SCBI_060.phenology.phe","D02","SCBI","SCBI_060","2017-02-24","2017-04-03",55,"NEON.PLA.D02.SCBI.06130","Leaves","no",,,,"gchapman@neoninc.org","llemmon@neoninc.org",,"legacyData"
"ddeb34e8-ebae-47ac-9547-ca9b4ffa4101","SCBI_060.phenology.phe","D02","SCBI","SCBI_060","2017-02-24","2017-04-03",55,"NEON.PLA.D02.SCBI.06096","Leaves","no",,,,"gchapman@neoninc.org","llemmon@neoninc.org",,"legacyData"
"051859b6-c498-4318-b3d1-4bda1d49f843","SCBI_060.phenology.phe","D02","SCBI","SCBI_060","2017-02-24","2017-04-03",55,"NEON.PLA.D02.SCBI.06122","Open flowers","no",,,,"gchapman@neoninc.org","llemmon@neoninc.org",,"legacyData"
"407e48df-9896-4e19-a9de-80e8bc3b97b7","SCBI_060.phenology.phe","D02","SCBI","SCBI_060","2017-02-24","2017-04-03",55,"NEON.PLA.D02.SCBI.06128","Breaking leaf buds","no",,,,"gchapman@neoninc.org","llemmon@neoninc.org",,"legacyData"
"b5daed10-0af1-4859-adb9-cfebd32ccc14","SCBI_060.phenology.phe","D02","SCBI","SCBI_060","2017-02-24","2017-04-03",55,"NEON.PLA.D02.SCBI.06102","Leaves","no",,,,"gchapman@neoninc.org","llemmon@neoninc.org",,"legacyData"
"a841aa80-a72b-48bb-9c29-d23234b83198","SCBI_060.phenology.phe","D02","SCBI","SCBI_060","2017-02-24","2017-04-03",55,"NEON.PLA.D02.SCBI.06053","Leaves","no",,,,"gchapman@neoninc.org","llemmon@neoninc.org",,"legacyData"
"02ff6ce3-6bd6-4c25-a558-d5ca34680b94","SCBI_060.phenology.phe","D02","SCBI","SCBI_060","2017-02-24","2017-04-03",55,"NEON.PLA.D02.SCBI.06042","Initial growth","no",,,,"gchapman@neoninc.org","llemmon@neoninc.org",,"legacyData"
"0aab1f7f-ce48-4cfe-b738-bcdee56c63cf","SCBI_060.phenology.phe","D02","SCBI","SCBI_060","2017-02-24","2017-04-03",55,"NEON.PLA.D02.SCBI.06056","Colored leaves","no",,,,"gchapman@neoninc.org","llemmon@neoninc.org",,"legacyData"
"d2f9654a-baf5-43e6-96bc-740556b476bc","SCBI_060.phenology.phe","D02","SCBI","SCBI_060","2017-02-24","2017-04-03",55,"NEON.PLA.D02.SCBI.06132","Colored leaves","no",,,,"gchapman@neoninc.org","llemmon@neoninc.org",,"legacyData"
"1f4a0dab-e292-4ef5-a02f-2f4890ce26eb","SCBI_060.phenology.phe","D02","SCBI","SCBI_060","2017-02-24","2017-04-03",55,"NEON.PLA.D02.SCBI.06102","Colored leaves","no",,,,"gchapman@neoninc.org","llemmon@neoninc.org",,"legacyData"
"8b2bd78e-c1cd-4f52-ac82-247a719decda","SCBI_060.phenology.phe","D02","SCBI","SCBI_060","2017-02-24","2017-04-03",55,"NEON.PLA.D02.SCBI.06128","Colored leaves","no",,,,"gchapman@neoninc.org","llemmon@neoninc.org",,"legacyData"
"6c09378f-c190-4eb6-9bd9-0da60b848fd1","SCBI_060.phenology.phe","D02","SCBI","SCBI_060","2017-02-24","2017-04-03",55,"NEON.PLA.D02.SCBI.06056","Breaking leaf buds","no",,,,"gchapman@neoninc.org","llemmon@neoninc.org",,"legacyData"
"6987343d-9222-4922-a83e-12c64bfe2e1c","SCBI_060.phenology.phe","D02","SCBI","SCBI_060","2017-02-24","2017-04-03",55,"NEON.PLA.D02.SCBI.06041","Initial growth","no",,,,"gchapman@neoninc.org","llemmon@neoninc.org",,"legacyData"
"753116ca-3521-46b6-91c6-1267835fc8b7","SCBI_060.phenology.phe","D02","SCBI","SCBI_060","2017-02-24","2017-04-03",55,"NEON.PLA.D02.SCBI.06128","Open flowers","no",,,,"gchapman@neoninc.org","llemmon@neoninc.org",,"legacyData"
"c913c938-0a3b-407b-a6c6-1aa5af9ac51c","SCBI_060.phenology.phe","D02","SCBI","SCBI_060","2017-02-24","2017-04-03",55,"NEON.PLA.D02.SCBI.06127","Breaking leaf buds","no",,,,"gchapman@neoninc.org","llemmon@neoninc.org",,"legacyData"
"945389a4-b0f1-47c1-90b2-4dae0355bb71","SCBI_060.phenology.phe","D02","SCBI","SCBI_060","2017-02-24","2017-04-03",55,"NEON.PLA.D02.SCBI.06132","Falling leaves","no",,,,"gchapman@neoninc.org","llemmon@neoninc.org",,"legacyData"
"3a5323e3-9b78-4177-8af4-3bcbafdb84f4","SCBI_060.phenology.phe","D02","SCBI","SCBI_060","2017-02-24","2017-04-03",55,"NEON.PLA.D02.SCBI.06049","Open flowers","no",,,,"gchapman@neoninc.org","llemmon@neoninc.org",,"legacyData"
"4a77f2bc-277f-4e6d-b811-f870347bd156","SCBI_060.phenology.phe","D02","SCBI","SCBI_060","2017-02-24","2017-04-03",55,"NEON.PLA.D02.SCBI.06133","Colored leaves","no",,,,"gchapman@neoninc.org","llemmon@neoninc.org",,"legacyData"
"5f94803e-c165-48b1-bf2d-2b3be82118ac","SCBI_060.phenology.phe","D02","SCBI","SCBI_060","2017-02-24","2017-04-03",55,"NEON.PLA.D02.SCBI.06047","Falling leaves","no",,,,"gchapman@neoninc.org","llemmon@neoninc.org",,"legacyData"
"4fe27306-c0e5-4806-b785-ac930808c9da","SCBI_060.phenology.phe","D02","SCBI","SCBI_060","2017-02-24","2017-04-03",55,"NEON.PLA.D02.SCBI.06132","Open flowers","no",,,,"gchapman@neoninc.org","llemmon@neoninc.org",,"legacyData"
"5e5af94a-cf28-4b83-aaaa-4de938a2a54e","SCBI_060.phenology.phe","D02","SCBI","SCBI_060","2017-02-24","2017-04-03",55,"NEON.PLA.D02.SCBI.06129","Falling leaves","no",,,,"gchapman@neoninc.org","llemmon@neoninc.org",,"legacyData"
"3126e0f1-9160-440e-91ab-69b05984bc6f","SCBI_060.phenology.phe","D02","SCBI","SCBI_060","2017-02-24","2017-04-03",55,"NEON.PLA.D02.SCBI.06130","Open flowers","no",,,,"gchapman@neoninc.org","llemmon@neoninc.org",,"legacyData"
"f5114fe6-8ea8-41b7-997f-f3e04ec4833d","SCBI_060.phenology.phe","D02","SCBI","SCBI_060","2017-02-24","2017-04-03",55,"NEON.PLA.D02.SCBI.06098","Leaves","no",,,,"gchapman@neoninc.org","llemmon@neoninc.org",,"legacyData"
"386639ee-8dec-469a-b3c6-ceef15caad9a","SCBI_060.phenology.phe","D02","SCBI","SCBI_060","2017-02-24","2017-04-03",55,"NEON.PLA.D02.SCBI.06122","Leaves","no",,,,"gchapman@neoninc.org","llemmon@neoninc.org",,"legacyData"
"a2ba5025-bc59-4369-9657-e4ab88905636","SCBI_060.phenology.phe","D02","SCBI","SCBI_060","2017-02-24","2017-04-03",55,"NEON.PLA.D02.SCBI.06129","Leaves","no",,,,"gchapman@neoninc.org","llemmon@neoninc.org",,"legacyData"
"88858f81-0828-4076-97d4-f1b324014f8e","SCBI_060.phenology.phe","D02","SCBI","SCBI_060","2017-02-24","2017-04-03",55,"NEON.PLA.D02.SCBI.06049","Leaves","no",,,,"gchapman@neoninc.org","llemmon@neoninc.org",,"legacyData"
"e7743671-6bbe-41de-9d49-b1e9312698d0","SCBI_060.phenology.phe","D02","SCBI","SCBI_060","2017-02-24","2017-04-03",55,"NEON.PLA.D02.SCBI.06143","Open flowers","no",,,,"gchapman@neoninc.org","llemmon@neoninc.org",,"legacyData"
"f8cfd5db-0552-4d05-bf5e-f57a51571d37","SCBI_060.phenology.phe","D02","SCBI","SCBI_060","2017-02-24","2017-04-03",55,"NEON.PLA.D02.SCBI.06132","Leaves","no",,,,"gchapman@neoninc.org","llemmon@neoninc.org",,"legacyData"
"7937283c-0db5-408d-b798-77331bd72d96","SCBI_060.phenology.phe","D02","SCBI","SCBI_060","2017-02-24","2017-04-03",55,"NEON.PLA.D02.SCBI.06099","Leaves","no",,,,"gchapman@neoninc.org","llemmon@neoninc.org",,"legacyData"
"35b96de9-75d6-4a24-963c-2caaf46e6409","SCBI_060.phenology.phe","D02","SCBI","SCBI_060","2017-02-24","2017-04-03",55,"NEON.PLA.D02.SCBI.06099","Open flowers","no",,,,"gchapman@neoninc.org","llemmon@neoninc.org",,"legacyData"
"803be888-f752-49e0-8427-f80387590929","SCBI_060.phenology.phe","D02","SCBI","SCBI_060","2017-02-24","2017-04-03",55,"NEON.PLA.D02.SCBI.06129","Increasing leaf size","no",,,,"gchapman@neoninc.org","llemmon@neoninc.org",,"legacyData"
"3bbfbf05-bdb3-4d23-a4d2-9a0e86cfce88","SCBI_060.phenology.phe","D02","SCBI","SCBI_060","2017-02-24","2017-04-03",55,"NEON.PLA.D02.SCBI.06041","Open flowers","no",,,,"gchapman@neoninc.org","llemmon@neoninc.org",,"legacyData"
"45c276d5-62c6-4268-a1c6-6171fb88807f","SCBI_060.phenology.phe","D02","SCBI","SCBI_060","2017-02-24","2017-04-03",55,"NEON.PLA.D02.SCBI.06050","Initial growth","no",,,,"gchapman@neoninc.org","llemmon@neoninc.org",,"legacyData"
"01b29f24-a6ca-4dd0-aa7b-79519d8af9d0","SCBI_060.phenology.phe","D02","SCBI","SCBI_060","2017-02-24","2017-04-03",55,"NEON.PLA.D02.SCBI.06144","Initial growth","no",,,,"gchapman@neoninc.org","llemmon@neoninc.org",,"legacyData"
"fe362eb1-1bee-4148-8db3-1e9ffb362473","SCBI_060.phenology.phe","D02","SCBI","SCBI_060","2017-02-24","2017-04-03",55,"NEON.PLA.D02.SCBI.06090","Increasing leaf size","no",,,,"gchapman@neoninc.org","llemmon@neoninc.org",,"legacyData"
"64378df2-86e6-4887-9ccb-ea4bc818e581","SCBI_060.phenology.phe","D02","SCBI","SCBI_060","2017-02-24","2017-04-03",55,"NEON.PLA.D02.SCBI.06101","Increasing leaf size","no",,,,"gchapman@neoninc.org","llemmon@neoninc.org",,"legacyData"
"fba38f94-72ea-4eb5-aea9-3fff97dee744","SCBI_060.phenology.phe","D02","SCBI","SCBI_060","2017-02-24","2017-04-03",55,"NEON.PLA.D02.SCBI.06102","Increasing leaf size","no",,,,"gchapman@neoninc.org","llemmon@neoninc.org",,"legacyData"
"53b1e828-e405-4bad-b6df-da9d0a531f73","SCBI_060.phenology.phe","D02","SCBI","SCBI_060","2017-02-24","2017-04-03",55,"NEON.PLA.D02.SCBI.06093","Leaves","no",,,,"gchapman@neoninc.org","llemmon@neoninc.org",,"legacyData"
"edcafc75-8633-414d-a14e-d6405a51801c","SCBI_060.phenology.phe","D02","SCBI","SCBI_060","2017-02-24","2017-04-03",55,"NEON.PLA.D02.SCBI.06133","Falling leaves","no",,,,"gchapman@neoninc.org","llemmon@neoninc.org",,"legacyData"
"90cc061f-557b-4181-b15e-5ebd2b497d89","SCBI_060.phenology.phe","D02","SCBI","SCBI_060","2017-02-24","2017-04-03",55,"NEON.PLA.D02.SCBI.06133","Open flowers","no",,,,"gchapman@neoninc.org","llemmon@neoninc.org",,"legacyData"
"983fa5c0-9332-41c9-b402-4ea1d7a48959","SCBI_060.phenology.phe","D02","SCBI","SCBI_060","2017-02-24","2017-04-03",55,"NEON.PLA.D02.SCBI.06135","Open flowers","no",,,,"gchapman@neoninc.org","llemmon@neoninc.org",,"legacyData"
"5ab1cf17-46bb-4e8f-b25d-08e95d63c33b","SCBI_060.phenology.phe","D02","SCBI","SCBI_060","2017-02-24","2017-04-03",55,"NEON.PLA.D02.SCBI.06101","Colored leaves","no",,,,"gchapman@neoninc.org","llemmon@neoninc.org",,"legacyData"
"7400fe57-4ef9-4a95-a1bf-0eba1f6c9edf","SCBI_060.phenology.phe","D02","SCBI","SCBI_060","2017-02-24","2017-04-03",55,"NEON.PLA.D02.SCBI.06044","Open flowers","no",,,,"gchapman@neoninc.org","llemmon@neoninc.org",,"legacyData"
"a9175a89-2fea-4731-9df2-27ac6b94e12c","SCBI_060.phenology.phe","D02","SCBI","SCBI_060","2017-02-24","2017-04-03",55,"NEON.PLA.D02.SCBI.06146","Colored leaves","no",,,,"gchapman@neoninc.org","llemmon@neoninc.org",,"legacyData"
"8b195e09-2acf-4f89-924e-04fb094c5a51","SCBI_060.phenology.phe","D02","SCBI","SCBI_060","2017-02-24","2017-04-03",55,"NEON.PLA.D02.SCBI.06148","Leaves","no",,,,"gchapman@neoninc.org","llemmon@neoninc.org",,"legacyData"
"932d0732-f5ca-45a2-8501-8d3ba07ac08b","SCBI_060.phenology.phe","D02","SCBI","SCBI_060","2017-02-24","2017-04-03",55,"NEON.PLA.D02.SCBI.06096","Open flowers","no",,,,"gchapman@neoninc.org","llemmon@neoninc.org",,"legacyData"
"0c8cba46-620e-4914-851b-8104208d09a9","SCBI_060.phenology.phe","D02","SCBI","SCBI_060","2017-02-24","2017-04-03",55,"NEON.PLA.D02.SCBI.06135","Increasing leaf size","no",,,,"gchapman@neoninc.org","llemmon@neoninc.org",,"legacyData"
"d87ce1af-4f5c-43be-81e1-33941ba1f867","SCBI_060.phenology.phe","D02","SCBI","SCBI_060","2017-02-24","2017-04-03",55,"NEON.PLA.D02.SCBI.06044","Leaves","no",,,,"gchapman@neoninc.org","llemmon@neoninc.org",,"legacyData"
"a57731fb-03f2-4949-b4aa-aab3469abab8","SCBI_060.phenology.phe","D02","SCBI","SCBI_060","2017-02-24","2017-04-03",55,"NEON.PLA.D02.SCBI.06096","Initial growth","no",,,,"gchapman@neoninc.org","llemmon@neoninc.org",,"legacyData"
"60387882-0d7d-49e9-933e-5b21634297e1","SCBI_060.phenology.phe","D02","SCBI","SCBI_060","2017-02-24","2017-04-03",55,"NEON.PLA.D02.SCBI.06104","Open flowers","no",,,,"gchapman@neoninc.org","llemmon@neoninc.org",,"legacyData"
"92243c5e-a109-4444-9a35-ce7a159e1e8b","SCBI_060.phenology.phe","D02","SCBI","SCBI_060","2017-02-24","2017-04-03",55,"NEON.PLA.D02.SCBI.06128","Increasing leaf size","no",,,,"gchapman@neoninc.org","llemmon@neoninc.org",,"legacyData"
"c536bd7b-95ec-4509-8a26-d2a56f54a702","SCBI_060.phenology.phe","D02","SCBI","SCBI_060","2017-02-24","2017-04-03",55,"NEON.PLA.D02.SCBI.06102","Open flowers","no",,,,"gchapman@neoninc.org","llemmon@neoninc.org",,"legacyData"
"a9c033c2-7346-4e6a-a885-c503ec9de25f","SCBI_060.phenology.phe","D02","SCBI","SCBI_060","2017-02-24","2017-04-03",55,"NEON.PLA.D02.SCBI.06135","Breaking leaf buds","no",,,,"gchapman@neoninc.org","llemmon@neoninc.org",,"legacyData"
"bd071297-4cad-4ba5-9b22-4fddbb791035","SCBI_060.phenology.phe","D02","SCBI","SCBI_060","2017-02-24","2017-04-03",55,"NEON.PLA.D02.SCBI.06130","Increasing leaf size","no",,,,"gchapman@neoninc.org","llemmon@neoninc.org",,"legacyData"
"845a8910-b479-46cb-96ed-71112d7aee7d","SCBI_060.phenology.phe","D02","SCBI","SCBI_060","2017-02-24","2017-04-03",55,"NEON.PLA.D02.SCBI.06146","Increasing leaf size","no",,,,"gchapman@neoninc.org","llemmon@neoninc.org",,"legacyData"
"7595c6ee-ead7-4386-9308-5c7072b888bf","SCBI_060.phenology.phe","D02","SCBI","SCBI_060","2017-02-24","2017-04-03",55,"NEON.PLA.D02.SCBI.06133","Leaves","no",,,,"gchapman@neoninc.org","llemmon@neoninc.org",,"legacyData"
"dd8ad168-9f1b-45bc-b0ef-0bcbbaa0a408","SCBI_060.phenology.phe","D02","SCBI","SCBI_060","2017-02-24","2017-04-03",55,"NEON.PLA.D02.SCBI.06130","Colored leaves","no",,,,"gchapman@neoninc.org","llemmon@neoninc.org",,"legacyData"
"4b6bfe59-cb3f-431d-8c23-ba1c9d14458b","SCBI_060.phenology.phe","D02","SCBI","SCBI_060","2017-02-24","2017-04-03",55,"NEON.PLA.D02.SCBI.06093","Breaking leaf buds","no",,,,"gchapman@neoninc.org","llemmon@neoninc.org",,"legacyData"
"334e5448-ff7c-4693-9125-e7aa61fc5824","SCBI_060.phenology.phe","D02","SCBI","SCBI_060","2017-02-24","2017-04-03",55,"NEON.PLA.D02.SCBI.06148","Breaking leaf buds","no",,,,"gchapman@neoninc.org","llemmon@neoninc.org",,"legacyData"
"7c543179-83aa-415d-84ea-9000ce791e69","SCBI_060.phenology.phe","D02","SCBI","SCBI_060","2017-02-24","2017-04-03",55,"NEON.PLA.D02.SCBI.06092","Falling leaves","no",,,,"gchapman@neoninc.org","llemmon@neoninc.org",,"legacyData"
"51640b8f-b875-43e9-a19c-c4ad6bccc377","SCBI_060.phenology.phe","D02","SCBI","SCBI_060","2017-02-24","2017-04-03",55,"NEON.PLA.D02.SCBI.06133","Increasing leaf size","no",,,,"gchapman@neoninc.org","llemmon@neoninc.org",,"legacyData"
"d5a83f47-2584-4c8e-bc13-b49eee625ae0","SCBI_060.phenology.phe","D02","SCBI","SCBI_060","2017-02-24","2017-04-03",55,"NEON.PLA.D02.SCBI.06090","Breaking leaf buds","no",,,,"gchapman@neoninc.org","llemmon@neoninc.org",,"legacyData"
"1bf8a8bb-20a9-4c6c-9d4c-fbc20cfe4a3b","SCBI_060.phenology.phe","D02","SCBI","SCBI_060","2017-02-24","2017-04-03",55,"NEON.PLA.D02.SCBI.06091","Initial growth","no",,,,"gchapman@neoninc.org","llemmon@neoninc.org",,"legacyData"
"d4bbe27f-22fe-4196-8cac-3ee83bffb4de","SCBI_060.phenology.phe","D02","SCBI","SCBI_060","2017-02-24","2017-04-03",55,"NEON.PLA.D02.SCBI.06092","Leaves","no",,,,"gchapman@neoninc.org","llemmon@neoninc.org",,"legacyData"
"c31d7de2-732d-4f87-97fd-b87978e7bc4f","SCBI_060.phenology.phe","D02","SCBI","SCBI_060","2017-02-24","2017-04-03",55,"NEON.PLA.D02.SCBI.06092","Increasing leaf size","no",,,,"gchapman@neoninc.org","llemmon@neoninc.org",,"legacyData"
"db8a7233-7096-4e89-9b85-d4379784560d","SCBI_060.phenology.phe","D02","SCBI","SCBI_060","2017-02-24","2017-04-03",55,"NEON.PLA.D02.SCBI.06095","Open flowers","no",,,,"gchapman@neoninc.org","llemmon@neoninc.org",,"legacyData"
"ff00694e-45ed-4775-bbf6-7d4739b2fa10","SCBI_060.phenology.phe","D02","SCBI","SCBI_060","2017-02-24","2017-04-03",55,"NEON.PLA.D02.SCBI.06136","Initial growth","no",,,,"gchapman@neoninc.org","llemmon@neoninc.org",,"legacyData"
