uid,namedLocation,domainID,siteID,plotID,date,editedDate,dayOfYear,individualID,phenophaseName,phenophaseStatus,phenophaseIntensityDefinition,phenophaseIntensity,samplingProtocolVersion,measuredBy,recordedBy,remarks,dataQF
"56c37c5a-8424-4fa6-9ef1-e1c7630eabfb","SERC_063.phenology.phe","D02","SERC","SERC_063","2017-12-05","2017-12-28",339,"NEON.PLA.D02.SERC.06261","Open flowers","no","Percentage of all fresh flowers (buds plus unopened plus open) on the plant that are open",,"NEON.DOC.014040vH","alandes@field-ops.org","jward@battelleecology.org","Seasonally dropped",
"9687f6da-c6ee-4ae1-9082-8318c668a043","SERC_063.phenology.phe","D02","SERC","SERC_063","2017-12-05","2017-12-28",339,"NEON.PLA.D02.SERC.06525","Falling leaves","yes",,,"NEON.DOC.014040vH","alandes@field-ops.org","jward@battelleecology.org",,
"2882cca0-fbbb-4eed-a963-df8ecfea2321","SERC_063.phenology.phe","D02","SERC","SERC_063","2017-12-05","2017-12-28",339,"NEON.PLA.D02.SERC.06525","Breaking leaf buds","no","Number of breaking buds",,"NEON.DOC.014040vH","alandes@field-ops.org","jward@battelleecology.org",,
"992f8efc-6f09-4095-8407-3b233514518e","SERC_063.phenology.phe","D02","SERC","SERC_063","2017-12-05","2017-12-28",339,"NEON.PLA.D02.SERC.06525","Increasing leaf size","no","Percentage of full size of most leaves",,"NEON.DOC.014040vH","alandes@field-ops.org","jward@battelleecology.org",,
"2b99a02a-131b-4ef6-80be-ac3ade5ed556","SERC_063.phenology.phe","D02","SERC","SERC_063","2017-12-05","2017-12-28",339,"NEON.PLA.D02.SERC.06261","Falling leaves","no",,,"NEON.DOC.014040vH","alandes@field-ops.org","jward@battelleecology.org","Seasonally dropped",
"592eb0d1-92e9-47bb-9761-7e7e54be7242","SERC_063.phenology.phe","D02","SERC","SERC_063","2017-12-05","2017-12-28",339,"NEON.PLA.D02.SERC.06261","Breaking leaf buds","no","Number of breaking buds",,"NEON.DOC.014040vH","alandes@field-ops.org","jward@battelleecology.org","Seasonally dropped",
"973a0088-0efc-4671-8caa-f13369913343","SERC_063.phenology.phe","D02","SERC","SERC_063","2017-12-05","2017-12-28",339,"NEON.PLA.D02.SERC.06525","Colored leaves","yes","Percentage of the canopy that is full with colored leaves","< 5%","NEON.DOC.014040vH","alandes@field-ops.org","jward@battelleecology.org",,
"df2ca7d9-e938-4f2e-89bf-da82dcaac87f","SERC_063.phenology.phe","D02","SERC","SERC_063","2017-12-05","2017-12-28",339,"NEON.PLA.D02.SERC.06525","Leaves","yes","Percentage of the canopy that is full with leaves","< 5%","NEON.DOC.014040vH","alandes@field-ops.org","jward@battelleecology.org",,
"647202c9-89c9-4e00-a18a-1acb0ef6a500","SERC_063.phenology.phe","D02","SERC","SERC_063","2017-12-05","2017-12-28",339,"NEON.PLA.D02.SERC.06261","Colored leaves","no","Percentage of the canopy that is full with colored leaves",,"NEON.DOC.014040vH","alandes@field-ops.org","jward@battelleecology.org","Seasonally dropped",
"b62b6717-030a-4a1d-8721-ca5c57056dc6","SERC_063.phenology.phe","D02","SERC","SERC_063","2017-12-05","2017-12-28",339,"NEON.PLA.D02.SERC.06261","Increasing leaf size","no","Percentage of full size of most leaves",,"NEON.DOC.014040vH","alandes@field-ops.org","jward@battelleecology.org","Seasonally dropped",
"c498c579-7152-42b2-8d4b-e8bf5607ef39","SERC_063.phenology.phe","D02","SERC","SERC_063","2017-12-05","2017-12-28",339,"NEON.PLA.D02.SERC.06525","Open flowers","no","Percentage of all fresh flowers (buds plus unopened plus open) on the plant that are open",,"NEON.DOC.014040vH","alandes@field-ops.org","jward@battelleecology.org",,
"2eec27eb-2d3c-4fb3-9fa2-7e6428d015fe","SERC_063.phenology.phe","D02","SERC","SERC_063","2017-12-05","2017-12-28",339,"NEON.PLA.D02.SERC.06261","Leaves","no","Percentage of the canopy that is full with leaves",,"NEON.DOC.014040vH","alandes@field-ops.org","jward@battelleecology.org","Seasonally dropped",
"a9b8270d-9af8-4809-a0a3-fcd4d82fd6ce","SERC_063.phenology.phe","D02","SERC","SERC_063","2017-12-05","2017-12-28",339,"NEON.PLA.D02.SERC.06582","Falling leaves","no",,,"NEON.DOC.014040vH","alandes@field-ops.org","jward@battelleecology.org","Seasonally dropped",
"8e6ead0a-0318-495d-9de2-09ba547b54fe","SERC_063.phenology.phe","D02","SERC","SERC_063","2017-12-05","2017-12-28",339,"NEON.PLA.D02.SERC.06568","Leaves","no","Percentage of the canopy that is full with leaves",,"NEON.DOC.014040vH","alandes@field-ops.org","jward@battelleecology.org","Seasonally dropped",
"33248af6-9ece-4422-9662-9e8e9ba9e082","SERC_063.phenology.phe","D02","SERC","SERC_063","2017-12-05","2017-12-28",339,"NEON.PLA.D02.SERC.06568","Breaking leaf buds","no","Number of breaking buds",,"NEON.DOC.014040vH","alandes@field-ops.org","jward@battelleecology.org","Seasonally dropped",
"f28f5c63-e451-48a6-9eed-46d8fce2e4fe","SERC_063.phenology.phe","D02","SERC","SERC_063","2017-12-05","2017-12-28",339,"NEON.PLA.D02.SERC.06526","Falling leaves","no",,,"NEON.DOC.014040vH","alandes@field-ops.org","jward@battelleecology.org","Seasonally dropped",
"c9cdbe64-8e08-47fe-9892-1c60ba49a54e","SERC_063.phenology.phe","D02","SERC","SERC_063","2017-12-05","2017-12-28",339,"NEON.PLA.D02.SERC.06573","Increasing leaf size","no","Percentage of full size of most leaves",,"NEON.DOC.014040vH","alandes@field-ops.org","jward@battelleecology.org","Seasonally dropped",
"9d2aa21f-d022-48b1-a1d2-65868c343e6c","SERC_063.phenology.phe","D02","SERC","SERC_063","2017-12-05","2017-12-28",339,"NEON.PLA.D02.SERC.06539","Increasing leaf size","no","Percentage of full size of most leaves",,"NEON.DOC.014040vH","alandes@field-ops.org","jward@battelleecology.org",,
"b34a152f-fa49-499c-ac82-d854c3823596","SERC_063.phenology.phe","D02","SERC","SERC_063","2017-12-05","2017-12-28",339,"NEON.PLA.D02.SERC.06573","Falling leaves","no",,,"NEON.DOC.014040vH","alandes@field-ops.org","jward@battelleecology.org","Seasonally dropped",
"8b7f9cc4-b796-45d0-9995-6607fb8c6116","SERC_063.phenology.phe","D02","SERC","SERC_063","2017-12-05","2017-12-28",339,"NEON.PLA.D02.SERC.06562","Falling leaves","yes",,,"NEON.DOC.014040vH","alandes@field-ops.org","jward@battelleecology.org",,
"c8ac2983-8468-4dc4-9db3-ef7d3121d421","SERC_063.phenology.phe","D02","SERC","SERC_063","2017-12-05","2017-12-28",339,"NEON.PLA.D02.SERC.06562","Colored leaves","yes","Percentage of the canopy that is full with colored leaves","< 5%","NEON.DOC.014040vH","alandes@field-ops.org","jward@battelleecology.org",,
"771ec7a8-20be-4128-9d86-d98f9d7d8e10","SERC_063.phenology.phe","D02","SERC","SERC_063","2017-12-05","2017-12-28",339,"NEON.PLA.D02.SERC.06524","Colored leaves","yes","Percentage of the canopy that is full with colored leaves","< 5%","NEON.DOC.014040vH","alandes@field-ops.org","jward@battelleecology.org",,
"b006bef6-bc0b-4253-8460-f63c98516ca9","SERC_063.phenology.phe","D02","SERC","SERC_063","2017-12-05","2017-12-28",339,"NEON.PLA.D02.SERC.06576","Open flowers","no","Percentage of all fresh flowers (buds plus unopened plus open) on the plant that are open",,"NEON.DOC.014040vH","alandes@field-ops.org","jward@battelleecology.org",,
"77e74849-47c1-43c1-9c66-c4163eb352dc","SERC_063.phenology.phe","D02","SERC","SERC_063","2017-12-05","2017-12-28",339,"NEON.PLA.D02.SERC.06568","Falling leaves","no",,,"NEON.DOC.014040vH","alandes@field-ops.org","jward@battelleecology.org","Seasonally dropped",
"378edeee-d305-4534-a59e-6695d747ef5a","SERC_063.phenology.phe","D02","SERC","SERC_063","2017-12-05","2017-12-28",339,"NEON.PLA.D02.SERC.06582","Colored leaves","no","Percentage of the canopy that is full with colored leaves",,"NEON.DOC.014040vH","alandes@field-ops.org","jward@battelleecology.org","Seasonally dropped",
"231e8f40-c463-4c9c-945f-5e7a1d3d8707","SERC_063.phenology.phe","D02","SERC","SERC_063","2017-12-05","2017-12-28",339,"NEON.PLA.D02.SERC.06568","Increasing leaf size","no","Percentage of full size of most leaves",,"NEON.DOC.014040vH","alandes@field-ops.org","jward@battelleecology.org","Seasonally dropped",
"9b9f8edd-c1c1-4d58-b328-d5eb124014f6","SERC_063.phenology.phe","D02","SERC","SERC_063","2017-12-05","2017-12-28",339,"NEON.PLA.D02.SERC.06573","Colored leaves","no","Percentage of the canopy that is full with colored leaves",,"NEON.DOC.014040vH","alandes@field-ops.org","jward@battelleecology.org","Seasonally dropped",
"a1fd9fee-78d8-4573-aff0-8b7c9fde26ac","SERC_063.phenology.phe","D02","SERC","SERC_063","2017-12-05","2017-12-28",339,"NEON.PLA.D02.SERC.06526","Open flowers","no","Percentage of all fresh flowers (buds plus unopened plus open) on the plant that are open",,"NEON.DOC.014040vH","alandes@field-ops.org","jward@battelleecology.org","Seasonally dropped",
"565d8f08-9cc4-4e5a-be72-35f7b88348ff","SERC_063.phenology.phe","D02","SERC","SERC_063","2017-12-05","2017-12-28",339,"NEON.PLA.D02.SERC.06573","Breaking leaf buds","no","Number of breaking buds",,"NEON.DOC.014040vH","alandes@field-ops.org","jward@battelleecology.org","Seasonally dropped",
"c6ffd319-86b3-4a2c-bc1b-e1237087a3a3","SERC_063.phenology.phe","D02","SERC","SERC_063","2017-12-05","2017-12-28",339,"NEON.PLA.D02.SERC.06568","Open flowers","no","Percentage of all fresh flowers (buds plus unopened plus open) on the plant that are open",,"NEON.DOC.014040vH","alandes@field-ops.org","jward@battelleecology.org","Seasonally dropped",
"be01492d-8446-4246-b4f9-b3db1d3f36af","SERC_063.phenology.phe","D02","SERC","SERC_063","2017-12-05","2017-12-28",339,"NEON.PLA.D02.SERC.06576","Breaking leaf buds","no","Number of breaking buds",,"NEON.DOC.014040vH","alandes@field-ops.org","jward@battelleecology.org",,
"ae7cfa1d-14a7-4c72-a5b6-e04e2e0e1bdc","SERC_063.phenology.phe","D02","SERC","SERC_063","2017-12-05","2017-12-28",339,"NEON.PLA.D02.SERC.06556","Leaves","yes","Percentage of the canopy that is full with leaves","< 5%","NEON.DOC.014040vH","alandes@field-ops.org","jward@battelleecology.org",,
"055123c1-94f3-45d0-8272-79dd0ce51223","SERC_063.phenology.phe","D02","SERC","SERC_063","2017-12-05","2017-12-28",339,"NEON.PLA.D02.SERC.06524","Breaking leaf buds","no","Number of breaking buds",,"NEON.DOC.014040vH","alandes@field-ops.org","jward@battelleecology.org",,
"c623f424-38f9-4667-8f89-f52c0223ea69","SERC_063.phenology.phe","D02","SERC","SERC_063","2017-12-05","2017-12-28",339,"NEON.PLA.D02.SERC.06539","Open flowers","no","Percentage of all fresh flowers (buds plus unopened plus open) on the plant that are open",,"NEON.DOC.014040vH","alandes@field-ops.org","jward@battelleecology.org",,
"29482a6c-53f5-40dc-88cd-cfd454edd1db","SERC_063.phenology.phe","D02","SERC","SERC_063","2017-12-05","2017-12-28",339,"NEON.PLA.D02.SERC.06576","Falling leaves","yes",,,"NEON.DOC.014040vH","alandes@field-ops.org","jward@battelleecology.org",,
"1d257443-d385-4bb1-9546-0f54e42cd350","SERC_063.phenology.phe","D02","SERC","SERC_063","2017-12-05","2017-12-28",339,"NEON.PLA.D02.SERC.06576","Leaves","yes","Percentage of the canopy that is full with leaves","< 5%","NEON.DOC.014040vH","alandes@field-ops.org","jward@battelleecology.org",,
"672e6f92-51b9-483f-8281-687823688d37","SERC_063.phenology.phe","D02","SERC","SERC_063","2017-12-05","2017-12-28",339,"NEON.PLA.D02.SERC.06526","Leaves","no","Percentage of the canopy that is full with leaves",,"NEON.DOC.014040vH","alandes@field-ops.org","jward@battelleecology.org","Seasonally dropped",
"20c9c061-d4ae-4381-bf6f-4eba33059ce9","SERC_063.phenology.phe","D02","SERC","SERC_063","2017-12-05","2017-12-28",339,"NEON.PLA.D02.SERC.06562","Breaking leaf buds","no","Number of breaking buds",,"NEON.DOC.014040vH","alandes@field-ops.org","jward@battelleecology.org",,
"1e28dc40-370a-4b00-90c1-7f7c1dbc9620","SERC_063.phenology.phe","D02","SERC","SERC_063","2017-12-05","2017-12-28",339,"NEON.PLA.D02.SERC.06526","Increasing leaf size","no","Percentage of full size of most leaves",,"NEON.DOC.014040vH","alandes@field-ops.org","jward@battelleecology.org","Seasonally dropped",
"7db4eedd-dbcd-4254-bef1-898ad6e3c7ba","SERC_063.phenology.phe","D02","SERC","SERC_063","2017-12-05","2017-12-28",339,"NEON.PLA.D02.SERC.06562","Increasing leaf size","no","Percentage of full size of most leaves",,"NEON.DOC.014040vH","alandes@field-ops.org","jward@battelleecology.org",,
"377a197c-a35f-4dd9-9c71-3dce8a433ca9","SERC_063.phenology.phe","D02","SERC","SERC_063","2017-12-05","2017-12-28",339,"NEON.PLA.D02.SERC.06524","Increasing leaf size","no","Percentage of full size of most leaves",,"NEON.DOC.014040vH","alandes@field-ops.org","jward@battelleecology.org",,
"a771cf74-b96b-48dd-888f-2751bb49d7bd","SERC_063.phenology.phe","D02","SERC","SERC_063","2017-12-05","2017-12-28",339,"NEON.PLA.D02.SERC.06556","Colored leaves","yes","Percentage of the canopy that is full with colored leaves","< 5%","NEON.DOC.014040vH","alandes@field-ops.org","jward@battelleecology.org",,
"c78d6236-dc2f-4669-93a1-eabd33387a82","SERC_063.phenology.phe","D02","SERC","SERC_063","2017-12-05","2017-12-28",339,"NEON.PLA.D02.SERC.06573","Leaves","no","Percentage of the canopy that is full with leaves",,"NEON.DOC.014040vH","alandes@field-ops.org","jward@battelleecology.org","Seasonally dropped",
"97ccf91f-7109-4773-a9d3-e8f6f89aaaa6","SERC_063.phenology.phe","D02","SERC","SERC_063","2017-12-05","2017-12-28",339,"NEON.PLA.D02.SERC.06526","Colored leaves","no","Percentage of the canopy that is full with colored leaves",,"NEON.DOC.014040vH","alandes@field-ops.org","jward@battelleecology.org","Seasonally dropped",
"53656167-5f60-426e-8fba-eb7c2b81ec35","SERC_063.phenology.phe","D02","SERC","SERC_063","2017-12-05","2017-12-28",339,"NEON.PLA.D02.SERC.06526","Breaking leaf buds","no","Number of breaking buds",,"NEON.DOC.014040vH","alandes@field-ops.org","jward@battelleecology.org","Seasonally dropped",
"4172e402-3a6f-4204-8b64-5a9ca14f6d83","SERC_063.phenology.phe","D02","SERC","SERC_063","2017-12-05","2017-12-28",339,"NEON.PLA.D02.SERC.06568","Colored leaves","no","Percentage of the canopy that is full with colored leaves",,"NEON.DOC.014040vH","alandes@field-ops.org","jward@battelleecology.org","Seasonally dropped",
"b8c44c6a-c018-4297-afd2-f6c9e1d043cf","SERC_063.phenology.phe","D02","SERC","SERC_063","2017-12-05","2017-12-28",339,"NEON.PLA.D02.SERC.06562","Open flowers","no","Percentage of all fresh flowers (buds plus unopened plus open) on the plant that are open",,"NEON.DOC.014040vH","alandes@field-ops.org","jward@battelleecology.org",,
"3e348473-a445-4f1f-a618-30ef9f80024a","SERC_063.phenology.phe","D02","SERC","SERC_063","2017-12-05","2017-12-28",339,"NEON.PLA.D02.SERC.06539","Breaking leaf buds","no","Number of breaking buds",,"NEON.DOC.014040vH","alandes@field-ops.org","jward@battelleecology.org",,
"b7a51ed1-a173-4efc-879a-5058c87d34b0","SERC_063.phenology.phe","D02","SERC","SERC_063","2017-12-05","2017-12-28",339,"NEON.PLA.D02.SERC.06576","Increasing leaf size","no","Percentage of full size of most leaves",,"NEON.DOC.014040vH","alandes@field-ops.org","jward@battelleecology.org",,
"06704436-8f5b-42ef-aa90-7ac28299e9a7","SERC_063.phenology.phe","D02","SERC","SERC_063","2017-12-05","2017-12-28",339,"NEON.PLA.D02.SERC.06576","Colored leaves","yes","Percentage of the canopy that is full with colored leaves","< 5%","NEON.DOC.014040vH","alandes@field-ops.org","jward@battelleecology.org",,
"1377cd2c-2cbc-4007-9bca-48de2e0a3a71","SERC_063.phenology.phe","D02","SERC","SERC_063","2017-12-05","2017-12-28",339,"NEON.PLA.D02.SERC.06539","Falling leaves","yes",,,"NEON.DOC.014040vH","alandes@field-ops.org","jward@battelleecology.org",,
"67c2a8ca-efde-4890-8140-dd3ab687561a","SERC_063.phenology.phe","D02","SERC","SERC_063","2017-12-05","2017-12-28",339,"NEON.PLA.D02.SERC.06556","Increasing leaf size","no","Percentage of full size of most leaves",,"NEON.DOC.014040vH","alandes@field-ops.org","jward@battelleecology.org",,
"187127d4-2d9a-411a-857d-a0cde998f411","SERC_063.phenology.phe","D02","SERC","SERC_063","2017-12-05","2017-12-28",339,"NEON.PLA.D02.SERC.06556","Falling leaves","yes",,,"NEON.DOC.014040vH","alandes@field-ops.org","jward@battelleecology.org",,
"4dc67dea-d425-4520-a49c-b9d6a13f9ee0","SERC_063.phenology.phe","D02","SERC","SERC_063","2017-12-05","2017-12-28",339,"NEON.PLA.D02.SERC.06556","Breaking leaf buds","no","Number of breaking buds",,"NEON.DOC.014040vH","alandes@field-ops.org","jward@battelleecology.org",,
"05c67542-5ca9-48b3-8ad5-c88020f3a73f","SERC_063.phenology.phe","D02","SERC","SERC_063","2017-12-05","2017-12-28",339,"NEON.PLA.D02.SERC.06539","Leaves","yes","Percentage of the canopy that is full with leaves","< 5%","NEON.DOC.014040vH","alandes@field-ops.org","jward@battelleecology.org",,
"a751dda1-c8ba-4a53-966b-93bb8591fd3e","SERC_063.phenology.phe","D02","SERC","SERC_063","2017-12-05","2017-12-28",339,"NEON.PLA.D02.SERC.06524","Falling leaves","yes",,,"NEON.DOC.014040vH","alandes@field-ops.org","jward@battelleecology.org",,
"cc076abf-69d5-4ff3-9538-03fc2e874640","SERC_063.phenology.phe","D02","SERC","SERC_063","2017-12-05","2017-12-28",339,"NEON.PLA.D02.SERC.06539","Colored leaves","yes","Percentage of the canopy that is full with colored leaves","< 5%","NEON.DOC.014040vH","alandes@field-ops.org","jward@battelleecology.org",,
"00a9d768-8138-4195-9316-5d910a64f180","SERC_063.phenology.phe","D02","SERC","SERC_063","2017-12-05","2017-12-28",339,"NEON.PLA.D02.SERC.06562","Leaves","yes","Percentage of the canopy that is full with leaves","< 5%","NEON.DOC.014040vH","alandes@field-ops.org","jward@battelleecology.org",,
"271de6f5-46e6-4d88-95ea-75451af4ebf2","SERC_063.phenology.phe","D02","SERC","SERC_063","2017-12-05","2017-12-28",339,"NEON.PLA.D02.SERC.06524","Leaves","yes","Percentage of the canopy that is full with leaves","< 5%","NEON.DOC.014040vH","alandes@field-ops.org","jward@battelleecology.org",,
"ac89d97a-0c9d-4786-8f78-aafee0136011","SERC_063.phenology.phe","D02","SERC","SERC_063","2017-12-05","2017-12-28",339,"NEON.PLA.D02.SERC.06556","Open flowers","no","Percentage of all fresh flowers (buds plus unopened plus open) on the plant that are open",,"NEON.DOC.014040vH","alandes@field-ops.org","jward@battelleecology.org",,
"8e489770-8f02-42cf-84ed-890f08c4ff3e","SERC_063.phenology.phe","D02","SERC","SERC_063","2017-12-05","2017-12-28",339,"NEON.PLA.D02.SERC.06524","Open flowers","no","Percentage of all fresh flowers (buds plus unopened plus open) on the plant that are open",,"NEON.DOC.014040vH","alandes@field-ops.org","jward@battelleecology.org",,
"8bb9504e-274f-4da1-8264-e4e948b6f914","SERC_063.phenology.phe","D02","SERC","SERC_063","2017-12-05","2017-12-28",339,"NEON.PLA.D02.SERC.06573","Open flowers","no","Percentage of all fresh flowers (buds plus unopened plus open) on the plant that are open",,"NEON.DOC.014040vH","alandes@field-ops.org","jward@battelleecology.org","Seasonally dropped",
"2bfc3bdc-fff4-4fbc-90b2-a8392aefe043","SERC_063.phenology.phe","D02","SERC","SERC_063","2017-12-05","2017-12-28",339,"NEON.PLA.D02.SERC.06595","Colored leaves","no","Percentage of the canopy that is full with colored leaves",,"NEON.DOC.014040vH","alandes@field-ops.org","jward@battelleecology.org","Seasonally dropped",
"d84a622e-9aac-4e23-8339-aaa99bdc41c2","SERC_063.phenology.phe","D02","SERC","SERC_063","2017-12-05","2017-12-28",339,"NEON.PLA.D02.SERC.06593","Leaves","no","Percentage of the canopy that is full with leaves",,"NEON.DOC.014040vH","alandes@field-ops.org","jward@battelleecology.org","Seasonally dropped",
"acf7de29-facd-4481-adf7-14291f8d86d4","SERC_063.phenology.phe","D02","SERC","SERC_063","2017-12-05","2017-12-28",339,"NEON.PLA.D02.SERC.06591","Breaking leaf buds","no","Number of breaking buds",,"NEON.DOC.014040vH","alandes@field-ops.org","jward@battelleecology.org",,
"cb67f63e-1ac5-4b79-b4db-a667d74882d6","SERC_063.phenology.phe","D02","SERC","SERC_063","2017-12-05","2017-12-28",339,"NEON.PLA.D02.SERC.06582","Leaves","no","Percentage of the canopy that is full with leaves",,"NEON.DOC.014040vH","alandes@field-ops.org","jward@battelleecology.org","Seasonally dropped",
"9edcb0fd-95a7-4e68-8b3f-f93b62b5d017","SERC_063.phenology.phe","D02","SERC","SERC_063","2017-12-05","2017-12-28",339,"NEON.PLA.D02.SERC.06582","Breaking leaf buds","no","Number of breaking buds",,"NEON.DOC.014040vH","alandes@field-ops.org","jward@battelleecology.org","Seasonally dropped",
"9fc5dd10-5c00-4794-bd84-43d6699455a6","SERC_063.phenology.phe","D02","SERC","SERC_063","2017-12-05","2017-12-28",339,"NEON.PLA.D02.SERC.06599","Colored leaves","no","Percentage of the canopy that is full with colored leaves",,"NEON.DOC.014040vH","alandes@field-ops.org","jward@battelleecology.org","Seasonally dropped",
"5f9883cb-9fc5-441d-a810-2369fa0b1854","SERC_063.phenology.phe","D02","SERC","SERC_063","2017-12-05","2017-12-28",339,"NEON.PLA.D02.SERC.06591","Colored leaves","yes","Percentage of the canopy that is full with colored leaves","< 5%","NEON.DOC.014040vH","alandes@field-ops.org","jward@battelleecology.org",,
"dbfa612f-2f97-4cab-b489-ea6cb16b79c4","SERC_063.phenology.phe","D02","SERC","SERC_063","2017-12-05","2017-12-28",339,"NEON.PLA.D02.SERC.06587","Falling leaves","no",,,"NEON.DOC.014040vH","alandes@field-ops.org","jward@battelleecology.org","Seasonally dropped",
"0032ac2f-6ff8-4dbb-b620-2dfc5c0f2de0","SERC_063.phenology.phe","D02","SERC","SERC_063","2017-12-05","2017-12-28",339,"NEON.PLA.D02.SERC.06600","Leaves","no","Percentage of the canopy that is full with leaves",,"NEON.DOC.014040vH","alandes@field-ops.org","jward@battelleecology.org","Seasonally dropped",
"5e28007f-df43-4b2b-af5d-7549055c89ca","SERC_063.phenology.phe","D02","SERC","SERC_063","2017-12-05","2017-12-28",339,"NEON.PLA.D02.SERC.06593","Open flowers","no","Percentage of all fresh flowers (buds plus unopened plus open) on the plant that are open",,"NEON.DOC.014040vH","alandes@field-ops.org","jward@battelleecology.org","Seasonally dropped",
"65e2c6e6-4ac8-4bcb-b45b-bf236bf21713","SERC_063.phenology.phe","D02","SERC","SERC_063","2017-12-05","2017-12-28",339,"NEON.PLA.D02.SERC.06600","Falling leaves","no",,,"NEON.DOC.014040vH","alandes@field-ops.org","jward@battelleecology.org","Seasonally dropped",
"056984d9-7b43-4422-8a84-0ec52d6fe15c","SERC_063.phenology.phe","D02","SERC","SERC_063","2017-12-05","2017-12-28",339,"NEON.PLA.D02.SERC.06599","Leaves","no","Percentage of the canopy that is full with leaves",,"NEON.DOC.014040vH","alandes@field-ops.org","jward@battelleecology.org","Seasonally dropped",
"050b189e-3c3e-4705-9c3c-bbe3cd89a182","SERC_063.phenology.phe","D02","SERC","SERC_063","2017-12-05","2017-12-28",339,"NEON.PLA.D02.SERC.06587","Leaves","no","Percentage of the canopy that is full with leaves",,"NEON.DOC.014040vH","alandes@field-ops.org","jward@battelleecology.org","Seasonally dropped",
"9b63a753-ebf9-424a-8499-4759b77424bb","SERC_063.phenology.phe","D02","SERC","SERC_063","2017-12-05","2017-12-28",339,"NEON.PLA.D02.SERC.06600","Colored leaves","no","Percentage of the canopy that is full with colored leaves",,"NEON.DOC.014040vH","alandes@field-ops.org","jward@battelleecology.org","Seasonally dropped",
"d85e2a3a-3c9d-489a-a084-e4b6444b81d8","SERC_063.phenology.phe","D02","SERC","SERC_063","2017-12-05","2017-12-28",339,"NEON.PLA.D02.SERC.06596","Colored leaves","no","Percentage of the canopy that is full with colored leaves",,"NEON.DOC.014040vH","alandes@field-ops.org","jward@battelleecology.org","Seasonally dropped",
"71c292cb-a849-4902-bcb2-c01c48c5a2a0","SERC_063.phenology.phe","D02","SERC","SERC_063","2017-12-05","2017-12-28",339,"NEON.PLA.D02.SERC.06591","Leaves","yes","Percentage of the canopy that is full with leaves","< 5%","NEON.DOC.014040vH","alandes@field-ops.org","jward@battelleecology.org",,
"b4aefcda-b5bf-4fc6-b13f-6ffc39c8d33e","SERC_063.phenology.phe","D02","SERC","SERC_063","2017-12-05","2017-12-28",339,"NEON.PLA.D02.SERC.06592","Falling leaves","no",,,"NEON.DOC.014040vH","alandes@field-ops.org","jward@battelleecology.org","Seasonally dropped",
"f8e91c1b-31e6-45cf-bf18-61d36ac885c2","SERC_063.phenology.phe","D02","SERC","SERC_063","2017-12-05","2017-12-28",339,"NEON.PLA.D02.SERC.06596","Open flowers","no","Percentage of all fresh flowers (buds plus unopened plus open) on the plant that are open",,"NEON.DOC.014040vH","alandes@field-ops.org","jward@battelleecology.org","Seasonally dropped",
"f236486e-b62e-4887-ae7f-f699c3c7785a","SERC_063.phenology.phe","D02","SERC","SERC_063","2017-12-05","2017-12-28",339,"NEON.PLA.D02.SERC.06591","Falling leaves","yes",,,"NEON.DOC.014040vH","alandes@field-ops.org","jward@battelleecology.org",,
"408b2d90-8756-420d-b75d-117d053aac71","SERC_063.phenology.phe","D02","SERC","SERC_063","2017-12-05","2017-12-28",339,"NEON.PLA.D02.SERC.06592","Colored leaves","no","Percentage of the canopy that is full with colored leaves",,"NEON.DOC.014040vH","alandes@field-ops.org","jward@battelleecology.org","Seasonally dropped",
"cae201b8-8133-489b-a09f-396871cbe6af","SERC_063.phenology.phe","D02","SERC","SERC_063","2017-12-05","2017-12-28",339,"NEON.PLA.D02.SERC.06587","Colored leaves","no","Percentage of the canopy that is full with colored leaves",,"NEON.DOC.014040vH","alandes@field-ops.org","jward@battelleecology.org","Seasonally dropped",
"23f202c6-133b-4543-bd25-acd28ff98955","SERC_063.phenology.phe","D02","SERC","SERC_063","2017-12-05","2017-12-28",339,"NEON.PLA.D02.SERC.06582","Open flowers","no","Percentage of all fresh flowers (buds plus unopened plus open) on the plant that are open",,"NEON.DOC.014040vH","alandes@field-ops.org","jward@battelleecology.org","Seasonally dropped",
"c007d79c-75f2-4554-9442-ed3765e26d9a","SERC_063.phenology.phe","D02","SERC","SERC_063","2017-12-05","2017-12-28",339,"NEON.PLA.D02.SERC.06599","Breaking leaf buds","no","Number of breaking buds",,"NEON.DOC.014040vH","alandes@field-ops.org","jward@battelleecology.org","Seasonally dropped",
"3251711d-6116-46a1-a697-18939c0f5b65","SERC_063.phenology.phe","D02","SERC","SERC_063","2017-12-05","2017-12-28",339,"NEON.PLA.D02.SERC.06587","Breaking leaf buds","no","Number of breaking buds",,"NEON.DOC.014040vH","alandes@field-ops.org","jward@battelleecology.org","Seasonally dropped",
"2eac15ee-45b1-4924-b857-a2604b38a8ed","SERC_063.phenology.phe","D02","SERC","SERC_063","2017-12-05","2017-12-28",339,"NEON.PLA.D02.SERC.06592","Leaves","no","Percentage of the canopy that is full with leaves",,"NEON.DOC.014040vH","alandes@field-ops.org","jward@battelleecology.org","Seasonally dropped",
"5af74577-90d4-4571-a582-f933daf61c11","SERC_063.phenology.phe","D02","SERC","SERC_063","2017-12-05","2017-12-28",339,"NEON.PLA.D02.SERC.06593","Colored leaves","no","Percentage of the canopy that is full with colored leaves",,"NEON.DOC.014040vH","alandes@field-ops.org","jward@battelleecology.org","Seasonally dropped",
"68be3322-f9e0-4a0a-873b-a11ca6f231ac","SERC_063.phenology.phe","D02","SERC","SERC_063","2017-12-05","2017-12-28",339,"NEON.PLA.D02.SERC.06592","Breaking leaf buds","no","Number of breaking buds",,"NEON.DOC.014040vH","alandes@field-ops.org","jward@battelleecology.org","Seasonally dropped",
"fb3c16ba-2700-4267-90c4-ff508d021bbf","SERC_063.phenology.phe","D02","SERC","SERC_063","2017-12-05","2017-12-28",339,"NEON.PLA.D02.SERC.06591","Increasing leaf size","no","Percentage of full size of most leaves",,"NEON.DOC.014040vH","alandes@field-ops.org","jward@battelleecology.org",,
"993827a7-cbaf-4405-a7b7-08655d709803","SERC_063.phenology.phe","D02","SERC","SERC_063","2017-12-05","2017-12-28",339,"NEON.PLA.D02.SERC.06596","Falling leaves","no",,,"NEON.DOC.014040vH","alandes@field-ops.org","jward@battelleecology.org","Seasonally dropped",
"41472341-db10-4877-879e-9d0e0dd400bf","SERC_063.phenology.phe","D02","SERC","SERC_063","2017-12-05","2017-12-28",339,"NEON.PLA.D02.SERC.06599","Falling leaves","no",,,"NEON.DOC.014040vH","alandes@field-ops.org","jward@battelleecology.org","Seasonally dropped",
"4751b9b2-048c-4623-99ca-39d3d10491cb","SERC_063.phenology.phe","D02","SERC","SERC_063","2017-12-05","2017-12-28",339,"NEON.PLA.D02.SERC.06596","Leaves","no","Percentage of the canopy that is full with leaves",,"NEON.DOC.014040vH","alandes@field-ops.org","jward@battelleecology.org","Seasonally dropped",
"ad8ac314-e531-44df-9a67-0bccde3082df","SERC_063.phenology.phe","D02","SERC","SERC_063","2017-12-05","2017-12-28",339,"NEON.PLA.D02.SERC.06582","Increasing leaf size","no","Percentage of full size of most leaves",,"NEON.DOC.014040vH","alandes@field-ops.org","jward@battelleecology.org","Seasonally dropped",
"f09d57fa-3c32-4e62-8cf7-e07a631cb306","SERC_063.phenology.phe","D02","SERC","SERC_063","2017-12-05","2017-12-28",339,"NEON.PLA.D02.SERC.06595","Breaking leaf buds","no","Number of breaking buds",,"NEON.DOC.014040vH","alandes@field-ops.org","jward@battelleecology.org","Seasonally dropped",
"5dd70370-59da-4e66-b338-17700f6e7760","SERC_063.phenology.phe","D02","SERC","SERC_063","2017-12-05","2017-12-28",339,"NEON.PLA.D02.SERC.06599","Open flowers","no","Percentage of all fresh flowers (buds plus unopened plus open) on the plant that are open",,"NEON.DOC.014040vH","alandes@field-ops.org","jward@battelleecology.org","Seasonally dropped",
"a5d90b5a-fa72-4fef-a178-e3808144b4ec","SERC_063.phenology.phe","D02","SERC","SERC_063","2017-12-05","2017-12-28",339,"NEON.PLA.D02.SERC.06596","Breaking leaf buds","no","Number of breaking buds",,"NEON.DOC.014040vH","alandes@field-ops.org","jward@battelleecology.org","Seasonally dropped",
"1d3a58fa-d808-4dac-b635-7128794514b5","SERC_063.phenology.phe","D02","SERC","SERC_063","2017-12-05","2017-12-28",339,"NEON.PLA.D02.SERC.06595","Falling leaves","no",,,"NEON.DOC.014040vH","alandes@field-ops.org","jward@battelleecology.org","Seasonally dropped",
"1b3d222c-c606-4de5-8ad9-83ef2d4df39c","SERC_063.phenology.phe","D02","SERC","SERC_063","2017-12-05","2017-12-28",339,"NEON.PLA.D02.SERC.06587","Open flowers","no","Percentage of all fresh flowers (buds plus unopened plus open) on the plant that are open",,"NEON.DOC.014040vH","alandes@field-ops.org","jward@battelleecology.org","Seasonally dropped",
"6d844e91-47a7-4b4a-a8ed-bb9071dbf085","SERC_063.phenology.phe","D02","SERC","SERC_063","2017-12-05","2017-12-28",339,"NEON.PLA.D02.SERC.06595","Increasing leaf size","no","Percentage of full size of most leaves",,"NEON.DOC.014040vH","alandes@field-ops.org","jward@battelleecology.org","Seasonally dropped",
"01d7129d-9d68-4b19-9da7-b9d63723994b","SERC_063.phenology.phe","D02","SERC","SERC_063","2017-12-05","2017-12-28",339,"NEON.PLA.D02.SERC.06592","Increasing leaf size","no","Percentage of full size of most leaves",,"NEON.DOC.014040vH","alandes@field-ops.org","jward@battelleecology.org","Seasonally dropped",
"08a09b84-3971-45fe-a055-9edc60bd0308","SERC_063.phenology.phe","D02","SERC","SERC_063","2017-12-05","2017-12-28",339,"NEON.PLA.D02.SERC.06593","Falling leaves","no",,,"NEON.DOC.014040vH","alandes@field-ops.org","jward@battelleecology.org","Seasonally dropped",
"33d6cc5b-efa2-47ce-b81f-3a0631df989a","SERC_063.phenology.phe","D02","SERC","SERC_063","2017-12-05","2017-12-28",339,"NEON.PLA.D02.SERC.06593","Increasing leaf size","no","Percentage of full size of most leaves",,"NEON.DOC.014040vH","alandes@field-ops.org","jward@battelleecology.org","Seasonally dropped",
"0a4306ca-3ac0-4377-af50-95f55f42151b","SERC_063.phenology.phe","D02","SERC","SERC_063","2017-12-05","2017-12-28",339,"NEON.PLA.D02.SERC.06599","Increasing leaf size","no","Percentage of full size of most leaves",,"NEON.DOC.014040vH","alandes@field-ops.org","jward@battelleecology.org","Seasonally dropped",
"3ca28778-8def-473b-a190-3d39b150ddad","SERC_063.phenology.phe","D02","SERC","SERC_063","2017-12-05","2017-12-28",339,"NEON.PLA.D02.SERC.06600","Open flowers","no","Percentage of all fresh flowers (buds plus unopened plus open) on the plant that are open",,"NEON.DOC.014040vH","alandes@field-ops.org","jward@battelleecology.org","Seasonally dropped",
"ba65df38-f364-43ee-9f55-8c09a63f80bf","SERC_063.phenology.phe","D02","SERC","SERC_063","2017-12-05","2017-12-28",339,"NEON.PLA.D02.SERC.06591","Open flowers","no","Percentage of all fresh flowers (buds plus unopened plus open) on the plant that are open",,"NEON.DOC.014040vH","alandes@field-ops.org","jward@battelleecology.org",,
"bba3e8d6-ced8-4ff4-8254-0e09bc712a43","SERC_063.phenology.phe","D02","SERC","SERC_063","2017-12-05","2017-12-28",339,"NEON.PLA.D02.SERC.06587","Increasing leaf size","no","Percentage of full size of most leaves",,"NEON.DOC.014040vH","alandes@field-ops.org","jward@battelleecology.org","Seasonally dropped",
"0bdfc37e-de57-432b-998c-874c5f434c62","SERC_063.phenology.phe","D02","SERC","SERC_063","2017-12-05","2017-12-28",339,"NEON.PLA.D02.SERC.06593","Breaking leaf buds","no","Number of breaking buds",,"NEON.DOC.014040vH","alandes@field-ops.org","jward@battelleecology.org","Seasonally dropped",
"6bc9fbe0-bfde-4aae-8967-150a4ac27312","SERC_063.phenology.phe","D02","SERC","SERC_063","2017-12-05","2017-12-28",339,"NEON.PLA.D02.SERC.06595","Open flowers","no","Percentage of all fresh flowers (buds plus unopened plus open) on the plant that are open",,"NEON.DOC.014040vH","alandes@field-ops.org","jward@battelleecology.org","Seasonally dropped",
"2607bcd7-1f4a-426f-a39d-f26310297ffa","SERC_063.phenology.phe","D02","SERC","SERC_063","2017-12-05","2017-12-28",339,"NEON.PLA.D02.SERC.06592","Open flowers","no","Percentage of all fresh flowers (buds plus unopened plus open) on the plant that are open",,"NEON.DOC.014040vH","alandes@field-ops.org","jward@battelleecology.org","Seasonally dropped",
"5f801dc1-244c-459e-86af-597aae3ef14c","SERC_063.phenology.phe","D02","SERC","SERC_063","2017-12-05","2017-12-28",339,"NEON.PLA.D02.SERC.06596","Increasing leaf size","no","Percentage of full size of most leaves",,"NEON.DOC.014040vH","alandes@field-ops.org","jward@battelleecology.org","Seasonally dropped",
"193fea61-0326-4450-af54-768f00c9544e","SERC_063.phenology.phe","D02","SERC","SERC_063","2017-12-05","2017-12-28",339,"NEON.PLA.D02.SERC.06595","Leaves","no","Percentage of the canopy that is full with leaves",,"NEON.DOC.014040vH","alandes@field-ops.org","jward@battelleecology.org","Seasonally dropped",
"1b766360-7010-45eb-8956-4223b455d127","SERC_063.phenology.phe","D02","SERC","SERC_063","2017-12-05","2017-12-28",339,"NEON.PLA.D02.SERC.06600","Increasing leaf size","no","Percentage of full size of most leaves",,"NEON.DOC.014040vH","alandes@field-ops.org","jward@battelleecology.org","Seasonally dropped",
"f1f3ccb4-8905-43dd-bdd0-59d5595c3cba","SERC_063.phenology.phe","D02","SERC","SERC_063","2017-12-05","2017-12-28",339,"NEON.PLA.D02.SERC.06600","Breaking leaf buds","no","Number of breaking buds",,"NEON.DOC.014040vH","alandes@field-ops.org","jward@battelleecology.org","Seasonally dropped",
